IR after lowering = {
    (%0) = "builtin.constant" [id:2016] () {origin_id:2014,persistable:[true],value:"constant_folding@_174521851658966282064"} : () -> cpu_tensor<3xi64>
    (%1) = "builtin.constant" [id:2017] () {origin_id:2005,persistable:[true],value:"constant_folding@_174521851657900260063"} : () -> cpu_tensor<i64>
    (%2) = "builtin.parameter" [id:2018] () {origin_id:1996,parameter_name:"constant_folding@_174521851656800928162",persistable:[true],stop_gradient:[false]} : () -> custom_device_tensor<f32>
    (%3) = "builtin.constant" [id:2019] () {origin_id:1987,persistable:[true],value:"constant_folding@_174521851655704932161"} : () -> cpu_tensor<1xf32>
    (%4) = "builtin.constant" [id:2020] () {origin_id:1978,persistable:[true],value:"constant_folding@_174521851654203266160"} : () -> cpu_tensor<i64>
    (%5) = "builtin.constant" [id:2021] () {origin_id:1956,persistable:[true],value:"constant_folding@_174521851650320418258"} : () -> cpu_tensor<1xi32>
    (%6) = "builtin.constant" [id:2022] () {origin_id:1947,persistable:[true],value:"constant_folding@_174521851648933759257"} : () -> cpu_tensor<i64>
    (%7) = "builtin.constant" [id:2023] () {origin_id:1925,persistable:[true],value:"constant_folding@_174521851646524997255"} : () -> cpu_tensor<i64>
    (%8) = "builtin.constant" [id:2024] () {origin_id:1912,persistable:[true],value:"constant_folding@_174521851645254726254"} : () -> cpu_tensor<i64>
    (%9) = "builtin.constant" [id:2025] () {origin_id:1899,persistable:[true],value:"constant_folding@_174521851644141361253"} : () -> cpu_tensor<i64>
    (%10) = "builtin.constant" [id:2026] () {origin_id:1890,persistable:[true],value:"constant_folding@_174521851643067642352"} : () -> cpu_tensor<0xi64>
    (%11) = "builtin.parameter" [id:2027] () {origin_id:1881,parameter_name:"constant_folding@_174521851641085011351",persistable:[true],stop_gradient:[false]} : () -> custom_device_tensor<i32>
    (%12) = "builtin.constant" [id:2028] () {origin_id:1872,persistable:[true],value:"constant_folding@_174521851639742309350"} : () -> cpu_tensor<1xf32>
    (%13) = "builtin.constant" [id:2029] () {origin_id:1863,persistable:[true],value:"constant_folding@_174521851637647249349"} : () -> cpu_tensor<i64>
    (%14) = "builtin.parameter" [id:2030] () {origin_id:1854,parameter_name:"constant_folding@_174521851636292209448",persistable:[true],stop_gradient:[false]} : () -> custom_device_tensor<1x256x1x1xf32>
    (%15) = "builtin.constant" [id:2031] () {origin_id:1832,persistable:[true],value:"constant_folding@_174521851634116350446"} : () -> cpu_tensor<0xi64>
    (%16) = "builtin.parameter" [id:2032] () {origin_id:1823,parameter_name:"constant_folding@_174521851632977055445",persistable:[true],stop_gradient:[false]} : () -> custom_device_tensor<1x1x1xf32>
    (%17) = "builtin.constant" [id:2033] () {origin_id:1814,persistable:[true],value:"constant_folding@_174521851631400097444"} : () -> cpu_tensor<i64>
    (%18) = "builtin.constant" [id:2034] () {origin_id:1805,persistable:[true],value:"constant_folding@_174521851630301719443"} : () -> cpu_tensor<1xf32>
    (%19) = "builtin.constant" [id:2035] () {origin_id:1796,persistable:[true],value:"constant_folding@_174521851628333812542"} : () -> cpu_tensor<1xf32>
    (%20) = "builtin.constant" [id:2036] () {origin_id:1784,persistable:[true],value:"constant_folding@_174521851622731044541"} : () -> cpu_tensor<i64>
    (%21) = "builtin.constant" [id:2037] () {origin_id:1771,persistable:[true],value:"constant_folding@_174521851621460025640"} : () -> cpu_tensor<i64>
    (%22) = "builtin.constant" [id:2038] () {origin_id:1758,persistable:[true],value:"constant_folding@_174521851620358852639"} : () -> cpu_tensor<0xi64>
    (%23) = "builtin.constant" [id:2039] () {origin_id:1749,persistable:[true],value:"constant_folding@_174521851619271450638"} : () -> cpu_tensor<1xi32>
    (%24) = "builtin.constant" [id:2040] () {origin_id:1740,persistable:[true],value:"constant_folding@_174521851618188492637"} : () -> cpu_tensor<1xf32>
    (%25) = "builtin.parameter" [id:2041] () {origin_id:1731,parameter_name:"constant_folding@_174521851617051507636",persistable:[true],stop_gradient:[false]} : () -> custom_device_tensor<f32>
    (%26) = "builtin.constant" [id:2042] () {origin_id:1722,persistable:[true],value:"constant_folding@_174521851615926908635"} : () -> cpu_tensor<1xf32>
    (%27) = "builtin.parameter" [id:2043] () {origin_id:1713,parameter_name:"constant_folding@_174521851614630018734",persistable:[true],stop_gradient:[false]} : () -> custom_device_tensor<1xi32>
    (%28) = "builtin.parameter" [id:2044] () {origin_id:1693,parameter_name:"constant_folding@_174521851612167306732",persistable:[true],stop_gradient:[false]} : () -> custom_device_tensor<1x6xf32>
    (%29) = "builtin.parameter" [id:2045] () {origin_id:1673,parameter_name:"constant_folding@_174521851609906802730",persistable:[true],stop_gradient:[false]} : () -> custom_device_tensor<i64>
    (%30) = "builtin.constant" [id:2046] () {origin_id:1664,persistable:[true],value:"constant_folding@_174521851608824093729"} : () -> cpu_tensor<i64>
    (%31) = "builtin.constant" [id:2047] () {origin_id:1655,persistable:[true],value:"constant_folding@_174521851607746359828"} : () -> cpu_tensor<i64>
    (%32) = "builtin.constant" [id:2048] () {origin_id:1646,persistable:[true],value:"constant_folding@_174521851606653388827"} : () -> cpu_tensor<1xf32>
    (%33) = "builtin.constant" [id:2049] () {origin_id:1637,persistable:[true],value:"constant_folding@_174521851605576262826"} : () -> cpu_tensor<1xf32>
    (%34) = "builtin.constant" [id:2050] () {origin_id:1628,persistable:[true],value:"constant_folding@_174521851604483521825"} : () -> cpu_tensor<1xf32>
    (%35) = "builtin.constant" [id:2051] () {origin_id:1619,persistable:[true],value:"constant_folding@_174521851603390216824"} : () -> cpu_tensor<1xf32>
    (%36) = "builtin.constant" [id:2052] () {origin_id:1610,persistable:[true],value:"constant_folding@_174521851602328666823"} : () -> cpu_tensor<1xi64>
    (%37) = "builtin.constant" [id:2053] () {origin_id:1601,persistable:[true],value:"constant_folding@_174521851601250522922"} : () -> cpu_tensor<1xf32>
    (%38) = "builtin.constant" [id:2054] () {origin_id:1592,persistable:[true],value:"constant_folding@_174521851600176357921"} : () -> cpu_tensor<2xi64>
    (%39) = "builtin.constant" [id:2055] () {origin_id:1583,persistable:[true],value:"constant_folding@_174521851599109053920"} : () -> cpu_tensor<2xi64>
    (%40) = "builtin.parameter" [id:2056] () {origin_id:1574,parameter_name:"constant_folding@_174521851597940077919",persistable:[true],stop_gradient:[false]} : () -> custom_device_tensor<i64>
    (%41) = "builtin.constant" [id:2057] () {origin_id:1565,persistable:[true],value:"constant_folding@_174521851596837382918"} : () -> cpu_tensor<1xi64>
    (%42) = "builtin.constant" [id:2058] () {origin_id:1556,persistable:[true],value:"constant_folding@_174521851595733295917"} : () -> cpu_tensor<1xi64>
    (%43) = "builtin.constant" [id:2059] () {origin_id:1547,persistable:[true],value:"constant_folding@_174521851594646348916"} : () -> cpu_tensor<1xi64>
    (%44) = "builtin.constant" [id:2060] () {origin_id:1538,persistable:[true],value:"constant_folding@_174521851593553109915"} : () -> cpu_tensor<1xi64>
    (%45) = "builtin.constant" [id:2061] () {origin_id:1529,persistable:[true],value:"constant_folding@_174521851592463330014"} : () -> cpu_tensor<2xi64>
    (%46) = "builtin.parameter" [id:2062] () {origin_id:1520,parameter_name:"constant_folding@_174521851591135695013",persistable:[true],stop_gradient:[false]} : () -> custom_device_tensor<1x15x4xf32>
    (%47) = "builtin.constant" [id:2063] () {origin_id:1498,persistable:[true],value:"constant_folding@_174521851588962779011"} : () -> cpu_tensor<3xi64>
    (%48) = "builtin.constant" [id:2064] () {origin_id:1489,persistable:[true],value:"constant_folding@_174521851587867296010"} : () -> cpu_tensor<1xi64>
    (%49) = "builtin.constant" [id:2065] () {origin_id:1480,persistable:[true],value:"constant_folding@_17452185158660622909"} : () -> cpu_tensor<1xf32>
    (%50) = "builtin.constant" [id:2066] () {origin_id:1471,persistable:[true],value:"constant_folding@_17452185158546554518"} : () -> cpu_tensor<1xi64>
    (%51) = "builtin.constant" [id:2067] () {origin_id:1462,persistable:[true],value:"constant_folding@_17452185158410167217"} : () -> cpu_tensor<1xi64>
    (%52) = "builtin.constant" [id:2068] () {origin_id:1453,persistable:[true],value:"constant_folding@_17452185158298218916"} : () -> cpu_tensor<1xi64>
    (%53) = "builtin.parameter" [id:2069] () {origin_id:1444,parameter_name:"constant_folding@_17452185158158873515",persistable:[true],stop_gradient:[false]} : () -> custom_device_tensor<1x60x1x1xf32>
    (%54) = "builtin.parameter" [id:2070] () {origin_id:1431,parameter_name:"constant_folding@_17452185158019830114",persistable:[true],stop_gradient:[false]} : () -> custom_device_tensor<1x15x1x1xf32>
    (%55) = "builtin.parameter" [id:2071] () {origin_id:1418,parameter_name:"constant_folding@_17452185157878266523",persistable:[true],stop_gradient:[false]} : () -> custom_device_tensor<1x1024x1x1xf32>
    (%56) = "builtin.parameter" [id:2072] () {origin_id:1405,parameter_name:"constant_folding@_17452185157732596322",persistable:[true],stop_gradient:[false]} : () -> custom_device_tensor<1x80x1x1xf32>
    (%57) = "builtin.constant" [id:2073] () {origin_id:1383,persistable:[true],value:"constant_folding@_17452185157441333520"} : () -> cpu_tensor<2xi64>
    (%58) = "builtin.parameter" [id:2074] () {is_distributed:[false],is_parameter:[true],need_clip:[true],origin_id:8,parameter_name:"conv2d_56.w_0_deepcopy_280",persistable:[true],stop_gradient:[false],trainable:[true]} : () -> custom_device_tensor<80x256x1x1xf32>
    (%59) = "builtin.parameter" [id:2075] () {is_distributed:[false],is_parameter:[true],need_clip:[true],origin_id:10,parameter_name:"conv2d_transpose_0.w_0_deepcopy_278",persistable:[true],stop_gradient:[false],trainable:[true]} : () -> custom_device_tensor<2048x256x2x2xf32>
    (%60) = "builtin.parameter" [id:2076] () {is_distributed:[false],is_parameter:[true],need_clip:[true],origin_id:11,parameter_name:"linear_1.b_0_deepcopy_277",persistable:[true],stop_gradient:[false],trainable:[true]} : () -> custom_device_tensor<320xf32>
    (%61) = "builtin.parameter" [id:2077] () {is_distributed:[false],is_parameter:[true],need_clip:[true],origin_id:12,parameter_name:"linear_1.w_0_deepcopy_276",persistable:[true],stop_gradient:[false],trainable:[true]} : () -> custom_device_tensor<2048x320xf32>
    (%62) = "builtin.parameter" [id:2078] () {is_distributed:[false],is_parameter:[true],need_clip:[true],origin_id:13,parameter_name:"linear_0.b_0_deepcopy_275",persistable:[true],stop_gradient:[false],trainable:[true]} : () -> custom_device_tensor<81xf32>
    (%63) = "builtin.parameter" [id:2079] () {is_distributed:[false],is_parameter:[true],need_clip:[true],origin_id:14,parameter_name:"linear_0.w_0_deepcopy_274",persistable:[true],stop_gradient:[false],trainable:[true]} : () -> custom_device_tensor<2048x81xf32>
    (%64) = "builtin.parameter" [id:2080] () {is_distributed:[false],is_parameter:[true],need_clip:[true],origin_id:15,parameter_name:"batch_norm2d_52.w_2_deepcopy_273",persistable:[true],stop_gradient:[true],trainable:[false]} : () -> custom_device_tensor<2048xf32>
    (%65) = "builtin.parameter" [id:2081] () {is_distributed:[false],is_parameter:[true],need_clip:[true],origin_id:16,parameter_name:"batch_norm2d_52.w_1_deepcopy_272",persistable:[true],stop_gradient:[true],trainable:[false]} : () -> custom_device_tensor<2048xf32>
    (%66) = "builtin.parameter" [id:2082] () {is_distributed:[false],is_parameter:[true],need_clip:[true],origin_id:17,parameter_name:"batch_norm2d_52.b_0_deepcopy_271",persistable:[true],stop_gradient:[true],trainable:[false]} : () -> custom_device_tensor<2048xf32>
    (%67) = "builtin.parameter" [id:2083] () {is_distributed:[false],is_parameter:[true],need_clip:[true],origin_id:18,parameter_name:"batch_norm2d_52.w_0_deepcopy_270",persistable:[true],stop_gradient:[true],trainable:[false]} : () -> custom_device_tensor<2048xf32>
    (%68) = "builtin.parameter" [id:2084] () {is_distributed:[false],is_parameter:[true],need_clip:[true],origin_id:19,parameter_name:"conv2d_55.w_0_deepcopy_269",persistable:[true],stop_gradient:[false],trainable:[true]} : () -> custom_device_tensor<2048x512x1x1xf32>
    (%69) = "builtin.parameter" [id:2085] () {is_distributed:[false],is_parameter:[true],need_clip:[true],origin_id:20,parameter_name:"batch_norm2d_51.w_2_deepcopy_268",persistable:[true],stop_gradient:[true],trainable:[false]} : () -> custom_device_tensor<512xf32>
    (%70) = "builtin.parameter" [id:2086] () {is_distributed:[false],is_parameter:[true],need_clip:[true],origin_id:21,parameter_name:"batch_norm2d_51.w_1_deepcopy_267",persistable:[true],stop_gradient:[true],trainable:[false]} : () -> custom_device_tensor<512xf32>
    (%71) = "builtin.parameter" [id:2087] () {is_distributed:[false],is_parameter:[true],need_clip:[true],origin_id:22,parameter_name:"batch_norm2d_51.b_0_deepcopy_266",persistable:[true],stop_gradient:[true],trainable:[false]} : () -> custom_device_tensor<512xf32>
    (%72) = "builtin.parameter" [id:2088] () {is_distributed:[false],is_parameter:[true],need_clip:[true],origin_id:23,parameter_name:"batch_norm2d_51.w_0_deepcopy_265",persistable:[true],stop_gradient:[true],trainable:[false]} : () -> custom_device_tensor<512xf32>
    (%73) = "builtin.parameter" [id:2089] () {is_distributed:[false],is_parameter:[true],need_clip:[true],origin_id:24,parameter_name:"conv2d_54.w_0_deepcopy_264",persistable:[true],stop_gradient:[false],trainable:[true]} : () -> custom_device_tensor<512x512x3x3xf32>
    (%74) = "builtin.parameter" [id:2090] () {is_distributed:[false],is_parameter:[true],need_clip:[true],origin_id:25,parameter_name:"batch_norm2d_50.w_2_deepcopy_263",persistable:[true],stop_gradient:[true],trainable:[false]} : () -> custom_device_tensor<512xf32>
    (%75) = "builtin.parameter" [id:2091] () {is_distributed:[false],is_parameter:[true],need_clip:[true],origin_id:26,parameter_name:"batch_norm2d_50.w_1_deepcopy_262",persistable:[true],stop_gradient:[true],trainable:[false]} : () -> custom_device_tensor<512xf32>
    (%76) = "builtin.parameter" [id:2092] () {is_distributed:[false],is_parameter:[true],need_clip:[true],origin_id:27,parameter_name:"batch_norm2d_50.b_0_deepcopy_261",persistable:[true],stop_gradient:[true],trainable:[false]} : () -> custom_device_tensor<512xf32>
    (%77) = "builtin.parameter" [id:2093] () {is_distributed:[false],is_parameter:[true],need_clip:[true],origin_id:28,parameter_name:"batch_norm2d_50.w_0_deepcopy_260",persistable:[true],stop_gradient:[true],trainable:[false]} : () -> custom_device_tensor<512xf32>
    (%78) = "builtin.parameter" [id:2094] () {is_distributed:[false],is_parameter:[true],need_clip:[true],origin_id:29,parameter_name:"conv2d_53.w_0_deepcopy_259",persistable:[true],stop_gradient:[false],trainable:[true]} : () -> custom_device_tensor<512x2048x1x1xf32>
    (%79) = "builtin.parameter" [id:2095] () {is_distributed:[false],is_parameter:[true],need_clip:[true],origin_id:30,parameter_name:"batch_norm2d_49.w_2_deepcopy_258",persistable:[true],stop_gradient:[true],trainable:[false]} : () -> custom_device_tensor<2048xf32>
    (%80) = "builtin.parameter" [id:2096] () {is_distributed:[false],is_parameter:[true],need_clip:[true],origin_id:31,parameter_name:"batch_norm2d_49.w_1_deepcopy_257",persistable:[true],stop_gradient:[true],trainable:[false]} : () -> custom_device_tensor<2048xf32>
    (%81) = "builtin.parameter" [id:2097] () {is_distributed:[false],is_parameter:[true],need_clip:[true],origin_id:32,parameter_name:"batch_norm2d_49.b_0_deepcopy_256",persistable:[true],stop_gradient:[true],trainable:[false]} : () -> custom_device_tensor<2048xf32>
    (%82) = "builtin.parameter" [id:2098] () {is_distributed:[false],is_parameter:[true],need_clip:[true],origin_id:33,parameter_name:"batch_norm2d_49.w_0_deepcopy_255",persistable:[true],stop_gradient:[true],trainable:[false]} : () -> custom_device_tensor<2048xf32>
    (%83) = "builtin.parameter" [id:2099] () {is_distributed:[false],is_parameter:[true],need_clip:[true],origin_id:34,parameter_name:"conv2d_52.w_0_deepcopy_254",persistable:[true],stop_gradient:[false],trainable:[true]} : () -> custom_device_tensor<2048x512x1x1xf32>
    (%84) = "builtin.parameter" [id:2100] () {is_distributed:[false],is_parameter:[true],need_clip:[true],origin_id:35,parameter_name:"batch_norm2d_48.w_2_deepcopy_253",persistable:[true],stop_gradient:[true],trainable:[false]} : () -> custom_device_tensor<512xf32>
    (%85) = "builtin.parameter" [id:2101] () {is_distributed:[false],is_parameter:[true],need_clip:[true],origin_id:36,parameter_name:"batch_norm2d_48.w_1_deepcopy_252",persistable:[true],stop_gradient:[true],trainable:[false]} : () -> custom_device_tensor<512xf32>
    (%86) = "builtin.parameter" [id:2102] () {is_distributed:[false],is_parameter:[true],need_clip:[true],origin_id:37,parameter_name:"batch_norm2d_48.b_0_deepcopy_251",persistable:[true],stop_gradient:[true],trainable:[false]} : () -> custom_device_tensor<512xf32>
    (%87) = "builtin.parameter" [id:2103] () {is_distributed:[false],is_parameter:[true],need_clip:[true],origin_id:38,parameter_name:"batch_norm2d_48.w_0_deepcopy_250",persistable:[true],stop_gradient:[true],trainable:[false]} : () -> custom_device_tensor<512xf32>
    (%88) = "builtin.parameter" [id:2104] () {is_distributed:[false],is_parameter:[true],need_clip:[true],origin_id:39,parameter_name:"conv2d_51.w_0_deepcopy_249",persistable:[true],stop_gradient:[false],trainable:[true]} : () -> custom_device_tensor<512x512x3x3xf32>
    (%89) = "builtin.parameter" [id:2105] () {is_distributed:[false],is_parameter:[true],need_clip:[true],origin_id:40,parameter_name:"batch_norm2d_47.w_2_deepcopy_248",persistable:[true],stop_gradient:[true],trainable:[false]} : () -> custom_device_tensor<512xf32>
    (%90) = "builtin.parameter" [id:2106] () {is_distributed:[false],is_parameter:[true],need_clip:[true],origin_id:41,parameter_name:"batch_norm2d_47.w_1_deepcopy_247",persistable:[true],stop_gradient:[true],trainable:[false]} : () -> custom_device_tensor<512xf32>
    (%91) = "builtin.parameter" [id:2107] () {is_distributed:[false],is_parameter:[true],need_clip:[true],origin_id:42,parameter_name:"batch_norm2d_47.b_0_deepcopy_246",persistable:[true],stop_gradient:[true],trainable:[false]} : () -> custom_device_tensor<512xf32>
    (%92) = "builtin.parameter" [id:2108] () {is_distributed:[false],is_parameter:[true],need_clip:[true],origin_id:43,parameter_name:"batch_norm2d_47.w_0_deepcopy_245",persistable:[true],stop_gradient:[true],trainable:[false]} : () -> custom_device_tensor<512xf32>
    (%93) = "builtin.parameter" [id:2109] () {is_distributed:[false],is_parameter:[true],need_clip:[true],origin_id:44,parameter_name:"conv2d_50.w_0_deepcopy_244",persistable:[true],stop_gradient:[false],trainable:[true]} : () -> custom_device_tensor<512x2048x1x1xf32>
    (%94) = "builtin.parameter" [id:2110] () {is_distributed:[false],is_parameter:[true],need_clip:[true],origin_id:45,parameter_name:"batch_norm2d_46.w_2_deepcopy_243",persistable:[true],stop_gradient:[true],trainable:[false]} : () -> custom_device_tensor<2048xf32>
    (%95) = "builtin.parameter" [id:2111] () {is_distributed:[false],is_parameter:[true],need_clip:[true],origin_id:46,parameter_name:"batch_norm2d_46.w_1_deepcopy_242",persistable:[true],stop_gradient:[true],trainable:[false]} : () -> custom_device_tensor<2048xf32>
    (%96) = "builtin.parameter" [id:2112] () {is_distributed:[false],is_parameter:[true],need_clip:[true],origin_id:47,parameter_name:"batch_norm2d_46.b_0_deepcopy_241",persistable:[true],stop_gradient:[true],trainable:[false]} : () -> custom_device_tensor<2048xf32>
    (%97) = "builtin.parameter" [id:2113] () {is_distributed:[false],is_parameter:[true],need_clip:[true],origin_id:48,parameter_name:"batch_norm2d_46.w_0_deepcopy_240",persistable:[true],stop_gradient:[true],trainable:[false]} : () -> custom_device_tensor<2048xf32>
    (%98) = "builtin.parameter" [id:2114] () {is_distributed:[false],is_parameter:[true],need_clip:[true],origin_id:49,parameter_name:"conv2d_49.w_0_deepcopy_239",persistable:[true],stop_gradient:[false],trainable:[true]} : () -> custom_device_tensor<2048x1024x1x1xf32>
    (%99) = "builtin.parameter" [id:2115] () {is_distributed:[false],is_parameter:[true],need_clip:[true],origin_id:50,parameter_name:"batch_norm2d_45.w_2_deepcopy_238",persistable:[true],stop_gradient:[true],trainable:[false]} : () -> custom_device_tensor<2048xf32>
    (%100) = "builtin.parameter" [id:2116] () {is_distributed:[false],is_parameter:[true],need_clip:[true],origin_id:51,parameter_name:"batch_norm2d_45.w_1_deepcopy_237",persistable:[true],stop_gradient:[true],trainable:[false]} : () -> custom_device_tensor<2048xf32>
    (%101) = "builtin.parameter" [id:2117] () {is_distributed:[false],is_parameter:[true],need_clip:[true],origin_id:52,parameter_name:"batch_norm2d_45.b_0_deepcopy_236",persistable:[true],stop_gradient:[true],trainable:[false]} : () -> custom_device_tensor<2048xf32>
    (%102) = "builtin.parameter" [id:2118] () {is_distributed:[false],is_parameter:[true],need_clip:[true],origin_id:53,parameter_name:"batch_norm2d_45.w_0_deepcopy_235",persistable:[true],stop_gradient:[true],trainable:[false]} : () -> custom_device_tensor<2048xf32>
    (%103) = "builtin.parameter" [id:2119] () {is_distributed:[false],is_parameter:[true],need_clip:[true],origin_id:54,parameter_name:"conv2d_48.w_0_deepcopy_234",persistable:[true],stop_gradient:[false],trainable:[true]} : () -> custom_device_tensor<2048x512x1x1xf32>
    (%104) = "builtin.parameter" [id:2120] () {is_distributed:[false],is_parameter:[true],need_clip:[true],origin_id:55,parameter_name:"batch_norm2d_44.w_2_deepcopy_233",persistable:[true],stop_gradient:[true],trainable:[false]} : () -> custom_device_tensor<512xf32>
    (%105) = "builtin.parameter" [id:2121] () {is_distributed:[false],is_parameter:[true],need_clip:[true],origin_id:56,parameter_name:"batch_norm2d_44.w_1_deepcopy_232",persistable:[true],stop_gradient:[true],trainable:[false]} : () -> custom_device_tensor<512xf32>
    (%106) = "builtin.parameter" [id:2122] () {is_distributed:[false],is_parameter:[true],need_clip:[true],origin_id:57,parameter_name:"batch_norm2d_44.b_0_deepcopy_231",persistable:[true],stop_gradient:[true],trainable:[false]} : () -> custom_device_tensor<512xf32>
    (%107) = "builtin.parameter" [id:2123] () {is_distributed:[false],is_parameter:[true],need_clip:[true],origin_id:58,parameter_name:"batch_norm2d_44.w_0_deepcopy_230",persistable:[true],stop_gradient:[true],trainable:[false]} : () -> custom_device_tensor<512xf32>
    (%108) = "builtin.parameter" [id:2124] () {is_distributed:[false],is_parameter:[true],need_clip:[true],origin_id:59,parameter_name:"conv2d_47.w_0_deepcopy_229",persistable:[true],stop_gradient:[false],trainable:[true]} : () -> custom_device_tensor<512x512x3x3xf32>
    (%109) = "builtin.parameter" [id:2125] () {is_distributed:[false],is_parameter:[true],need_clip:[true],origin_id:60,parameter_name:"batch_norm2d_43.w_2_deepcopy_228",persistable:[true],stop_gradient:[true],trainable:[false]} : () -> custom_device_tensor<512xf32>
    (%110) = "builtin.parameter" [id:2126] () {is_distributed:[false],is_parameter:[true],need_clip:[true],origin_id:61,parameter_name:"batch_norm2d_43.w_1_deepcopy_227",persistable:[true],stop_gradient:[true],trainable:[false]} : () -> custom_device_tensor<512xf32>
    (%111) = "builtin.parameter" [id:2127] () {is_distributed:[false],is_parameter:[true],need_clip:[true],origin_id:62,parameter_name:"batch_norm2d_43.b_0_deepcopy_226",persistable:[true],stop_gradient:[true],trainable:[false]} : () -> custom_device_tensor<512xf32>
    (%112) = "builtin.parameter" [id:2128] () {is_distributed:[false],is_parameter:[true],need_clip:[true],origin_id:63,parameter_name:"batch_norm2d_43.w_0_deepcopy_225",persistable:[true],stop_gradient:[true],trainable:[false]} : () -> custom_device_tensor<512xf32>
    (%113) = "builtin.parameter" [id:2129] () {is_distributed:[false],is_parameter:[true],need_clip:[true],origin_id:64,parameter_name:"conv2d_46.w_0_deepcopy_224",persistable:[true],stop_gradient:[false],trainable:[true]} : () -> custom_device_tensor<512x1024x1x1xf32>
    (%114) = "builtin.parameter" [id:2130] () {is_distributed:[false],is_parameter:[true],need_clip:[true],origin_id:66,parameter_name:"conv2d_45.w_0_deepcopy_222",persistable:[true],stop_gradient:[false],trainable:[true]} : () -> custom_device_tensor<60x1024x1x1xf32>
    (%115) = "builtin.parameter" [id:2131] () {is_distributed:[false],is_parameter:[true],need_clip:[true],origin_id:68,parameter_name:"conv2d_44.w_0_deepcopy_220",persistable:[true],stop_gradient:[false],trainable:[true]} : () -> custom_device_tensor<15x1024x1x1xf32>
    (%116) = "builtin.parameter" [id:2132] () {is_distributed:[false],is_parameter:[true],need_clip:[true],origin_id:70,parameter_name:"conv2d_43.w_0_deepcopy_218",persistable:[true],stop_gradient:[false],trainable:[true]} : () -> custom_device_tensor<1024x1024x3x3xf32>
    (%117) = "builtin.parameter" [id:2133] () {is_distributed:[false],is_parameter:[true],need_clip:[true],origin_id:71,parameter_name:"batch_norm2d_42.w_2_deepcopy_216",persistable:[true],stop_gradient:[true],trainable:[false]} : () -> custom_device_tensor<1024xf32>
    (%118) = "builtin.parameter" [id:2134] () {is_distributed:[false],is_parameter:[true],need_clip:[true],origin_id:72,parameter_name:"batch_norm2d_42.w_1_deepcopy_215",persistable:[true],stop_gradient:[true],trainable:[false]} : () -> custom_device_tensor<1024xf32>
    (%119) = "builtin.parameter" [id:2135] () {is_distributed:[false],is_parameter:[true],need_clip:[true],origin_id:73,parameter_name:"batch_norm2d_42.b_0_deepcopy_214",persistable:[true],stop_gradient:[true],trainable:[false]} : () -> custom_device_tensor<1024xf32>
    (%120) = "builtin.parameter" [id:2136] () {is_distributed:[false],is_parameter:[true],need_clip:[true],origin_id:74,parameter_name:"batch_norm2d_42.w_0_deepcopy_213",persistable:[true],stop_gradient:[true],trainable:[false]} : () -> custom_device_tensor<1024xf32>
    (%121) = "builtin.parameter" [id:2137] () {is_distributed:[false],is_parameter:[true],need_clip:[true],origin_id:75,parameter_name:"conv2d_42.w_0_deepcopy_212",persistable:[true],stop_gradient:[false],trainable:[true]} : () -> custom_device_tensor<1024x256x1x1xf32>
    (%122) = "builtin.parameter" [id:2138] () {is_distributed:[false],is_parameter:[true],need_clip:[true],origin_id:76,parameter_name:"batch_norm2d_41.w_2_deepcopy_211",persistable:[true],stop_gradient:[true],trainable:[false]} : () -> custom_device_tensor<256xf32>
    (%123) = "builtin.parameter" [id:2139] () {is_distributed:[false],is_parameter:[true],need_clip:[true],origin_id:77,parameter_name:"batch_norm2d_41.w_1_deepcopy_210",persistable:[true],stop_gradient:[true],trainable:[false]} : () -> custom_device_tensor<256xf32>
    (%124) = "builtin.parameter" [id:2140] () {is_distributed:[false],is_parameter:[true],need_clip:[true],origin_id:78,parameter_name:"batch_norm2d_41.b_0_deepcopy_209",persistable:[true],stop_gradient:[true],trainable:[false]} : () -> custom_device_tensor<256xf32>
    (%125) = "builtin.parameter" [id:2141] () {is_distributed:[false],is_parameter:[true],need_clip:[true],origin_id:79,parameter_name:"batch_norm2d_41.w_0_deepcopy_208",persistable:[true],stop_gradient:[true],trainable:[false]} : () -> custom_device_tensor<256xf32>
    (%126) = "builtin.parameter" [id:2142] () {is_distributed:[false],is_parameter:[true],need_clip:[true],origin_id:80,parameter_name:"conv2d_41.w_0_deepcopy_207",persistable:[true],stop_gradient:[false],trainable:[true]} : () -> custom_device_tensor<256x256x3x3xf32>
    (%127) = "builtin.parameter" [id:2143] () {is_distributed:[false],is_parameter:[true],need_clip:[true],origin_id:81,parameter_name:"batch_norm2d_40.w_2_deepcopy_206",persistable:[true],stop_gradient:[true],trainable:[false]} : () -> custom_device_tensor<256xf32>
    (%128) = "builtin.parameter" [id:2144] () {is_distributed:[false],is_parameter:[true],need_clip:[true],origin_id:82,parameter_name:"batch_norm2d_40.w_1_deepcopy_205",persistable:[true],stop_gradient:[true],trainable:[false]} : () -> custom_device_tensor<256xf32>
    (%129) = "builtin.parameter" [id:2145] () {is_distributed:[false],is_parameter:[true],need_clip:[true],origin_id:83,parameter_name:"batch_norm2d_40.b_0_deepcopy_204",persistable:[true],stop_gradient:[true],trainable:[false]} : () -> custom_device_tensor<256xf32>
    (%130) = "builtin.parameter" [id:2146] () {is_distributed:[false],is_parameter:[true],need_clip:[true],origin_id:84,parameter_name:"batch_norm2d_40.w_0_deepcopy_203",persistable:[true],stop_gradient:[true],trainable:[false]} : () -> custom_device_tensor<256xf32>
    (%131) = "builtin.parameter" [id:2147] () {is_distributed:[false],is_parameter:[true],need_clip:[true],origin_id:85,parameter_name:"conv2d_40.w_0_deepcopy_202",persistable:[true],stop_gradient:[false],trainable:[true]} : () -> custom_device_tensor<256x1024x1x1xf32>
    (%132) = "builtin.parameter" [id:2148] () {is_distributed:[false],is_parameter:[true],need_clip:[true],origin_id:86,parameter_name:"batch_norm2d_39.w_2_deepcopy_201",persistable:[true],stop_gradient:[true],trainable:[false]} : () -> custom_device_tensor<1024xf32>
    (%133) = "builtin.parameter" [id:2149] () {is_distributed:[false],is_parameter:[true],need_clip:[true],origin_id:87,parameter_name:"batch_norm2d_39.w_1_deepcopy_200",persistable:[true],stop_gradient:[true],trainable:[false]} : () -> custom_device_tensor<1024xf32>
    (%134) = "builtin.parameter" [id:2150] () {is_distributed:[false],is_parameter:[true],need_clip:[true],origin_id:88,parameter_name:"batch_norm2d_39.b_0_deepcopy_199",persistable:[true],stop_gradient:[true],trainable:[false]} : () -> custom_device_tensor<1024xf32>
    (%135) = "builtin.parameter" [id:2151] () {is_distributed:[false],is_parameter:[true],need_clip:[true],origin_id:89,parameter_name:"batch_norm2d_39.w_0_deepcopy_198",persistable:[true],stop_gradient:[true],trainable:[false]} : () -> custom_device_tensor<1024xf32>
    (%136) = "builtin.parameter" [id:2152] () {is_distributed:[false],is_parameter:[true],need_clip:[true],origin_id:90,parameter_name:"conv2d_39.w_0_deepcopy_197",persistable:[true],stop_gradient:[false],trainable:[true]} : () -> custom_device_tensor<1024x256x1x1xf32>
    (%137) = "builtin.parameter" [id:2153] () {is_distributed:[false],is_parameter:[true],need_clip:[true],origin_id:91,parameter_name:"batch_norm2d_38.w_2_deepcopy_196",persistable:[true],stop_gradient:[true],trainable:[false]} : () -> custom_device_tensor<256xf32>
    (%138) = "builtin.parameter" [id:2154] () {is_distributed:[false],is_parameter:[true],need_clip:[true],origin_id:92,parameter_name:"batch_norm2d_38.w_1_deepcopy_195",persistable:[true],stop_gradient:[true],trainable:[false]} : () -> custom_device_tensor<256xf32>
    (%139) = "builtin.parameter" [id:2155] () {is_distributed:[false],is_parameter:[true],need_clip:[true],origin_id:93,parameter_name:"batch_norm2d_38.b_0_deepcopy_194",persistable:[true],stop_gradient:[true],trainable:[false]} : () -> custom_device_tensor<256xf32>
    (%140) = "builtin.parameter" [id:2156] () {is_distributed:[false],is_parameter:[true],need_clip:[true],origin_id:94,parameter_name:"batch_norm2d_38.w_0_deepcopy_193",persistable:[true],stop_gradient:[true],trainable:[false]} : () -> custom_device_tensor<256xf32>
    (%141) = "builtin.parameter" [id:2157] () {is_distributed:[false],is_parameter:[true],need_clip:[true],origin_id:95,parameter_name:"conv2d_38.w_0_deepcopy_192",persistable:[true],stop_gradient:[false],trainable:[true]} : () -> custom_device_tensor<256x256x3x3xf32>
    (%142) = "builtin.parameter" [id:2158] () {is_distributed:[false],is_parameter:[true],need_clip:[true],origin_id:96,parameter_name:"batch_norm2d_37.w_2_deepcopy_191",persistable:[true],stop_gradient:[true],trainable:[false]} : () -> custom_device_tensor<256xf32>
    (%143) = "builtin.parameter" [id:2159] () {is_distributed:[false],is_parameter:[true],need_clip:[true],origin_id:97,parameter_name:"batch_norm2d_37.w_1_deepcopy_190",persistable:[true],stop_gradient:[true],trainable:[false]} : () -> custom_device_tensor<256xf32>
    (%144) = "builtin.parameter" [id:2160] () {is_distributed:[false],is_parameter:[true],need_clip:[true],origin_id:98,parameter_name:"batch_norm2d_37.b_0_deepcopy_189",persistable:[true],stop_gradient:[true],trainable:[false]} : () -> custom_device_tensor<256xf32>
    (%145) = "builtin.parameter" [id:2161] () {is_distributed:[false],is_parameter:[true],need_clip:[true],origin_id:99,parameter_name:"batch_norm2d_37.w_0_deepcopy_188",persistable:[true],stop_gradient:[true],trainable:[false]} : () -> custom_device_tensor<256xf32>
    (%146) = "builtin.parameter" [id:2162] () {is_distributed:[false],is_parameter:[true],need_clip:[true],origin_id:100,parameter_name:"conv2d_37.w_0_deepcopy_187",persistable:[true],stop_gradient:[false],trainable:[true]} : () -> custom_device_tensor<256x1024x1x1xf32>
    (%147) = "builtin.parameter" [id:2163] () {is_distributed:[false],is_parameter:[true],need_clip:[true],origin_id:101,parameter_name:"batch_norm2d_36.w_2_deepcopy_186",persistable:[true],stop_gradient:[true],trainable:[false]} : () -> custom_device_tensor<1024xf32>
    (%148) = "builtin.parameter" [id:2164] () {is_distributed:[false],is_parameter:[true],need_clip:[true],origin_id:102,parameter_name:"batch_norm2d_36.w_1_deepcopy_185",persistable:[true],stop_gradient:[true],trainable:[false]} : () -> custom_device_tensor<1024xf32>
    (%149) = "builtin.parameter" [id:2165] () {is_distributed:[false],is_parameter:[true],need_clip:[true],origin_id:103,parameter_name:"batch_norm2d_36.b_0_deepcopy_184",persistable:[true],stop_gradient:[true],trainable:[false]} : () -> custom_device_tensor<1024xf32>
    (%150) = "builtin.parameter" [id:2166] () {is_distributed:[false],is_parameter:[true],need_clip:[true],origin_id:104,parameter_name:"batch_norm2d_36.w_0_deepcopy_183",persistable:[true],stop_gradient:[true],trainable:[false]} : () -> custom_device_tensor<1024xf32>
    (%151) = "builtin.parameter" [id:2167] () {is_distributed:[false],is_parameter:[true],need_clip:[true],origin_id:105,parameter_name:"conv2d_36.w_0_deepcopy_182",persistable:[true],stop_gradient:[false],trainable:[true]} : () -> custom_device_tensor<1024x256x1x1xf32>
    (%152) = "builtin.parameter" [id:2168] () {is_distributed:[false],is_parameter:[true],need_clip:[true],origin_id:106,parameter_name:"batch_norm2d_35.w_2_deepcopy_181",persistable:[true],stop_gradient:[true],trainable:[false]} : () -> custom_device_tensor<256xf32>
    (%153) = "builtin.parameter" [id:2169] () {is_distributed:[false],is_parameter:[true],need_clip:[true],origin_id:107,parameter_name:"batch_norm2d_35.w_1_deepcopy_180",persistable:[true],stop_gradient:[true],trainable:[false]} : () -> custom_device_tensor<256xf32>
    (%154) = "builtin.parameter" [id:2170] () {is_distributed:[false],is_parameter:[true],need_clip:[true],origin_id:108,parameter_name:"batch_norm2d_35.b_0_deepcopy_179",persistable:[true],stop_gradient:[true],trainable:[false]} : () -> custom_device_tensor<256xf32>
    (%155) = "builtin.parameter" [id:2171] () {is_distributed:[false],is_parameter:[true],need_clip:[true],origin_id:109,parameter_name:"batch_norm2d_35.w_0_deepcopy_178",persistable:[true],stop_gradient:[true],trainable:[false]} : () -> custom_device_tensor<256xf32>
    (%156) = "builtin.parameter" [id:2172] () {is_distributed:[false],is_parameter:[true],need_clip:[true],origin_id:110,parameter_name:"conv2d_35.w_0_deepcopy_177",persistable:[true],stop_gradient:[false],trainable:[true]} : () -> custom_device_tensor<256x256x3x3xf32>
    (%157) = "builtin.parameter" [id:2173] () {is_distributed:[false],is_parameter:[true],need_clip:[true],origin_id:111,parameter_name:"batch_norm2d_34.w_2_deepcopy_176",persistable:[true],stop_gradient:[true],trainable:[false]} : () -> custom_device_tensor<256xf32>
    (%158) = "builtin.parameter" [id:2174] () {is_distributed:[false],is_parameter:[true],need_clip:[true],origin_id:112,parameter_name:"batch_norm2d_34.w_1_deepcopy_175",persistable:[true],stop_gradient:[true],trainable:[false]} : () -> custom_device_tensor<256xf32>
    (%159) = "builtin.parameter" [id:2175] () {is_distributed:[false],is_parameter:[true],need_clip:[true],origin_id:113,parameter_name:"batch_norm2d_34.b_0_deepcopy_174",persistable:[true],stop_gradient:[true],trainable:[false]} : () -> custom_device_tensor<256xf32>
    (%160) = "builtin.parameter" [id:2176] () {is_distributed:[false],is_parameter:[true],need_clip:[true],origin_id:114,parameter_name:"batch_norm2d_34.w_0_deepcopy_173",persistable:[true],stop_gradient:[true],trainable:[false]} : () -> custom_device_tensor<256xf32>
    (%161) = "builtin.parameter" [id:2177] () {is_distributed:[false],is_parameter:[true],need_clip:[true],origin_id:115,parameter_name:"conv2d_34.w_0_deepcopy_172",persistable:[true],stop_gradient:[false],trainable:[true]} : () -> custom_device_tensor<256x1024x1x1xf32>
    (%162) = "builtin.parameter" [id:2178] () {is_distributed:[false],is_parameter:[true],need_clip:[true],origin_id:116,parameter_name:"batch_norm2d_33.w_2_deepcopy_171",persistable:[true],stop_gradient:[true],trainable:[false]} : () -> custom_device_tensor<1024xf32>
    (%163) = "builtin.parameter" [id:2179] () {is_distributed:[false],is_parameter:[true],need_clip:[true],origin_id:117,parameter_name:"batch_norm2d_33.w_1_deepcopy_170",persistable:[true],stop_gradient:[true],trainable:[false]} : () -> custom_device_tensor<1024xf32>
    (%164) = "builtin.parameter" [id:2180] () {is_distributed:[false],is_parameter:[true],need_clip:[true],origin_id:118,parameter_name:"batch_norm2d_33.b_0_deepcopy_169",persistable:[true],stop_gradient:[true],trainable:[false]} : () -> custom_device_tensor<1024xf32>
    (%165) = "builtin.parameter" [id:2181] () {is_distributed:[false],is_parameter:[true],need_clip:[true],origin_id:119,parameter_name:"batch_norm2d_33.w_0_deepcopy_168",persistable:[true],stop_gradient:[true],trainable:[false]} : () -> custom_device_tensor<1024xf32>
    (%166) = "builtin.parameter" [id:2182] () {is_distributed:[false],is_parameter:[true],need_clip:[true],origin_id:120,parameter_name:"conv2d_33.w_0_deepcopy_167",persistable:[true],stop_gradient:[false],trainable:[true]} : () -> custom_device_tensor<1024x256x1x1xf32>
    (%167) = "builtin.parameter" [id:2183] () {is_distributed:[false],is_parameter:[true],need_clip:[true],origin_id:121,parameter_name:"batch_norm2d_32.w_2_deepcopy_166",persistable:[true],stop_gradient:[true],trainable:[false]} : () -> custom_device_tensor<256xf32>
    (%168) = "builtin.parameter" [id:2184] () {is_distributed:[false],is_parameter:[true],need_clip:[true],origin_id:122,parameter_name:"batch_norm2d_32.w_1_deepcopy_165",persistable:[true],stop_gradient:[true],trainable:[false]} : () -> custom_device_tensor<256xf32>
    (%169) = "builtin.parameter" [id:2185] () {is_distributed:[false],is_parameter:[true],need_clip:[true],origin_id:123,parameter_name:"batch_norm2d_32.b_0_deepcopy_164",persistable:[true],stop_gradient:[true],trainable:[false]} : () -> custom_device_tensor<256xf32>
    (%170) = "builtin.parameter" [id:2186] () {is_distributed:[false],is_parameter:[true],need_clip:[true],origin_id:124,parameter_name:"batch_norm2d_32.w_0_deepcopy_163",persistable:[true],stop_gradient:[true],trainable:[false]} : () -> custom_device_tensor<256xf32>
    (%171) = "builtin.parameter" [id:2187] () {is_distributed:[false],is_parameter:[true],need_clip:[true],origin_id:125,parameter_name:"conv2d_32.w_0_deepcopy_162",persistable:[true],stop_gradient:[false],trainable:[true]} : () -> custom_device_tensor<256x256x3x3xf32>
    (%172) = "builtin.parameter" [id:2188] () {is_distributed:[false],is_parameter:[true],need_clip:[true],origin_id:126,parameter_name:"batch_norm2d_31.w_2_deepcopy_161",persistable:[true],stop_gradient:[true],trainable:[false]} : () -> custom_device_tensor<256xf32>
    (%173) = "builtin.parameter" [id:2189] () {is_distributed:[false],is_parameter:[true],need_clip:[true],origin_id:127,parameter_name:"batch_norm2d_31.w_1_deepcopy_160",persistable:[true],stop_gradient:[true],trainable:[false]} : () -> custom_device_tensor<256xf32>
    (%174) = "builtin.parameter" [id:2190] () {is_distributed:[false],is_parameter:[true],need_clip:[true],origin_id:128,parameter_name:"batch_norm2d_31.b_0_deepcopy_159",persistable:[true],stop_gradient:[true],trainable:[false]} : () -> custom_device_tensor<256xf32>
    (%175) = "builtin.parameter" [id:2191] () {is_distributed:[false],is_parameter:[true],need_clip:[true],origin_id:129,parameter_name:"batch_norm2d_31.w_0_deepcopy_158",persistable:[true],stop_gradient:[true],trainable:[false]} : () -> custom_device_tensor<256xf32>
    (%176) = "builtin.parameter" [id:2192] () {is_distributed:[false],is_parameter:[true],need_clip:[true],origin_id:130,parameter_name:"conv2d_31.w_0_deepcopy_157",persistable:[true],stop_gradient:[false],trainable:[true]} : () -> custom_device_tensor<256x1024x1x1xf32>
    (%177) = "builtin.parameter" [id:2193] () {is_distributed:[false],is_parameter:[true],need_clip:[true],origin_id:131,parameter_name:"batch_norm2d_30.w_2_deepcopy_156",persistable:[true],stop_gradient:[true],trainable:[false]} : () -> custom_device_tensor<1024xf32>
    (%178) = "builtin.parameter" [id:2194] () {is_distributed:[false],is_parameter:[true],need_clip:[true],origin_id:132,parameter_name:"batch_norm2d_30.w_1_deepcopy_155",persistable:[true],stop_gradient:[true],trainable:[false]} : () -> custom_device_tensor<1024xf32>
    (%179) = "builtin.parameter" [id:2195] () {is_distributed:[false],is_parameter:[true],need_clip:[true],origin_id:133,parameter_name:"batch_norm2d_30.b_0_deepcopy_154",persistable:[true],stop_gradient:[true],trainable:[false]} : () -> custom_device_tensor<1024xf32>
    (%180) = "builtin.parameter" [id:2196] () {is_distributed:[false],is_parameter:[true],need_clip:[true],origin_id:134,parameter_name:"batch_norm2d_30.w_0_deepcopy_153",persistable:[true],stop_gradient:[true],trainable:[false]} : () -> custom_device_tensor<1024xf32>
    (%181) = "builtin.parameter" [id:2197] () {is_distributed:[false],is_parameter:[true],need_clip:[true],origin_id:135,parameter_name:"conv2d_30.w_0_deepcopy_152",persistable:[true],stop_gradient:[false],trainable:[true]} : () -> custom_device_tensor<1024x256x1x1xf32>
    (%182) = "builtin.parameter" [id:2198] () {is_distributed:[false],is_parameter:[true],need_clip:[true],origin_id:136,parameter_name:"batch_norm2d_29.w_2_deepcopy_151",persistable:[true],stop_gradient:[true],trainable:[false]} : () -> custom_device_tensor<256xf32>
    (%183) = "builtin.parameter" [id:2199] () {is_distributed:[false],is_parameter:[true],need_clip:[true],origin_id:137,parameter_name:"batch_norm2d_29.w_1_deepcopy_150",persistable:[true],stop_gradient:[true],trainable:[false]} : () -> custom_device_tensor<256xf32>
    (%184) = "builtin.parameter" [id:2200] () {is_distributed:[false],is_parameter:[true],need_clip:[true],origin_id:138,parameter_name:"batch_norm2d_29.b_0_deepcopy_149",persistable:[true],stop_gradient:[true],trainable:[false]} : () -> custom_device_tensor<256xf32>
    (%185) = "builtin.parameter" [id:2201] () {is_distributed:[false],is_parameter:[true],need_clip:[true],origin_id:139,parameter_name:"batch_norm2d_29.w_0_deepcopy_148",persistable:[true],stop_gradient:[true],trainable:[false]} : () -> custom_device_tensor<256xf32>
    (%186) = "builtin.parameter" [id:2202] () {is_distributed:[false],is_parameter:[true],need_clip:[true],origin_id:140,parameter_name:"conv2d_29.w_0_deepcopy_147",persistable:[true],stop_gradient:[false],trainable:[true]} : () -> custom_device_tensor<256x256x3x3xf32>
    (%187) = "builtin.parameter" [id:2203] () {is_distributed:[false],is_parameter:[true],need_clip:[true],origin_id:141,parameter_name:"batch_norm2d_28.w_2_deepcopy_146",persistable:[true],stop_gradient:[true],trainable:[false]} : () -> custom_device_tensor<256xf32>
    (%188) = "builtin.parameter" [id:2204] () {is_distributed:[false],is_parameter:[true],need_clip:[true],origin_id:142,parameter_name:"batch_norm2d_28.w_1_deepcopy_145",persistable:[true],stop_gradient:[true],trainable:[false]} : () -> custom_device_tensor<256xf32>
    (%189) = "builtin.parameter" [id:2205] () {is_distributed:[false],is_parameter:[true],need_clip:[true],origin_id:143,parameter_name:"batch_norm2d_28.b_0_deepcopy_144",persistable:[true],stop_gradient:[true],trainable:[false]} : () -> custom_device_tensor<256xf32>
    (%190) = "builtin.parameter" [id:2206] () {is_distributed:[false],is_parameter:[true],need_clip:[true],origin_id:144,parameter_name:"batch_norm2d_28.w_0_deepcopy_143",persistable:[true],stop_gradient:[true],trainable:[false]} : () -> custom_device_tensor<256xf32>
    (%191) = "builtin.parameter" [id:2207] () {is_distributed:[false],is_parameter:[true],need_clip:[true],origin_id:145,parameter_name:"conv2d_28.w_0_deepcopy_142",persistable:[true],stop_gradient:[false],trainable:[true]} : () -> custom_device_tensor<256x1024x1x1xf32>
    (%192) = "builtin.parameter" [id:2208] () {is_distributed:[false],is_parameter:[true],need_clip:[true],origin_id:146,parameter_name:"batch_norm2d_27.w_2_deepcopy_141",persistable:[true],stop_gradient:[true],trainable:[false]} : () -> custom_device_tensor<1024xf32>
    (%193) = "builtin.parameter" [id:2209] () {is_distributed:[false],is_parameter:[true],need_clip:[true],origin_id:147,parameter_name:"batch_norm2d_27.w_1_deepcopy_140",persistable:[true],stop_gradient:[true],trainable:[false]} : () -> custom_device_tensor<1024xf32>
    (%194) = "builtin.parameter" [id:2210] () {is_distributed:[false],is_parameter:[true],need_clip:[true],origin_id:148,parameter_name:"batch_norm2d_27.b_0_deepcopy_139",persistable:[true],stop_gradient:[true],trainable:[false]} : () -> custom_device_tensor<1024xf32>
    (%195) = "builtin.parameter" [id:2211] () {is_distributed:[false],is_parameter:[true],need_clip:[true],origin_id:149,parameter_name:"batch_norm2d_27.w_0_deepcopy_138",persistable:[true],stop_gradient:[true],trainable:[false]} : () -> custom_device_tensor<1024xf32>
    (%196) = "builtin.parameter" [id:2212] () {is_distributed:[false],is_parameter:[true],need_clip:[true],origin_id:150,parameter_name:"conv2d_27.w_0_deepcopy_137",persistable:[true],stop_gradient:[false],trainable:[true]} : () -> custom_device_tensor<1024x512x1x1xf32>
    (%197) = "builtin.parameter" [id:2213] () {is_distributed:[false],is_parameter:[true],need_clip:[true],origin_id:151,parameter_name:"batch_norm2d_26.w_2_deepcopy_136",persistable:[true],stop_gradient:[true],trainable:[false]} : () -> custom_device_tensor<1024xf32>
    (%198) = "builtin.parameter" [id:2214] () {is_distributed:[false],is_parameter:[true],need_clip:[true],origin_id:152,parameter_name:"batch_norm2d_26.w_1_deepcopy_135",persistable:[true],stop_gradient:[true],trainable:[false]} : () -> custom_device_tensor<1024xf32>
    (%199) = "builtin.parameter" [id:2215] () {is_distributed:[false],is_parameter:[true],need_clip:[true],origin_id:153,parameter_name:"batch_norm2d_26.b_0_deepcopy_134",persistable:[true],stop_gradient:[true],trainable:[false]} : () -> custom_device_tensor<1024xf32>
    (%200) = "builtin.parameter" [id:2216] () {is_distributed:[false],is_parameter:[true],need_clip:[true],origin_id:154,parameter_name:"batch_norm2d_26.w_0_deepcopy_133",persistable:[true],stop_gradient:[true],trainable:[false]} : () -> custom_device_tensor<1024xf32>
    (%201) = "builtin.parameter" [id:2217] () {is_distributed:[false],is_parameter:[true],need_clip:[true],origin_id:155,parameter_name:"conv2d_26.w_0_deepcopy_132",persistable:[true],stop_gradient:[false],trainable:[true]} : () -> custom_device_tensor<1024x256x1x1xf32>
    (%202) = "builtin.parameter" [id:2218] () {is_distributed:[false],is_parameter:[true],need_clip:[true],origin_id:156,parameter_name:"batch_norm2d_25.w_2_deepcopy_131",persistable:[true],stop_gradient:[true],trainable:[false]} : () -> custom_device_tensor<256xf32>
    (%203) = "builtin.parameter" [id:2219] () {is_distributed:[false],is_parameter:[true],need_clip:[true],origin_id:157,parameter_name:"batch_norm2d_25.w_1_deepcopy_130",persistable:[true],stop_gradient:[true],trainable:[false]} : () -> custom_device_tensor<256xf32>
    (%204) = "builtin.parameter" [id:2220] () {is_distributed:[false],is_parameter:[true],need_clip:[true],origin_id:158,parameter_name:"batch_norm2d_25.b_0_deepcopy_129",persistable:[true],stop_gradient:[true],trainable:[false]} : () -> custom_device_tensor<256xf32>
    (%205) = "builtin.parameter" [id:2221] () {is_distributed:[false],is_parameter:[true],need_clip:[true],origin_id:159,parameter_name:"batch_norm2d_25.w_0_deepcopy_128",persistable:[true],stop_gradient:[true],trainable:[false]} : () -> custom_device_tensor<256xf32>
    (%206) = "builtin.parameter" [id:2222] () {is_distributed:[false],is_parameter:[true],need_clip:[true],origin_id:160,parameter_name:"conv2d_25.w_0_deepcopy_127",persistable:[true],stop_gradient:[false],trainable:[true]} : () -> custom_device_tensor<256x256x3x3xf32>
    (%207) = "builtin.parameter" [id:2223] () {is_distributed:[false],is_parameter:[true],need_clip:[true],origin_id:161,parameter_name:"batch_norm2d_24.w_2_deepcopy_126",persistable:[true],stop_gradient:[true],trainable:[false]} : () -> custom_device_tensor<256xf32>
    (%208) = "builtin.parameter" [id:2224] () {is_distributed:[false],is_parameter:[true],need_clip:[true],origin_id:162,parameter_name:"batch_norm2d_24.w_1_deepcopy_125",persistable:[true],stop_gradient:[true],trainable:[false]} : () -> custom_device_tensor<256xf32>
    (%209) = "builtin.parameter" [id:2225] () {is_distributed:[false],is_parameter:[true],need_clip:[true],origin_id:163,parameter_name:"batch_norm2d_24.b_0_deepcopy_124",persistable:[true],stop_gradient:[true],trainable:[false]} : () -> custom_device_tensor<256xf32>
    (%210) = "builtin.parameter" [id:2226] () {is_distributed:[false],is_parameter:[true],need_clip:[true],origin_id:164,parameter_name:"batch_norm2d_24.w_0_deepcopy_123",persistable:[true],stop_gradient:[true],trainable:[false]} : () -> custom_device_tensor<256xf32>
    (%211) = "builtin.parameter" [id:2227] () {is_distributed:[false],is_parameter:[true],need_clip:[true],origin_id:165,parameter_name:"conv2d_24.w_0_deepcopy_122",persistable:[true],stop_gradient:[false],trainable:[true]} : () -> custom_device_tensor<256x512x1x1xf32>
    (%212) = "builtin.parameter" [id:2228] () {is_distributed:[false],is_parameter:[true],need_clip:[true],origin_id:166,parameter_name:"batch_norm2d_23.w_2_deepcopy_121",persistable:[true],stop_gradient:[true],trainable:[false]} : () -> custom_device_tensor<512xf32>
    (%213) = "builtin.parameter" [id:2229] () {is_distributed:[false],is_parameter:[true],need_clip:[true],origin_id:167,parameter_name:"batch_norm2d_23.w_1_deepcopy_120",persistable:[true],stop_gradient:[true],trainable:[false]} : () -> custom_device_tensor<512xf32>
    (%214) = "builtin.parameter" [id:2230] () {is_distributed:[false],is_parameter:[true],need_clip:[true],origin_id:168,parameter_name:"batch_norm2d_23.b_0_deepcopy_119",persistable:[true],stop_gradient:[true],trainable:[false]} : () -> custom_device_tensor<512xf32>
    (%215) = "builtin.parameter" [id:2231] () {is_distributed:[false],is_parameter:[true],need_clip:[true],origin_id:169,parameter_name:"batch_norm2d_23.w_0_deepcopy_118",persistable:[true],stop_gradient:[true],trainable:[false]} : () -> custom_device_tensor<512xf32>
    (%216) = "builtin.parameter" [id:2232] () {is_distributed:[false],is_parameter:[true],need_clip:[true],origin_id:170,parameter_name:"conv2d_23.w_0_deepcopy_117",persistable:[true],stop_gradient:[false],trainable:[true]} : () -> custom_device_tensor<512x128x1x1xf32>
    (%217) = "builtin.parameter" [id:2233] () {is_distributed:[false],is_parameter:[true],need_clip:[true],origin_id:171,parameter_name:"batch_norm2d_22.w_2_deepcopy_116",persistable:[true],stop_gradient:[true],trainable:[false]} : () -> custom_device_tensor<128xf32>
    (%218) = "builtin.parameter" [id:2234] () {is_distributed:[false],is_parameter:[true],need_clip:[true],origin_id:172,parameter_name:"batch_norm2d_22.w_1_deepcopy_115",persistable:[true],stop_gradient:[true],trainable:[false]} : () -> custom_device_tensor<128xf32>
    (%219) = "builtin.parameter" [id:2235] () {is_distributed:[false],is_parameter:[true],need_clip:[true],origin_id:173,parameter_name:"batch_norm2d_22.b_0_deepcopy_114",persistable:[true],stop_gradient:[true],trainable:[false]} : () -> custom_device_tensor<128xf32>
    (%220) = "builtin.parameter" [id:2236] () {is_distributed:[false],is_parameter:[true],need_clip:[true],origin_id:174,parameter_name:"batch_norm2d_22.w_0_deepcopy_113",persistable:[true],stop_gradient:[true],trainable:[false]} : () -> custom_device_tensor<128xf32>
    (%221) = "builtin.parameter" [id:2237] () {is_distributed:[false],is_parameter:[true],need_clip:[true],origin_id:175,parameter_name:"conv2d_22.w_0_deepcopy_112",persistable:[true],stop_gradient:[false],trainable:[true]} : () -> custom_device_tensor<128x128x3x3xf32>
    (%222) = "builtin.parameter" [id:2238] () {is_distributed:[false],is_parameter:[true],need_clip:[true],origin_id:176,parameter_name:"batch_norm2d_21.w_2_deepcopy_111",persistable:[true],stop_gradient:[true],trainable:[false]} : () -> custom_device_tensor<128xf32>
    (%223) = "builtin.parameter" [id:2239] () {is_distributed:[false],is_parameter:[true],need_clip:[true],origin_id:177,parameter_name:"batch_norm2d_21.w_1_deepcopy_110",persistable:[true],stop_gradient:[true],trainable:[false]} : () -> custom_device_tensor<128xf32>
    (%224) = "builtin.parameter" [id:2240] () {is_distributed:[false],is_parameter:[true],need_clip:[true],origin_id:178,parameter_name:"batch_norm2d_21.b_0_deepcopy_109",persistable:[true],stop_gradient:[true],trainable:[false]} : () -> custom_device_tensor<128xf32>
    (%225) = "builtin.parameter" [id:2241] () {is_distributed:[false],is_parameter:[true],need_clip:[true],origin_id:179,parameter_name:"batch_norm2d_21.w_0_deepcopy_108",persistable:[true],stop_gradient:[true],trainable:[false]} : () -> custom_device_tensor<128xf32>
    (%226) = "builtin.parameter" [id:2242] () {is_distributed:[false],is_parameter:[true],need_clip:[true],origin_id:180,parameter_name:"conv2d_21.w_0_deepcopy_107",persistable:[true],stop_gradient:[false],trainable:[true]} : () -> custom_device_tensor<128x512x1x1xf32>
    (%227) = "builtin.parameter" [id:2243] () {is_distributed:[false],is_parameter:[true],need_clip:[true],origin_id:181,parameter_name:"batch_norm2d_20.w_2_deepcopy_106",persistable:[true],stop_gradient:[true],trainable:[false]} : () -> custom_device_tensor<512xf32>
    (%228) = "builtin.parameter" [id:2244] () {is_distributed:[false],is_parameter:[true],need_clip:[true],origin_id:182,parameter_name:"batch_norm2d_20.w_1_deepcopy_105",persistable:[true],stop_gradient:[true],trainable:[false]} : () -> custom_device_tensor<512xf32>
    (%229) = "builtin.parameter" [id:2245] () {is_distributed:[false],is_parameter:[true],need_clip:[true],origin_id:183,parameter_name:"batch_norm2d_20.b_0_deepcopy_104",persistable:[true],stop_gradient:[true],trainable:[false]} : () -> custom_device_tensor<512xf32>
    (%230) = "builtin.parameter" [id:2246] () {is_distributed:[false],is_parameter:[true],need_clip:[true],origin_id:184,parameter_name:"batch_norm2d_20.w_0_deepcopy_103",persistable:[true],stop_gradient:[true],trainable:[false]} : () -> custom_device_tensor<512xf32>
    (%231) = "builtin.parameter" [id:2247] () {is_distributed:[false],is_parameter:[true],need_clip:[true],origin_id:185,parameter_name:"conv2d_20.w_0_deepcopy_102",persistable:[true],stop_gradient:[false],trainable:[true]} : () -> custom_device_tensor<512x128x1x1xf32>
    (%232) = "builtin.parameter" [id:2248] () {is_distributed:[false],is_parameter:[true],need_clip:[true],origin_id:186,parameter_name:"batch_norm2d_19.w_2_deepcopy_101",persistable:[true],stop_gradient:[true],trainable:[false]} : () -> custom_device_tensor<128xf32>
    (%233) = "builtin.parameter" [id:2249] () {is_distributed:[false],is_parameter:[true],need_clip:[true],origin_id:187,parameter_name:"batch_norm2d_19.w_1_deepcopy_100",persistable:[true],stop_gradient:[true],trainable:[false]} : () -> custom_device_tensor<128xf32>
    (%234) = "builtin.parameter" [id:2250] () {is_distributed:[false],is_parameter:[true],need_clip:[true],origin_id:188,parameter_name:"batch_norm2d_19.b_0_deepcopy_99",persistable:[true],stop_gradient:[true],trainable:[false]} : () -> custom_device_tensor<128xf32>
    (%235) = "builtin.parameter" [id:2251] () {is_distributed:[false],is_parameter:[true],need_clip:[true],origin_id:189,parameter_name:"batch_norm2d_19.w_0_deepcopy_98",persistable:[true],stop_gradient:[true],trainable:[false]} : () -> custom_device_tensor<128xf32>
    (%236) = "builtin.parameter" [id:2252] () {is_distributed:[false],is_parameter:[true],need_clip:[true],origin_id:190,parameter_name:"conv2d_19.w_0_deepcopy_97",persistable:[true],stop_gradient:[false],trainable:[true]} : () -> custom_device_tensor<128x128x3x3xf32>
    (%237) = "builtin.parameter" [id:2253] () {is_distributed:[false],is_parameter:[true],need_clip:[true],origin_id:191,parameter_name:"batch_norm2d_18.w_2_deepcopy_96",persistable:[true],stop_gradient:[true],trainable:[false]} : () -> custom_device_tensor<128xf32>
    (%238) = "builtin.parameter" [id:2254] () {is_distributed:[false],is_parameter:[true],need_clip:[true],origin_id:192,parameter_name:"batch_norm2d_18.w_1_deepcopy_95",persistable:[true],stop_gradient:[true],trainable:[false]} : () -> custom_device_tensor<128xf32>
    (%239) = "builtin.parameter" [id:2255] () {is_distributed:[false],is_parameter:[true],need_clip:[true],origin_id:193,parameter_name:"batch_norm2d_18.b_0_deepcopy_94",persistable:[true],stop_gradient:[true],trainable:[false]} : () -> custom_device_tensor<128xf32>
    (%240) = "builtin.parameter" [id:2256] () {is_distributed:[false],is_parameter:[true],need_clip:[true],origin_id:194,parameter_name:"batch_norm2d_18.w_0_deepcopy_93",persistable:[true],stop_gradient:[true],trainable:[false]} : () -> custom_device_tensor<128xf32>
    (%241) = "builtin.parameter" [id:2257] () {is_distributed:[false],is_parameter:[true],need_clip:[true],origin_id:195,parameter_name:"conv2d_18.w_0_deepcopy_92",persistable:[true],stop_gradient:[false],trainable:[true]} : () -> custom_device_tensor<128x512x1x1xf32>
    (%242) = "builtin.parameter" [id:2258] () {is_distributed:[false],is_parameter:[true],need_clip:[true],origin_id:196,parameter_name:"batch_norm2d_17.w_2_deepcopy_91",persistable:[true],stop_gradient:[true],trainable:[false]} : () -> custom_device_tensor<512xf32>
    (%243) = "builtin.parameter" [id:2259] () {is_distributed:[false],is_parameter:[true],need_clip:[true],origin_id:197,parameter_name:"batch_norm2d_17.w_1_deepcopy_90",persistable:[true],stop_gradient:[true],trainable:[false]} : () -> custom_device_tensor<512xf32>
    (%244) = "builtin.parameter" [id:2260] () {is_distributed:[false],is_parameter:[true],need_clip:[true],origin_id:198,parameter_name:"batch_norm2d_17.b_0_deepcopy_89",persistable:[true],stop_gradient:[true],trainable:[false]} : () -> custom_device_tensor<512xf32>
    (%245) = "builtin.parameter" [id:2261] () {is_distributed:[false],is_parameter:[true],need_clip:[true],origin_id:199,parameter_name:"batch_norm2d_17.w_0_deepcopy_88",persistable:[true],stop_gradient:[true],trainable:[false]} : () -> custom_device_tensor<512xf32>
    (%246) = "builtin.parameter" [id:2262] () {is_distributed:[false],is_parameter:[true],need_clip:[true],origin_id:200,parameter_name:"conv2d_17.w_0_deepcopy_87",persistable:[true],stop_gradient:[false],trainable:[true]} : () -> custom_device_tensor<512x128x1x1xf32>
    (%247) = "builtin.parameter" [id:2263] () {is_distributed:[false],is_parameter:[true],need_clip:[true],origin_id:201,parameter_name:"batch_norm2d_16.w_2_deepcopy_86",persistable:[true],stop_gradient:[true],trainable:[false]} : () -> custom_device_tensor<128xf32>
    (%248) = "builtin.parameter" [id:2264] () {is_distributed:[false],is_parameter:[true],need_clip:[true],origin_id:202,parameter_name:"batch_norm2d_16.w_1_deepcopy_85",persistable:[true],stop_gradient:[true],trainable:[false]} : () -> custom_device_tensor<128xf32>
    (%249) = "builtin.parameter" [id:2265] () {is_distributed:[false],is_parameter:[true],need_clip:[true],origin_id:203,parameter_name:"batch_norm2d_16.b_0_deepcopy_84",persistable:[true],stop_gradient:[true],trainable:[false]} : () -> custom_device_tensor<128xf32>
    (%250) = "builtin.parameter" [id:2266] () {is_distributed:[false],is_parameter:[true],need_clip:[true],origin_id:204,parameter_name:"batch_norm2d_16.w_0_deepcopy_83",persistable:[true],stop_gradient:[true],trainable:[false]} : () -> custom_device_tensor<128xf32>
    (%251) = "builtin.parameter" [id:2267] () {is_distributed:[false],is_parameter:[true],need_clip:[true],origin_id:205,parameter_name:"conv2d_16.w_0_deepcopy_82",persistable:[true],stop_gradient:[false],trainable:[true]} : () -> custom_device_tensor<128x128x3x3xf32>
    (%252) = "builtin.parameter" [id:2268] () {is_distributed:[false],is_parameter:[true],need_clip:[true],origin_id:206,parameter_name:"batch_norm2d_15.w_2_deepcopy_81",persistable:[true],stop_gradient:[true],trainable:[false]} : () -> custom_device_tensor<128xf32>
    (%253) = "builtin.parameter" [id:2269] () {is_distributed:[false],is_parameter:[true],need_clip:[true],origin_id:207,parameter_name:"batch_norm2d_15.w_1_deepcopy_80",persistable:[true],stop_gradient:[true],trainable:[false]} : () -> custom_device_tensor<128xf32>
    (%254) = "builtin.parameter" [id:2270] () {is_distributed:[false],is_parameter:[true],need_clip:[true],origin_id:208,parameter_name:"batch_norm2d_15.b_0_deepcopy_79",persistable:[true],stop_gradient:[true],trainable:[false]} : () -> custom_device_tensor<128xf32>
    (%255) = "builtin.parameter" [id:2271] () {is_distributed:[false],is_parameter:[true],need_clip:[true],origin_id:209,parameter_name:"batch_norm2d_15.w_0_deepcopy_78",persistable:[true],stop_gradient:[true],trainable:[false]} : () -> custom_device_tensor<128xf32>
    (%256) = "builtin.parameter" [id:2272] () {is_distributed:[false],is_parameter:[true],need_clip:[true],origin_id:210,parameter_name:"conv2d_15.w_0_deepcopy_77",persistable:[true],stop_gradient:[false],trainable:[true]} : () -> custom_device_tensor<128x512x1x1xf32>
    (%257) = "builtin.parameter" [id:2273] () {is_distributed:[false],is_parameter:[true],need_clip:[true],origin_id:211,parameter_name:"batch_norm2d_14.w_2_deepcopy_76",persistable:[true],stop_gradient:[true],trainable:[false]} : () -> custom_device_tensor<512xf32>
    (%258) = "builtin.parameter" [id:2274] () {is_distributed:[false],is_parameter:[true],need_clip:[true],origin_id:212,parameter_name:"batch_norm2d_14.w_1_deepcopy_75",persistable:[true],stop_gradient:[true],trainable:[false]} : () -> custom_device_tensor<512xf32>
    (%259) = "builtin.parameter" [id:2275] () {is_distributed:[false],is_parameter:[true],need_clip:[true],origin_id:213,parameter_name:"batch_norm2d_14.b_0_deepcopy_74",persistable:[true],stop_gradient:[true],trainable:[false]} : () -> custom_device_tensor<512xf32>
    (%260) = "builtin.parameter" [id:2276] () {is_distributed:[false],is_parameter:[true],need_clip:[true],origin_id:214,parameter_name:"batch_norm2d_14.w_0_deepcopy_73",persistable:[true],stop_gradient:[true],trainable:[false]} : () -> custom_device_tensor<512xf32>
    (%261) = "builtin.parameter" [id:2277] () {is_distributed:[false],is_parameter:[true],need_clip:[true],origin_id:215,parameter_name:"conv2d_14.w_0_deepcopy_72",persistable:[true],stop_gradient:[false],trainable:[true]} : () -> custom_device_tensor<512x256x1x1xf32>
    (%262) = "builtin.parameter" [id:2278] () {is_distributed:[false],is_parameter:[true],need_clip:[true],origin_id:216,parameter_name:"batch_norm2d_13.w_2_deepcopy_71",persistable:[true],stop_gradient:[true],trainable:[false]} : () -> custom_device_tensor<512xf32>
    (%263) = "builtin.parameter" [id:2279] () {is_distributed:[false],is_parameter:[true],need_clip:[true],origin_id:217,parameter_name:"batch_norm2d_13.w_1_deepcopy_70",persistable:[true],stop_gradient:[true],trainable:[false]} : () -> custom_device_tensor<512xf32>
    (%264) = "builtin.parameter" [id:2280] () {is_distributed:[false],is_parameter:[true],need_clip:[true],origin_id:218,parameter_name:"batch_norm2d_13.b_0_deepcopy_69",persistable:[true],stop_gradient:[true],trainable:[false]} : () -> custom_device_tensor<512xf32>
    (%265) = "builtin.parameter" [id:2281] () {is_distributed:[false],is_parameter:[true],need_clip:[true],origin_id:219,parameter_name:"batch_norm2d_13.w_0_deepcopy_68",persistable:[true],stop_gradient:[true],trainable:[false]} : () -> custom_device_tensor<512xf32>
    (%266) = "builtin.parameter" [id:2282] () {is_distributed:[false],is_parameter:[true],need_clip:[true],origin_id:220,parameter_name:"conv2d_13.w_0_deepcopy_67",persistable:[true],stop_gradient:[false],trainable:[true]} : () -> custom_device_tensor<512x128x1x1xf32>
    (%267) = "builtin.parameter" [id:2283] () {is_distributed:[false],is_parameter:[true],need_clip:[true],origin_id:221,parameter_name:"batch_norm2d_12.w_2_deepcopy_66",persistable:[true],stop_gradient:[true],trainable:[false]} : () -> custom_device_tensor<128xf32>
    (%268) = "builtin.parameter" [id:2284] () {is_distributed:[false],is_parameter:[true],need_clip:[true],origin_id:222,parameter_name:"batch_norm2d_12.w_1_deepcopy_65",persistable:[true],stop_gradient:[true],trainable:[false]} : () -> custom_device_tensor<128xf32>
    (%269) = "builtin.parameter" [id:2285] () {is_distributed:[false],is_parameter:[true],need_clip:[true],origin_id:223,parameter_name:"batch_norm2d_12.b_0_deepcopy_64",persistable:[true],stop_gradient:[true],trainable:[false]} : () -> custom_device_tensor<128xf32>
    (%270) = "builtin.parameter" [id:2286] () {is_distributed:[false],is_parameter:[true],need_clip:[true],origin_id:224,parameter_name:"batch_norm2d_12.w_0_deepcopy_63",persistable:[true],stop_gradient:[true],trainable:[false]} : () -> custom_device_tensor<128xf32>
    (%271) = "builtin.parameter" [id:2287] () {is_distributed:[false],is_parameter:[true],need_clip:[true],origin_id:225,parameter_name:"conv2d_12.w_0_deepcopy_62",persistable:[true],stop_gradient:[false],trainable:[true]} : () -> custom_device_tensor<128x128x3x3xf32>
    (%272) = "builtin.parameter" [id:2288] () {is_distributed:[false],is_parameter:[true],need_clip:[true],origin_id:226,parameter_name:"batch_norm2d_11.w_2_deepcopy_61",persistable:[true],stop_gradient:[true],trainable:[false]} : () -> custom_device_tensor<128xf32>
    (%273) = "builtin.parameter" [id:2289] () {is_distributed:[false],is_parameter:[true],need_clip:[true],origin_id:227,parameter_name:"batch_norm2d_11.w_1_deepcopy_60",persistable:[true],stop_gradient:[true],trainable:[false]} : () -> custom_device_tensor<128xf32>
    (%274) = "builtin.parameter" [id:2290] () {is_distributed:[false],is_parameter:[true],need_clip:[true],origin_id:228,parameter_name:"batch_norm2d_11.b_0_deepcopy_59",persistable:[true],stop_gradient:[true],trainable:[false]} : () -> custom_device_tensor<128xf32>
    (%275) = "builtin.parameter" [id:2291] () {is_distributed:[false],is_parameter:[true],need_clip:[true],origin_id:229,parameter_name:"batch_norm2d_11.w_0_deepcopy_58",persistable:[true],stop_gradient:[true],trainable:[false]} : () -> custom_device_tensor<128xf32>
    (%276) = "builtin.parameter" [id:2292] () {is_distributed:[false],is_parameter:[true],need_clip:[true],origin_id:230,parameter_name:"conv2d_11.w_0_deepcopy_57",persistable:[true],stop_gradient:[false],trainable:[true]} : () -> custom_device_tensor<128x256x1x1xf32>
    (%277) = "builtin.parameter" [id:2293] () {is_distributed:[false],is_parameter:[true],need_clip:[true],origin_id:231,parameter_name:"batch_norm2d_10.w_2_deepcopy_56",persistable:[true],stop_gradient:[true],trainable:[false]} : () -> custom_device_tensor<256xf32>
    (%278) = "builtin.parameter" [id:2294] () {is_distributed:[false],is_parameter:[true],need_clip:[true],origin_id:232,parameter_name:"batch_norm2d_10.w_1_deepcopy_55",persistable:[true],stop_gradient:[true],trainable:[false]} : () -> custom_device_tensor<256xf32>
    (%279) = "builtin.parameter" [id:2295] () {is_distributed:[false],is_parameter:[true],need_clip:[true],origin_id:233,parameter_name:"batch_norm2d_10.b_0_deepcopy_54",persistable:[true],stop_gradient:[true],trainable:[false]} : () -> custom_device_tensor<256xf32>
    (%280) = "builtin.parameter" [id:2296] () {is_distributed:[false],is_parameter:[true],need_clip:[true],origin_id:234,parameter_name:"batch_norm2d_10.w_0_deepcopy_53",persistable:[true],stop_gradient:[true],trainable:[false]} : () -> custom_device_tensor<256xf32>
    (%281) = "builtin.parameter" [id:2297] () {is_distributed:[false],is_parameter:[true],need_clip:[true],origin_id:235,parameter_name:"conv2d_10.w_0_deepcopy_52",persistable:[true],stop_gradient:[true],trainable:[false]} : () -> custom_device_tensor<256x64x1x1xf32>
    (%282) = "builtin.parameter" [id:2298] () {is_distributed:[false],is_parameter:[true],need_clip:[true],origin_id:236,parameter_name:"batch_norm2d_9.w_2_deepcopy_51",persistable:[true],stop_gradient:[true],trainable:[false]} : () -> custom_device_tensor<64xf32>
    (%283) = "builtin.parameter" [id:2299] () {is_distributed:[false],is_parameter:[true],need_clip:[true],origin_id:237,parameter_name:"batch_norm2d_9.w_1_deepcopy_50",persistable:[true],stop_gradient:[true],trainable:[false]} : () -> custom_device_tensor<64xf32>
    (%284) = "builtin.parameter" [id:2300] () {is_distributed:[false],is_parameter:[true],need_clip:[true],origin_id:238,parameter_name:"batch_norm2d_9.b_0_deepcopy_49",persistable:[true],stop_gradient:[true],trainable:[false]} : () -> custom_device_tensor<64xf32>
    (%285) = "builtin.parameter" [id:2301] () {is_distributed:[false],is_parameter:[true],need_clip:[true],origin_id:239,parameter_name:"batch_norm2d_9.w_0_deepcopy_48",persistable:[true],stop_gradient:[true],trainable:[false]} : () -> custom_device_tensor<64xf32>
    (%286) = "builtin.parameter" [id:2302] () {is_distributed:[false],is_parameter:[true],need_clip:[true],origin_id:240,parameter_name:"conv2d_9.w_0_deepcopy_47",persistable:[true],stop_gradient:[true],trainable:[false]} : () -> custom_device_tensor<64x64x3x3xf32>
    (%287) = "builtin.parameter" [id:2303] () {is_distributed:[false],is_parameter:[true],need_clip:[true],origin_id:241,parameter_name:"batch_norm2d_8.w_2_deepcopy_46",persistable:[true],stop_gradient:[true],trainable:[false]} : () -> custom_device_tensor<64xf32>
    (%288) = "builtin.parameter" [id:2304] () {is_distributed:[false],is_parameter:[true],need_clip:[true],origin_id:242,parameter_name:"batch_norm2d_8.w_1_deepcopy_45",persistable:[true],stop_gradient:[true],trainable:[false]} : () -> custom_device_tensor<64xf32>
    (%289) = "builtin.parameter" [id:2305] () {is_distributed:[false],is_parameter:[true],need_clip:[true],origin_id:243,parameter_name:"batch_norm2d_8.b_0_deepcopy_44",persistable:[true],stop_gradient:[true],trainable:[false]} : () -> custom_device_tensor<64xf32>
    (%290) = "builtin.parameter" [id:2306] () {is_distributed:[false],is_parameter:[true],need_clip:[true],origin_id:244,parameter_name:"batch_norm2d_8.w_0_deepcopy_43",persistable:[true],stop_gradient:[true],trainable:[false]} : () -> custom_device_tensor<64xf32>
    (%291) = "builtin.parameter" [id:2307] () {is_distributed:[false],is_parameter:[true],need_clip:[true],origin_id:245,parameter_name:"conv2d_8.w_0_deepcopy_42",persistable:[true],stop_gradient:[true],trainable:[false]} : () -> custom_device_tensor<64x256x1x1xf32>
    (%292) = "builtin.parameter" [id:2308] () {is_distributed:[false],is_parameter:[true],need_clip:[true],origin_id:246,parameter_name:"batch_norm2d_7.w_2_deepcopy_41",persistable:[true],stop_gradient:[true],trainable:[false]} : () -> custom_device_tensor<256xf32>
    (%293) = "builtin.parameter" [id:2309] () {is_distributed:[false],is_parameter:[true],need_clip:[true],origin_id:247,parameter_name:"batch_norm2d_7.w_1_deepcopy_40",persistable:[true],stop_gradient:[true],trainable:[false]} : () -> custom_device_tensor<256xf32>
    (%294) = "builtin.parameter" [id:2310] () {is_distributed:[false],is_parameter:[true],need_clip:[true],origin_id:248,parameter_name:"batch_norm2d_7.b_0_deepcopy_39",persistable:[true],stop_gradient:[true],trainable:[false]} : () -> custom_device_tensor<256xf32>
    (%295) = "builtin.parameter" [id:2311] () {is_distributed:[false],is_parameter:[true],need_clip:[true],origin_id:249,parameter_name:"batch_norm2d_7.w_0_deepcopy_38",persistable:[true],stop_gradient:[true],trainable:[false]} : () -> custom_device_tensor<256xf32>
    (%296) = "builtin.parameter" [id:2312] () {is_distributed:[false],is_parameter:[true],need_clip:[true],origin_id:250,parameter_name:"conv2d_7.w_0_deepcopy_37",persistable:[true],stop_gradient:[true],trainable:[false]} : () -> custom_device_tensor<256x64x1x1xf32>
    (%297) = "builtin.parameter" [id:2313] () {is_distributed:[false],is_parameter:[true],need_clip:[true],origin_id:251,parameter_name:"batch_norm2d_6.w_2_deepcopy_36",persistable:[true],stop_gradient:[true],trainable:[false]} : () -> custom_device_tensor<64xf32>
    (%298) = "builtin.parameter" [id:2314] () {is_distributed:[false],is_parameter:[true],need_clip:[true],origin_id:252,parameter_name:"batch_norm2d_6.w_1_deepcopy_35",persistable:[true],stop_gradient:[true],trainable:[false]} : () -> custom_device_tensor<64xf32>
    (%299) = "builtin.parameter" [id:2315] () {is_distributed:[false],is_parameter:[true],need_clip:[true],origin_id:253,parameter_name:"batch_norm2d_6.b_0_deepcopy_34",persistable:[true],stop_gradient:[true],trainable:[false]} : () -> custom_device_tensor<64xf32>
    (%300) = "builtin.parameter" [id:2316] () {is_distributed:[false],is_parameter:[true],need_clip:[true],origin_id:254,parameter_name:"batch_norm2d_6.w_0_deepcopy_33",persistable:[true],stop_gradient:[true],trainable:[false]} : () -> custom_device_tensor<64xf32>
    (%301) = "builtin.parameter" [id:2317] () {is_distributed:[false],is_parameter:[true],need_clip:[true],origin_id:255,parameter_name:"conv2d_6.w_0_deepcopy_32",persistable:[true],stop_gradient:[true],trainable:[false]} : () -> custom_device_tensor<64x64x3x3xf32>
    (%302) = "builtin.parameter" [id:2318] () {is_distributed:[false],is_parameter:[true],need_clip:[true],origin_id:256,parameter_name:"batch_norm2d_5.w_2_deepcopy_31",persistable:[true],stop_gradient:[true],trainable:[false]} : () -> custom_device_tensor<64xf32>
    (%303) = "builtin.parameter" [id:2319] () {is_distributed:[false],is_parameter:[true],need_clip:[true],origin_id:257,parameter_name:"batch_norm2d_5.w_1_deepcopy_30",persistable:[true],stop_gradient:[true],trainable:[false]} : () -> custom_device_tensor<64xf32>
    (%304) = "builtin.parameter" [id:2320] () {is_distributed:[false],is_parameter:[true],need_clip:[true],origin_id:258,parameter_name:"batch_norm2d_5.b_0_deepcopy_29",persistable:[true],stop_gradient:[true],trainable:[false]} : () -> custom_device_tensor<64xf32>
    (%305) = "builtin.parameter" [id:2321] () {is_distributed:[false],is_parameter:[true],need_clip:[true],origin_id:259,parameter_name:"batch_norm2d_5.w_0_deepcopy_28",persistable:[true],stop_gradient:[true],trainable:[false]} : () -> custom_device_tensor<64xf32>
    (%306) = "builtin.parameter" [id:2322] () {is_distributed:[false],is_parameter:[true],need_clip:[true],origin_id:260,parameter_name:"conv2d_5.w_0_deepcopy_27",persistable:[true],stop_gradient:[true],trainable:[false]} : () -> custom_device_tensor<64x256x1x1xf32>
    (%307) = "builtin.parameter" [id:2323] () {is_distributed:[false],is_parameter:[true],need_clip:[true],origin_id:261,parameter_name:"batch_norm2d_4.w_2_deepcopy_26",persistable:[true],stop_gradient:[true],trainable:[false]} : () -> custom_device_tensor<256xf32>
    (%308) = "builtin.parameter" [id:2324] () {is_distributed:[false],is_parameter:[true],need_clip:[true],origin_id:262,parameter_name:"batch_norm2d_4.w_1_deepcopy_25",persistable:[true],stop_gradient:[true],trainable:[false]} : () -> custom_device_tensor<256xf32>
    (%309) = "builtin.parameter" [id:2325] () {is_distributed:[false],is_parameter:[true],need_clip:[true],origin_id:263,parameter_name:"batch_norm2d_4.b_0_deepcopy_24",persistable:[true],stop_gradient:[true],trainable:[false]} : () -> custom_device_tensor<256xf32>
    (%310) = "builtin.parameter" [id:2326] () {is_distributed:[false],is_parameter:[true],need_clip:[true],origin_id:264,parameter_name:"batch_norm2d_4.w_0_deepcopy_23",persistable:[true],stop_gradient:[true],trainable:[false]} : () -> custom_device_tensor<256xf32>
    (%311) = "builtin.parameter" [id:2327] () {is_distributed:[false],is_parameter:[true],need_clip:[true],origin_id:265,parameter_name:"conv2d_4.w_0_deepcopy_22",persistable:[true],stop_gradient:[true],trainable:[false]} : () -> custom_device_tensor<256x64x1x1xf32>
    (%312) = "builtin.parameter" [id:2328] () {is_distributed:[false],is_parameter:[true],need_clip:[true],origin_id:266,parameter_name:"batch_norm2d_3.w_2_deepcopy_21",persistable:[true],stop_gradient:[true],trainable:[false]} : () -> custom_device_tensor<256xf32>
    (%313) = "builtin.parameter" [id:2329] () {is_distributed:[false],is_parameter:[true],need_clip:[true],origin_id:267,parameter_name:"batch_norm2d_3.w_1_deepcopy_20",persistable:[true],stop_gradient:[true],trainable:[false]} : () -> custom_device_tensor<256xf32>
    (%314) = "builtin.parameter" [id:2330] () {is_distributed:[false],is_parameter:[true],need_clip:[true],origin_id:268,parameter_name:"batch_norm2d_3.b_0_deepcopy_19",persistable:[true],stop_gradient:[true],trainable:[false]} : () -> custom_device_tensor<256xf32>
    (%315) = "builtin.parameter" [id:2331] () {is_distributed:[false],is_parameter:[true],need_clip:[true],origin_id:269,parameter_name:"batch_norm2d_3.w_0_deepcopy_18",persistable:[true],stop_gradient:[true],trainable:[false]} : () -> custom_device_tensor<256xf32>
    (%316) = "builtin.parameter" [id:2332] () {is_distributed:[false],is_parameter:[true],need_clip:[true],origin_id:270,parameter_name:"conv2d_3.w_0_deepcopy_17",persistable:[true],stop_gradient:[true],trainable:[false]} : () -> custom_device_tensor<256x64x1x1xf32>
    (%317) = "builtin.parameter" [id:2333] () {is_distributed:[false],is_parameter:[true],need_clip:[true],origin_id:271,parameter_name:"batch_norm2d_2.w_2_deepcopy_16",persistable:[true],stop_gradient:[true],trainable:[false]} : () -> custom_device_tensor<64xf32>
    (%318) = "builtin.parameter" [id:2334] () {is_distributed:[false],is_parameter:[true],need_clip:[true],origin_id:272,parameter_name:"batch_norm2d_2.w_1_deepcopy_15",persistable:[true],stop_gradient:[true],trainable:[false]} : () -> custom_device_tensor<64xf32>
    (%319) = "builtin.parameter" [id:2335] () {is_distributed:[false],is_parameter:[true],need_clip:[true],origin_id:273,parameter_name:"batch_norm2d_2.b_0_deepcopy_14",persistable:[true],stop_gradient:[true],trainable:[false]} : () -> custom_device_tensor<64xf32>
    (%320) = "builtin.parameter" [id:2336] () {is_distributed:[false],is_parameter:[true],need_clip:[true],origin_id:274,parameter_name:"batch_norm2d_2.w_0_deepcopy_13",persistable:[true],stop_gradient:[true],trainable:[false]} : () -> custom_device_tensor<64xf32>
    (%321) = "builtin.parameter" [id:2337] () {is_distributed:[false],is_parameter:[true],need_clip:[true],origin_id:275,parameter_name:"conv2d_2.w_0_deepcopy_12",persistable:[true],stop_gradient:[true],trainable:[false]} : () -> custom_device_tensor<64x64x3x3xf32>
    (%322) = "builtin.parameter" [id:2338] () {is_distributed:[false],is_parameter:[true],need_clip:[true],origin_id:276,parameter_name:"batch_norm2d_1.w_2_deepcopy_11",persistable:[true],stop_gradient:[true],trainable:[false]} : () -> custom_device_tensor<64xf32>
    (%323) = "builtin.parameter" [id:2339] () {is_distributed:[false],is_parameter:[true],need_clip:[true],origin_id:277,parameter_name:"batch_norm2d_1.w_1_deepcopy_10",persistable:[true],stop_gradient:[true],trainable:[false]} : () -> custom_device_tensor<64xf32>
    (%324) = "builtin.parameter" [id:2340] () {is_distributed:[false],is_parameter:[true],need_clip:[true],origin_id:278,parameter_name:"batch_norm2d_1.b_0_deepcopy_9",persistable:[true],stop_gradient:[true],trainable:[false]} : () -> custom_device_tensor<64xf32>
    (%325) = "builtin.parameter" [id:2341] () {is_distributed:[false],is_parameter:[true],need_clip:[true],origin_id:279,parameter_name:"batch_norm2d_1.w_0_deepcopy_8",persistable:[true],stop_gradient:[true],trainable:[false]} : () -> custom_device_tensor<64xf32>
    (%326) = "builtin.parameter" [id:2342] () {is_distributed:[false],is_parameter:[true],need_clip:[true],origin_id:280,parameter_name:"conv2d_1.w_0_deepcopy_7",persistable:[true],stop_gradient:[true],trainable:[false]} : () -> custom_device_tensor<64x64x1x1xf32>
    (%327) = "builtin.parameter" [id:2343] () {is_distributed:[false],is_parameter:[true],need_clip:[true],origin_id:281,parameter_name:"batch_norm2d_0.w_2_deepcopy_6",persistable:[true],stop_gradient:[true],trainable:[false]} : () -> custom_device_tensor<64xf32>
    (%328) = "builtin.parameter" [id:2344] () {is_distributed:[false],is_parameter:[true],need_clip:[true],origin_id:282,parameter_name:"batch_norm2d_0.w_1_deepcopy_5",persistable:[true],stop_gradient:[true],trainable:[false]} : () -> custom_device_tensor<64xf32>
    (%329) = "builtin.parameter" [id:2345] () {is_distributed:[false],is_parameter:[true],need_clip:[true],origin_id:283,parameter_name:"batch_norm2d_0.b_0_deepcopy_4",persistable:[true],stop_gradient:[true],trainable:[false]} : () -> custom_device_tensor<64xf32>
    (%330) = "builtin.parameter" [id:2346] () {is_distributed:[false],is_parameter:[true],need_clip:[true],origin_id:284,parameter_name:"batch_norm2d_0.w_0_deepcopy_3",persistable:[true],stop_gradient:[true],trainable:[false]} : () -> custom_device_tensor<64xf32>
    (%331) = "builtin.parameter" [id:2347] () {is_distributed:[false],is_parameter:[true],need_clip:[true],origin_id:285,parameter_name:"conv2d_0.w_0_deepcopy_2",persistable:[true],stop_gradient:[true],trainable:[false]} : () -> custom_device_tensor<64x3x7x7xf32>
    (%332) = "data(phi_kernel)" () {dtype:float32,kernel_key:<backend:Undefined|layout:Undefined(AnyLayout)|dtype:float32>,kernel_name:"data",name:"im_shape",op_name:"pd_op.data",origin_id:2348,place:Place(undefined:0),shape:[-1,2],stop_gradient:[false]} : () -> undefined_tensor<-1x2xf32>
    (%333) = "shadow_feed(phi_kernel)" (%332) {dst_place_type:1,kernel_key:<backend:CUSTOM|layout:Undefined(AnyLayout)|dtype:float32>,kernel_name:"shadow_feed",op_name:"pd_op.shadow_feed",origin_id:2349} : (undefined_tensor<-1x2xf32>) -> custom_device_tensor<-1x2xf32>
    (%334) = "data(phi_kernel)" () {dtype:float32,kernel_key:<backend:Undefined|layout:Undefined(AnyLayout)|dtype:float32>,kernel_name:"data",name:"image",op_name:"pd_op.data",origin_id:2350,place:Place(undefined:0),shape:[-1,3,-1,-1],stop_gradient:[false]} : () -> undefined_tensor<-1x3x-1x-1xf32>
    (%335) = "shadow_feed(phi_kernel)" (%334) {dst_place_type:1,kernel_key:<backend:CUSTOM|layout:Undefined(AnyLayout)|dtype:float32>,kernel_name:"shadow_feed",op_name:"pd_op.shadow_feed",origin_id:2351} : (undefined_tensor<-1x3x-1x-1xf32>) -> custom_device_tensor<-1x3x-1x-1xf32>
    (%336) = "data(phi_kernel)" () {dtype:float32,kernel_key:<backend:Undefined|layout:Undefined(AnyLayout)|dtype:float32>,kernel_name:"data",name:"scale_factor",op_name:"pd_op.data",origin_id:2352,place:Place(undefined:0),shape:[-1,2],stop_gradient:[false]} : () -> undefined_tensor<-1x2xf32>
    (%337) = "shadow_feed(phi_kernel)" (%336) {dst_place_type:1,kernel_key:<backend:CUSTOM|layout:Undefined(AnyLayout)|dtype:float32>,kernel_name:"shadow_feed",op_name:"pd_op.shadow_feed",origin_id:2353} : (undefined_tensor<-1x2xf32>) -> custom_device_tensor<-1x2xf32>
    (%338) = "conv2d(phi_kernel)" (%335, %331) {data_format:"NCHW",dilations:[1,1],groups:1,kernel_key:<backend:mlu|layout:NCHW|dtype:float32>,kernel_name:"conv2d",op_name:"pd_op.conv2d",origin_id:2354,padding_algorithm:"EXPLICIT",paddings:[3,3],stop_gradient:[false],strides:[2,2],struct_name:"/ResNet/Sequential/ConvNormLayer/Conv2D/"} : (custom_device_tensor<-1x3x-1x-1xf32>, custom_device_tensor<64x3x7x7xf32>) -> custom_device_tensor<-1x64x-1x-1xf32>
    (%339, %340, %341, %342, %343, %344) = "batch_norm_(phi_kernel)" (%338, %328, %327, %330, %329) {data_format:"NCHW",epsilon:1e-05,is_inplace:true,is_test:true,kernel_key:<backend:mlu|layout:NCHW|dtype:float32>,kernel_name:"batch_norm",momentum:0.9,op_name:"pd_op.batch_norm_",origin_id:2355,stop_gradient:[false,false,false,false,false,false],struct_name:"/ResNet/Sequential/ConvNormLayer/BatchNorm2D/",trainable_statistics:false,use_global_stats:true} : (custom_device_tensor<-1x64x-1x-1xf32>, custom_device_tensor<64xf32>, custom_device_tensor<64xf32>, custom_device_tensor<64xf32>, custom_device_tensor<64xf32>) -> custom_device_tensor<-1x64x-1x-1xf32>, custom_device_tensor<64xf32>, custom_device_tensor<64xf32>, custom_device_tensor<64xf32>, custom_device_tensor<64xf32>, custom_device_tensor<-1xu8>
    (%345) = "relu(phi_kernel)" (%339) {kernel_key:<backend:mlu|layout:NCHW|dtype:float32>,kernel_name:"relu",op_name:"pd_op.relu",origin_id:2356,stop_gradient:[false],struct_name:"/ResNet/Sequential/ConvNormLayer/"} : (custom_device_tensor<-1x64x-1x-1xf32>) -> custom_device_tensor<-1x64x-1x-1xf32>
    (%346) = "transpose(phi_kernel)" (%345) {kernel_key:<backend:mlu|layout:NCHW|dtype:float32>,kernel_name:"transpose",op_name:"pd_op.transpose",origin_id:2357,perm:[0,2,3,1],source:"transfer_layout_pass",stop_gradient:[false]} : (custom_device_tensor<-1x64x-1x-1xf32>) -> custom_device_tensor<-1x-1x-1x64xf32>
    (%347) = "pool2d(phi_kernel)" (%346, %57) {adaptive:false,ceil_mode:false,data_format:"NHWC",exclusive:true,global_pooling:false,kernel_key:<backend:mlu|layout:NHWC|dtype:float32>,kernel_name:"pool2d",op_name:"pd_op.pool2d",origin_id:2358,padding_algorithm:"EXPLICIT",paddings:[1,1],pooling_type:"max",stop_gradient:[false],strides:[2,2],struct_name:"/ResNet/"} : (custom_device_tensor<-1x-1x-1x64xf32>, cpu_tensor<2xi64>) -> custom_device_tensor<-1x-1x-1x64xf32>
    (%348) = "transpose(phi_kernel)" (%347) {kernel_key:<backend:mlu|layout:NHWC|dtype:float32>,kernel_name:"transpose",op_name:"pd_op.transpose",origin_id:2359,perm:[0,3,1,2],source:"transfer_layout_pass",stop_gradient:[false]} : (custom_device_tensor<-1x-1x-1x64xf32>) -> custom_device_tensor<-1x64x-1x-1xf32>
    (%349) = "conv2d(phi_kernel)" (%348, %326) {data_format:"NCHW",dilations:[1,1],groups:1,kernel_key:<backend:mlu|layout:NCHW|dtype:float32>,kernel_name:"conv2d",op_name:"pd_op.conv2d",origin_id:2360,padding_algorithm:"EXPLICIT",paddings:[0,0],stop_gradient:[false],strides:[1,1],struct_name:"/ResNet/Blocks/BottleNeck/ConvNormLayer/Conv2D/"} : (custom_device_tensor<-1x64x-1x-1xf32>, custom_device_tensor<64x64x1x1xf32>) -> custom_device_tensor<-1x64x-1x-1xf32>
    (%350, %351, %352, %353, %354, %355) = "batch_norm_(phi_kernel)" (%349, %323, %322, %325, %324) {data_format:"NCHW",epsilon:1e-05,is_inplace:true,is_test:true,kernel_key:<backend:mlu|layout:NCHW|dtype:float32>,kernel_name:"batch_norm",momentum:0.9,op_name:"pd_op.batch_norm_",origin_id:2361,stop_gradient:[false,false,false,false,false,false],struct_name:"/ResNet/Blocks/BottleNeck/ConvNormLayer/BatchNorm2D/",trainable_statistics:false,use_global_stats:true} : (custom_device_tensor<-1x64x-1x-1xf32>, custom_device_tensor<64xf32>, custom_device_tensor<64xf32>, custom_device_tensor<64xf32>, custom_device_tensor<64xf32>) -> custom_device_tensor<-1x64x-1x-1xf32>, custom_device_tensor<64xf32>, custom_device_tensor<64xf32>, custom_device_tensor<64xf32>, custom_device_tensor<64xf32>, custom_device_tensor<-1xu8>
    (%356) = "relu(phi_kernel)" (%350) {kernel_key:<backend:mlu|layout:NCHW|dtype:float32>,kernel_name:"relu",op_name:"pd_op.relu",origin_id:2362,stop_gradient:[false],struct_name:"/ResNet/Blocks/BottleNeck/ConvNormLayer/"} : (custom_device_tensor<-1x64x-1x-1xf32>) -> custom_device_tensor<-1x64x-1x-1xf32>
    (%357) = "conv2d(phi_kernel)" (%356, %321) {data_format:"NCHW",dilations:[1,1],groups:1,kernel_key:<backend:mlu|layout:NCHW|dtype:float32>,kernel_name:"conv2d",op_name:"pd_op.conv2d",origin_id:2363,padding_algorithm:"EXPLICIT",paddings:[1,1],stop_gradient:[false],strides:[1,1],struct_name:"/ResNet/Blocks/BottleNeck/ConvNormLayer_1/Conv2D/"} : (custom_device_tensor<-1x64x-1x-1xf32>, custom_device_tensor<64x64x3x3xf32>) -> custom_device_tensor<-1x64x-1x-1xf32>
    (%358, %359, %360, %361, %362, %363) = "batch_norm_(phi_kernel)" (%357, %318, %317, %320, %319) {data_format:"NCHW",epsilon:1e-05,is_inplace:true,is_test:true,kernel_key:<backend:mlu|layout:NCHW|dtype:float32>,kernel_name:"batch_norm",momentum:0.9,op_name:"pd_op.batch_norm_",origin_id:2364,stop_gradient:[false,false,false,false,false,false],struct_name:"/ResNet/Blocks/BottleNeck/ConvNormLayer_1/BatchNorm2D/",trainable_statistics:false,use_global_stats:true} : (custom_device_tensor<-1x64x-1x-1xf32>, custom_device_tensor<64xf32>, custom_device_tensor<64xf32>, custom_device_tensor<64xf32>, custom_device_tensor<64xf32>) -> custom_device_tensor<-1x64x-1x-1xf32>, custom_device_tensor<64xf32>, custom_device_tensor<64xf32>, custom_device_tensor<64xf32>, custom_device_tensor<64xf32>, custom_device_tensor<-1xu8>
    (%364) = "relu(phi_kernel)" (%358) {kernel_key:<backend:mlu|layout:NCHW|dtype:float32>,kernel_name:"relu",op_name:"pd_op.relu",origin_id:2365,stop_gradient:[false],struct_name:"/ResNet/Blocks/BottleNeck/ConvNormLayer_1/"} : (custom_device_tensor<-1x64x-1x-1xf32>) -> custom_device_tensor<-1x64x-1x-1xf32>
    (%365) = "conv2d(phi_kernel)" (%364, %316) {data_format:"NCHW",dilations:[1,1],groups:1,kernel_key:<backend:mlu|layout:NCHW|dtype:float32>,kernel_name:"conv2d",op_name:"pd_op.conv2d",origin_id:2366,padding_algorithm:"EXPLICIT",paddings:[0,0],stop_gradient:[false],strides:[1,1],struct_name:"/ResNet/Blocks/BottleNeck/ConvNormLayer_2/Conv2D/"} : (custom_device_tensor<-1x64x-1x-1xf32>, custom_device_tensor<256x64x1x1xf32>) -> custom_device_tensor<-1x256x-1x-1xf32>
    (%366, %367, %368, %369, %370, %371) = "batch_norm_(phi_kernel)" (%365, %313, %312, %315, %314) {data_format:"NCHW",epsilon:1e-05,is_inplace:true,is_test:true,kernel_key:<backend:mlu|layout:NCHW|dtype:float32>,kernel_name:"batch_norm",momentum:0.9,op_name:"pd_op.batch_norm_",origin_id:2367,stop_gradient:[false,false,false,false,false,false],struct_name:"/ResNet/Blocks/BottleNeck/ConvNormLayer_2/BatchNorm2D/",trainable_statistics:false,use_global_stats:true} : (custom_device_tensor<-1x256x-1x-1xf32>, custom_device_tensor<256xf32>, custom_device_tensor<256xf32>, custom_device_tensor<256xf32>, custom_device_tensor<256xf32>) -> custom_device_tensor<-1x256x-1x-1xf32>, custom_device_tensor<256xf32>, custom_device_tensor<256xf32>, custom_device_tensor<256xf32>, custom_device_tensor<256xf32>, custom_device_tensor<-1xu8>
    (%372) = "conv2d(phi_kernel)" (%348, %311) {data_format:"NCHW",dilations:[1,1],groups:1,kernel_key:<backend:mlu|layout:NCHW|dtype:float32>,kernel_name:"conv2d",op_name:"pd_op.conv2d",origin_id:2368,padding_algorithm:"EXPLICIT",paddings:[0,0],stop_gradient:[false],strides:[1,1],struct_name:"/ResNet/Blocks/BottleNeck/ConvNormLayer_3/Conv2D/"} : (custom_device_tensor<-1x64x-1x-1xf32>, custom_device_tensor<256x64x1x1xf32>) -> custom_device_tensor<-1x256x-1x-1xf32>
    (%373, %374, %375, %376, %377, %378) = "batch_norm_(phi_kernel)" (%372, %308, %307, %310, %309) {data_format:"NCHW",epsilon:1e-05,is_inplace:true,is_test:true,kernel_key:<backend:mlu|layout:NCHW|dtype:float32>,kernel_name:"batch_norm",momentum:0.9,op_name:"pd_op.batch_norm_",origin_id:2369,stop_gradient:[false,false,false,false,false,false],struct_name:"/ResNet/Blocks/BottleNeck/ConvNormLayer_3/BatchNorm2D/",trainable_statistics:false,use_global_stats:true} : (custom_device_tensor<-1x256x-1x-1xf32>, custom_device_tensor<256xf32>, custom_device_tensor<256xf32>, custom_device_tensor<256xf32>, custom_device_tensor<256xf32>) -> custom_device_tensor<-1x256x-1x-1xf32>, custom_device_tensor<256xf32>, custom_device_tensor<256xf32>, custom_device_tensor<256xf32>, custom_device_tensor<256xf32>, custom_device_tensor<-1xu8>
    (%379) = "add(phi_kernel)" (%366, %373) {kernel_key:<backend:mlu|layout:NCHW|dtype:float32>,kernel_name:"add",op_name:"pd_op.add",origin_id:2370,stop_gradient:[false],struct_name:"/ResNet/Blocks/BottleNeck/"} : (custom_device_tensor<-1x256x-1x-1xf32>, custom_device_tensor<-1x256x-1x-1xf32>) -> custom_device_tensor<-1x256x-1x-1xf32>
    (%380) = "relu(phi_kernel)" (%379) {kernel_key:<backend:mlu|layout:NCHW|dtype:float32>,kernel_name:"relu",op_name:"pd_op.relu",origin_id:2371,stop_gradient:[false],struct_name:"/ResNet/Blocks/BottleNeck/"} : (custom_device_tensor<-1x256x-1x-1xf32>) -> custom_device_tensor<-1x256x-1x-1xf32>
    (%381) = "conv2d(phi_kernel)" (%380, %306) {data_format:"NCHW",dilations:[1,1],groups:1,kernel_key:<backend:mlu|layout:NCHW|dtype:float32>,kernel_name:"conv2d",op_name:"pd_op.conv2d",origin_id:2372,padding_algorithm:"EXPLICIT",paddings:[0,0],stop_gradient:[false],strides:[1,1],struct_name:"/ResNet/Blocks/BottleNeck_1/ConvNormLayer/Conv2D/"} : (custom_device_tensor<-1x256x-1x-1xf32>, custom_device_tensor<64x256x1x1xf32>) -> custom_device_tensor<-1x64x-1x-1xf32>
    (%382, %383, %384, %385, %386, %387) = "batch_norm_(phi_kernel)" (%381, %303, %302, %305, %304) {data_format:"NCHW",epsilon:1e-05,is_inplace:true,is_test:true,kernel_key:<backend:mlu|layout:NCHW|dtype:float32>,kernel_name:"batch_norm",momentum:0.9,op_name:"pd_op.batch_norm_",origin_id:2373,stop_gradient:[false,false,false,false,false,false],struct_name:"/ResNet/Blocks/BottleNeck_1/ConvNormLayer/BatchNorm2D/",trainable_statistics:false,use_global_stats:true} : (custom_device_tensor<-1x64x-1x-1xf32>, custom_device_tensor<64xf32>, custom_device_tensor<64xf32>, custom_device_tensor<64xf32>, custom_device_tensor<64xf32>) -> custom_device_tensor<-1x64x-1x-1xf32>, custom_device_tensor<64xf32>, custom_device_tensor<64xf32>, custom_device_tensor<64xf32>, custom_device_tensor<64xf32>, custom_device_tensor<-1xu8>
    (%388) = "relu(phi_kernel)" (%382) {kernel_key:<backend:mlu|layout:NCHW|dtype:float32>,kernel_name:"relu",op_name:"pd_op.relu",origin_id:2374,stop_gradient:[false],struct_name:"/ResNet/Blocks/BottleNeck_1/ConvNormLayer/"} : (custom_device_tensor<-1x64x-1x-1xf32>) -> custom_device_tensor<-1x64x-1x-1xf32>
    (%389) = "conv2d(phi_kernel)" (%388, %301) {data_format:"NCHW",dilations:[1,1],groups:1,kernel_key:<backend:mlu|layout:NCHW|dtype:float32>,kernel_name:"conv2d",op_name:"pd_op.conv2d",origin_id:2375,padding_algorithm:"EXPLICIT",paddings:[1,1],stop_gradient:[false],strides:[1,1],struct_name:"/ResNet/Blocks/BottleNeck_1/ConvNormLayer_1/Conv2D/"} : (custom_device_tensor<-1x64x-1x-1xf32>, custom_device_tensor<64x64x3x3xf32>) -> custom_device_tensor<-1x64x-1x-1xf32>
    (%390, %391, %392, %393, %394, %395) = "batch_norm_(phi_kernel)" (%389, %298, %297, %300, %299) {data_format:"NCHW",epsilon:1e-05,is_inplace:true,is_test:true,kernel_key:<backend:mlu|layout:NCHW|dtype:float32>,kernel_name:"batch_norm",momentum:0.9,op_name:"pd_op.batch_norm_",origin_id:2376,stop_gradient:[false,false,false,false,false,false],struct_name:"/ResNet/Blocks/BottleNeck_1/ConvNormLayer_1/BatchNorm2D/",trainable_statistics:false,use_global_stats:true} : (custom_device_tensor<-1x64x-1x-1xf32>, custom_device_tensor<64xf32>, custom_device_tensor<64xf32>, custom_device_tensor<64xf32>, custom_device_tensor<64xf32>) -> custom_device_tensor<-1x64x-1x-1xf32>, custom_device_tensor<64xf32>, custom_device_tensor<64xf32>, custom_device_tensor<64xf32>, custom_device_tensor<64xf32>, custom_device_tensor<-1xu8>
    (%396) = "relu(phi_kernel)" (%390) {kernel_key:<backend:mlu|layout:NCHW|dtype:float32>,kernel_name:"relu",op_name:"pd_op.relu",origin_id:2377,stop_gradient:[false],struct_name:"/ResNet/Blocks/BottleNeck_1/ConvNormLayer_1/"} : (custom_device_tensor<-1x64x-1x-1xf32>) -> custom_device_tensor<-1x64x-1x-1xf32>
    (%397) = "conv2d(phi_kernel)" (%396, %296) {data_format:"NCHW",dilations:[1,1],groups:1,kernel_key:<backend:mlu|layout:NCHW|dtype:float32>,kernel_name:"conv2d",op_name:"pd_op.conv2d",origin_id:2378,padding_algorithm:"EXPLICIT",paddings:[0,0],stop_gradient:[false],strides:[1,1],struct_name:"/ResNet/Blocks/BottleNeck_1/ConvNormLayer_2/Conv2D/"} : (custom_device_tensor<-1x64x-1x-1xf32>, custom_device_tensor<256x64x1x1xf32>) -> custom_device_tensor<-1x256x-1x-1xf32>
    (%398, %399, %400, %401, %402, %403) = "batch_norm_(phi_kernel)" (%397, %293, %292, %295, %294) {data_format:"NCHW",epsilon:1e-05,is_inplace:true,is_test:true,kernel_key:<backend:mlu|layout:NCHW|dtype:float32>,kernel_name:"batch_norm",momentum:0.9,op_name:"pd_op.batch_norm_",origin_id:2379,stop_gradient:[false,false,false,false,false,false],struct_name:"/ResNet/Blocks/BottleNeck_1/ConvNormLayer_2/BatchNorm2D/",trainable_statistics:false,use_global_stats:true} : (custom_device_tensor<-1x256x-1x-1xf32>, custom_device_tensor<256xf32>, custom_device_tensor<256xf32>, custom_device_tensor<256xf32>, custom_device_tensor<256xf32>) -> custom_device_tensor<-1x256x-1x-1xf32>, custom_device_tensor<256xf32>, custom_device_tensor<256xf32>, custom_device_tensor<256xf32>, custom_device_tensor<256xf32>, custom_device_tensor<-1xu8>
    (%404) = "add(phi_kernel)" (%398, %380) {kernel_key:<backend:mlu|layout:NCHW|dtype:float32>,kernel_name:"add",op_name:"pd_op.add",origin_id:2380,stop_gradient:[false],struct_name:"/ResNet/Blocks/BottleNeck_1/"} : (custom_device_tensor<-1x256x-1x-1xf32>, custom_device_tensor<-1x256x-1x-1xf32>) -> custom_device_tensor<-1x256x-1x-1xf32>
    (%405) = "relu(phi_kernel)" (%404) {kernel_key:<backend:mlu|layout:NCHW|dtype:float32>,kernel_name:"relu",op_name:"pd_op.relu",origin_id:2381,stop_gradient:[false],struct_name:"/ResNet/Blocks/BottleNeck_1/"} : (custom_device_tensor<-1x256x-1x-1xf32>) -> custom_device_tensor<-1x256x-1x-1xf32>
    (%406) = "conv2d(phi_kernel)" (%405, %291) {data_format:"NCHW",dilations:[1,1],groups:1,kernel_key:<backend:mlu|layout:NCHW|dtype:float32>,kernel_name:"conv2d",op_name:"pd_op.conv2d",origin_id:2382,padding_algorithm:"EXPLICIT",paddings:[0,0],stop_gradient:[false],strides:[1,1],struct_name:"/ResNet/Blocks/BottleNeck_2/ConvNormLayer/Conv2D/"} : (custom_device_tensor<-1x256x-1x-1xf32>, custom_device_tensor<64x256x1x1xf32>) -> custom_device_tensor<-1x64x-1x-1xf32>
    (%407, %408, %409, %410, %411, %412) = "batch_norm_(phi_kernel)" (%406, %288, %287, %290, %289) {data_format:"NCHW",epsilon:1e-05,is_inplace:true,is_test:true,kernel_key:<backend:mlu|layout:NCHW|dtype:float32>,kernel_name:"batch_norm",momentum:0.9,op_name:"pd_op.batch_norm_",origin_id:2383,stop_gradient:[false,false,false,false,false,false],struct_name:"/ResNet/Blocks/BottleNeck_2/ConvNormLayer/BatchNorm2D/",trainable_statistics:false,use_global_stats:true} : (custom_device_tensor<-1x64x-1x-1xf32>, custom_device_tensor<64xf32>, custom_device_tensor<64xf32>, custom_device_tensor<64xf32>, custom_device_tensor<64xf32>) -> custom_device_tensor<-1x64x-1x-1xf32>, custom_device_tensor<64xf32>, custom_device_tensor<64xf32>, custom_device_tensor<64xf32>, custom_device_tensor<64xf32>, custom_device_tensor<-1xu8>
    (%413) = "relu(phi_kernel)" (%407) {kernel_key:<backend:mlu|layout:NCHW|dtype:float32>,kernel_name:"relu",op_name:"pd_op.relu",origin_id:2384,stop_gradient:[false],struct_name:"/ResNet/Blocks/BottleNeck_2/ConvNormLayer/"} : (custom_device_tensor<-1x64x-1x-1xf32>) -> custom_device_tensor<-1x64x-1x-1xf32>
    (%414) = "conv2d(phi_kernel)" (%413, %286) {data_format:"NCHW",dilations:[1,1],groups:1,kernel_key:<backend:mlu|layout:NCHW|dtype:float32>,kernel_name:"conv2d",op_name:"pd_op.conv2d",origin_id:2385,padding_algorithm:"EXPLICIT",paddings:[1,1],stop_gradient:[false],strides:[1,1],struct_name:"/ResNet/Blocks/BottleNeck_2/ConvNormLayer_1/Conv2D/"} : (custom_device_tensor<-1x64x-1x-1xf32>, custom_device_tensor<64x64x3x3xf32>) -> custom_device_tensor<-1x64x-1x-1xf32>
    (%415, %416, %417, %418, %419, %420) = "batch_norm_(phi_kernel)" (%414, %283, %282, %285, %284) {data_format:"NCHW",epsilon:1e-05,is_inplace:true,is_test:true,kernel_key:<backend:mlu|layout:NCHW|dtype:float32>,kernel_name:"batch_norm",momentum:0.9,op_name:"pd_op.batch_norm_",origin_id:2386,stop_gradient:[false,false,false,false,false,false],struct_name:"/ResNet/Blocks/BottleNeck_2/ConvNormLayer_1/BatchNorm2D/",trainable_statistics:false,use_global_stats:true} : (custom_device_tensor<-1x64x-1x-1xf32>, custom_device_tensor<64xf32>, custom_device_tensor<64xf32>, custom_device_tensor<64xf32>, custom_device_tensor<64xf32>) -> custom_device_tensor<-1x64x-1x-1xf32>, custom_device_tensor<64xf32>, custom_device_tensor<64xf32>, custom_device_tensor<64xf32>, custom_device_tensor<64xf32>, custom_device_tensor<-1xu8>
    (%421) = "relu(phi_kernel)" (%415) {kernel_key:<backend:mlu|layout:NCHW|dtype:float32>,kernel_name:"relu",op_name:"pd_op.relu",origin_id:2387,stop_gradient:[false],struct_name:"/ResNet/Blocks/BottleNeck_2/ConvNormLayer_1/"} : (custom_device_tensor<-1x64x-1x-1xf32>) -> custom_device_tensor<-1x64x-1x-1xf32>
    (%422) = "conv2d(phi_kernel)" (%421, %281) {data_format:"NCHW",dilations:[1,1],groups:1,kernel_key:<backend:mlu|layout:NCHW|dtype:float32>,kernel_name:"conv2d",op_name:"pd_op.conv2d",origin_id:2388,padding_algorithm:"EXPLICIT",paddings:[0,0],stop_gradient:[false],strides:[1,1],struct_name:"/ResNet/Blocks/BottleNeck_2/ConvNormLayer_2/Conv2D/"} : (custom_device_tensor<-1x64x-1x-1xf32>, custom_device_tensor<256x64x1x1xf32>) -> custom_device_tensor<-1x256x-1x-1xf32>
    (%423, %424, %425, %426, %427, %428) = "batch_norm_(phi_kernel)" (%422, %278, %277, %280, %279) {data_format:"NCHW",epsilon:1e-05,is_inplace:true,is_test:true,kernel_key:<backend:mlu|layout:NCHW|dtype:float32>,kernel_name:"batch_norm",momentum:0.9,op_name:"pd_op.batch_norm_",origin_id:2389,stop_gradient:[false,false,false,false,false,false],struct_name:"/ResNet/Blocks/BottleNeck_2/ConvNormLayer_2/BatchNorm2D/",trainable_statistics:false,use_global_stats:true} : (custom_device_tensor<-1x256x-1x-1xf32>, custom_device_tensor<256xf32>, custom_device_tensor<256xf32>, custom_device_tensor<256xf32>, custom_device_tensor<256xf32>) -> custom_device_tensor<-1x256x-1x-1xf32>, custom_device_tensor<256xf32>, custom_device_tensor<256xf32>, custom_device_tensor<256xf32>, custom_device_tensor<256xf32>, custom_device_tensor<-1xu8>
    (%429) = "add(phi_kernel)" (%423, %405) {kernel_key:<backend:mlu|layout:NCHW|dtype:float32>,kernel_name:"add",op_name:"pd_op.add",origin_id:2390,stop_gradient:[false],struct_name:"/ResNet/Blocks/BottleNeck_2/"} : (custom_device_tensor<-1x256x-1x-1xf32>, custom_device_tensor<-1x256x-1x-1xf32>) -> custom_device_tensor<-1x256x-1x-1xf32>
    (%430) = "relu(phi_kernel)" (%429) {kernel_key:<backend:mlu|layout:NCHW|dtype:float32>,kernel_name:"relu",op_name:"pd_op.relu",origin_id:2391,stop_gradient:[false],struct_name:"/ResNet/Blocks/BottleNeck_2/"} : (custom_device_tensor<-1x256x-1x-1xf32>) -> custom_device_tensor<-1x256x-1x-1xf32>
    (%431) = "conv2d(phi_kernel)" (%430, %276) {data_format:"NCHW",dilations:[1,1],groups:1,kernel_key:<backend:mlu|layout:NCHW|dtype:float32>,kernel_name:"conv2d",op_name:"pd_op.conv2d",origin_id:2392,padding_algorithm:"EXPLICIT",paddings:[0,0],stop_gradient:[false],strides:[1,1],struct_name:"/ResNet/Blocks_1/BottleNeck/ConvNormLayer/Conv2D/"} : (custom_device_tensor<-1x256x-1x-1xf32>, custom_device_tensor<128x256x1x1xf32>) -> custom_device_tensor<-1x128x-1x-1xf32>
    (%432, %433, %434, %435, %436, %437) = "batch_norm_(phi_kernel)" (%431, %273, %272, %275, %274) {data_format:"NCHW",epsilon:1e-05,is_inplace:true,is_test:true,kernel_key:<backend:mlu|layout:NCHW|dtype:float32>,kernel_name:"batch_norm",momentum:0.9,op_name:"pd_op.batch_norm_",origin_id:2393,stop_gradient:[false,false,false,false,false,false],struct_name:"/ResNet/Blocks_1/BottleNeck/ConvNormLayer/BatchNorm2D/",trainable_statistics:false,use_global_stats:true} : (custom_device_tensor<-1x128x-1x-1xf32>, custom_device_tensor<128xf32>, custom_device_tensor<128xf32>, custom_device_tensor<128xf32>, custom_device_tensor<128xf32>) -> custom_device_tensor<-1x128x-1x-1xf32>, custom_device_tensor<128xf32>, custom_device_tensor<128xf32>, custom_device_tensor<128xf32>, custom_device_tensor<128xf32>, custom_device_tensor<-1xu8>
    (%438) = "relu(phi_kernel)" (%432) {kernel_key:<backend:mlu|layout:NCHW|dtype:float32>,kernel_name:"relu",op_name:"pd_op.relu",origin_id:2394,stop_gradient:[false],struct_name:"/ResNet/Blocks_1/BottleNeck/ConvNormLayer/"} : (custom_device_tensor<-1x128x-1x-1xf32>) -> custom_device_tensor<-1x128x-1x-1xf32>
    (%439) = "conv2d(phi_kernel)" (%438, %271) {data_format:"NCHW",dilations:[1,1],groups:1,kernel_key:<backend:mlu|layout:NCHW|dtype:float32>,kernel_name:"conv2d",op_name:"pd_op.conv2d",origin_id:2395,padding_algorithm:"EXPLICIT",paddings:[1,1],stop_gradient:[false],strides:[2,2],struct_name:"/ResNet/Blocks_1/BottleNeck/ConvNormLayer_1/Conv2D/"} : (custom_device_tensor<-1x128x-1x-1xf32>, custom_device_tensor<128x128x3x3xf32>) -> custom_device_tensor<-1x128x-1x-1xf32>
    (%440, %441, %442, %443, %444, %445) = "batch_norm_(phi_kernel)" (%439, %268, %267, %270, %269) {data_format:"NCHW",epsilon:1e-05,is_inplace:true,is_test:true,kernel_key:<backend:mlu|layout:NCHW|dtype:float32>,kernel_name:"batch_norm",momentum:0.9,op_name:"pd_op.batch_norm_",origin_id:2396,stop_gradient:[false,false,false,false,false,false],struct_name:"/ResNet/Blocks_1/BottleNeck/ConvNormLayer_1/BatchNorm2D/",trainable_statistics:false,use_global_stats:true} : (custom_device_tensor<-1x128x-1x-1xf32>, custom_device_tensor<128xf32>, custom_device_tensor<128xf32>, custom_device_tensor<128xf32>, custom_device_tensor<128xf32>) -> custom_device_tensor<-1x128x-1x-1xf32>, custom_device_tensor<128xf32>, custom_device_tensor<128xf32>, custom_device_tensor<128xf32>, custom_device_tensor<128xf32>, custom_device_tensor<-1xu8>
    (%446) = "relu(phi_kernel)" (%440) {kernel_key:<backend:mlu|layout:NCHW|dtype:float32>,kernel_name:"relu",op_name:"pd_op.relu",origin_id:2397,stop_gradient:[false],struct_name:"/ResNet/Blocks_1/BottleNeck/ConvNormLayer_1/"} : (custom_device_tensor<-1x128x-1x-1xf32>) -> custom_device_tensor<-1x128x-1x-1xf32>
    (%447) = "conv2d(phi_kernel)" (%446, %266) {data_format:"NCHW",dilations:[1,1],groups:1,kernel_key:<backend:mlu|layout:NCHW|dtype:float32>,kernel_name:"conv2d",op_name:"pd_op.conv2d",origin_id:2398,padding_algorithm:"EXPLICIT",paddings:[0,0],stop_gradient:[false],strides:[1,1],struct_name:"/ResNet/Blocks_1/BottleNeck/ConvNormLayer_2/Conv2D/"} : (custom_device_tensor<-1x128x-1x-1xf32>, custom_device_tensor<512x128x1x1xf32>) -> custom_device_tensor<-1x512x-1x-1xf32>
    (%448, %449, %450, %451, %452, %453) = "batch_norm_(phi_kernel)" (%447, %263, %262, %265, %264) {data_format:"NCHW",epsilon:1e-05,is_inplace:true,is_test:true,kernel_key:<backend:mlu|layout:NCHW|dtype:float32>,kernel_name:"batch_norm",momentum:0.9,op_name:"pd_op.batch_norm_",origin_id:2399,stop_gradient:[false,false,false,false,false,false],struct_name:"/ResNet/Blocks_1/BottleNeck/ConvNormLayer_2/BatchNorm2D/",trainable_statistics:false,use_global_stats:true} : (custom_device_tensor<-1x512x-1x-1xf32>, custom_device_tensor<512xf32>, custom_device_tensor<512xf32>, custom_device_tensor<512xf32>, custom_device_tensor<512xf32>) -> custom_device_tensor<-1x512x-1x-1xf32>, custom_device_tensor<512xf32>, custom_device_tensor<512xf32>, custom_device_tensor<512xf32>, custom_device_tensor<512xf32>, custom_device_tensor<-1xu8>
    (%454) = "conv2d(phi_kernel)" (%430, %261) {data_format:"NCHW",dilations:[1,1],groups:1,kernel_key:<backend:mlu|layout:NCHW|dtype:float32>,kernel_name:"conv2d",op_name:"pd_op.conv2d",origin_id:2400,padding_algorithm:"EXPLICIT",paddings:[0,0],stop_gradient:[false],strides:[2,2],struct_name:"/ResNet/Blocks_1/BottleNeck/ConvNormLayer_3/Conv2D/"} : (custom_device_tensor<-1x256x-1x-1xf32>, custom_device_tensor<512x256x1x1xf32>) -> custom_device_tensor<-1x512x-1x-1xf32>
    (%455, %456, %457, %458, %459, %460) = "batch_norm_(phi_kernel)" (%454, %258, %257, %260, %259) {data_format:"NCHW",epsilon:1e-05,is_inplace:true,is_test:true,kernel_key:<backend:mlu|layout:NCHW|dtype:float32>,kernel_name:"batch_norm",momentum:0.9,op_name:"pd_op.batch_norm_",origin_id:2401,stop_gradient:[false,false,false,false,false,false],struct_name:"/ResNet/Blocks_1/BottleNeck/ConvNormLayer_3/BatchNorm2D/",trainable_statistics:false,use_global_stats:true} : (custom_device_tensor<-1x512x-1x-1xf32>, custom_device_tensor<512xf32>, custom_device_tensor<512xf32>, custom_device_tensor<512xf32>, custom_device_tensor<512xf32>) -> custom_device_tensor<-1x512x-1x-1xf32>, custom_device_tensor<512xf32>, custom_device_tensor<512xf32>, custom_device_tensor<512xf32>, custom_device_tensor<512xf32>, custom_device_tensor<-1xu8>
    (%461) = "add(phi_kernel)" (%448, %455) {kernel_key:<backend:mlu|layout:NCHW|dtype:float32>,kernel_name:"add",op_name:"pd_op.add",origin_id:2402,stop_gradient:[false],struct_name:"/ResNet/Blocks_1/BottleNeck/"} : (custom_device_tensor<-1x512x-1x-1xf32>, custom_device_tensor<-1x512x-1x-1xf32>) -> custom_device_tensor<-1x512x-1x-1xf32>
    (%462) = "relu(phi_kernel)" (%461) {kernel_key:<backend:mlu|layout:NCHW|dtype:float32>,kernel_name:"relu",op_name:"pd_op.relu",origin_id:2403,stop_gradient:[false],struct_name:"/ResNet/Blocks_1/BottleNeck/"} : (custom_device_tensor<-1x512x-1x-1xf32>) -> custom_device_tensor<-1x512x-1x-1xf32>
    (%463) = "conv2d(phi_kernel)" (%462, %256) {data_format:"NCHW",dilations:[1,1],groups:1,kernel_key:<backend:mlu|layout:NCHW|dtype:float32>,kernel_name:"conv2d",op_name:"pd_op.conv2d",origin_id:2404,padding_algorithm:"EXPLICIT",paddings:[0,0],stop_gradient:[false],strides:[1,1],struct_name:"/ResNet/Blocks_1/BottleNeck_1/ConvNormLayer/Conv2D/"} : (custom_device_tensor<-1x512x-1x-1xf32>, custom_device_tensor<128x512x1x1xf32>) -> custom_device_tensor<-1x128x-1x-1xf32>
    (%464, %465, %466, %467, %468, %469) = "batch_norm_(phi_kernel)" (%463, %253, %252, %255, %254) {data_format:"NCHW",epsilon:1e-05,is_inplace:true,is_test:true,kernel_key:<backend:mlu|layout:NCHW|dtype:float32>,kernel_name:"batch_norm",momentum:0.9,op_name:"pd_op.batch_norm_",origin_id:2405,stop_gradient:[false,false,false,false,false,false],struct_name:"/ResNet/Blocks_1/BottleNeck_1/ConvNormLayer/BatchNorm2D/",trainable_statistics:false,use_global_stats:true} : (custom_device_tensor<-1x128x-1x-1xf32>, custom_device_tensor<128xf32>, custom_device_tensor<128xf32>, custom_device_tensor<128xf32>, custom_device_tensor<128xf32>) -> custom_device_tensor<-1x128x-1x-1xf32>, custom_device_tensor<128xf32>, custom_device_tensor<128xf32>, custom_device_tensor<128xf32>, custom_device_tensor<128xf32>, custom_device_tensor<-1xu8>
    (%470) = "relu(phi_kernel)" (%464) {kernel_key:<backend:mlu|layout:NCHW|dtype:float32>,kernel_name:"relu",op_name:"pd_op.relu",origin_id:2406,stop_gradient:[false],struct_name:"/ResNet/Blocks_1/BottleNeck_1/ConvNormLayer/"} : (custom_device_tensor<-1x128x-1x-1xf32>) -> custom_device_tensor<-1x128x-1x-1xf32>
    (%471) = "conv2d(phi_kernel)" (%470, %251) {data_format:"NCHW",dilations:[1,1],groups:1,kernel_key:<backend:mlu|layout:NCHW|dtype:float32>,kernel_name:"conv2d",op_name:"pd_op.conv2d",origin_id:2407,padding_algorithm:"EXPLICIT",paddings:[1,1],stop_gradient:[false],strides:[1,1],struct_name:"/ResNet/Blocks_1/BottleNeck_1/ConvNormLayer_1/Conv2D/"} : (custom_device_tensor<-1x128x-1x-1xf32>, custom_device_tensor<128x128x3x3xf32>) -> custom_device_tensor<-1x128x-1x-1xf32>
    (%472, %473, %474, %475, %476, %477) = "batch_norm_(phi_kernel)" (%471, %248, %247, %250, %249) {data_format:"NCHW",epsilon:1e-05,is_inplace:true,is_test:true,kernel_key:<backend:mlu|layout:NCHW|dtype:float32>,kernel_name:"batch_norm",momentum:0.9,op_name:"pd_op.batch_norm_",origin_id:2408,stop_gradient:[false,false,false,false,false,false],struct_name:"/ResNet/Blocks_1/BottleNeck_1/ConvNormLayer_1/BatchNorm2D/",trainable_statistics:false,use_global_stats:true} : (custom_device_tensor<-1x128x-1x-1xf32>, custom_device_tensor<128xf32>, custom_device_tensor<128xf32>, custom_device_tensor<128xf32>, custom_device_tensor<128xf32>) -> custom_device_tensor<-1x128x-1x-1xf32>, custom_device_tensor<128xf32>, custom_device_tensor<128xf32>, custom_device_tensor<128xf32>, custom_device_tensor<128xf32>, custom_device_tensor<-1xu8>
    (%478) = "relu(phi_kernel)" (%472) {kernel_key:<backend:mlu|layout:NCHW|dtype:float32>,kernel_name:"relu",op_name:"pd_op.relu",origin_id:2409,stop_gradient:[false],struct_name:"/ResNet/Blocks_1/BottleNeck_1/ConvNormLayer_1/"} : (custom_device_tensor<-1x128x-1x-1xf32>) -> custom_device_tensor<-1x128x-1x-1xf32>
    (%479) = "conv2d(phi_kernel)" (%478, %246) {data_format:"NCHW",dilations:[1,1],groups:1,kernel_key:<backend:mlu|layout:NCHW|dtype:float32>,kernel_name:"conv2d",op_name:"pd_op.conv2d",origin_id:2410,padding_algorithm:"EXPLICIT",paddings:[0,0],stop_gradient:[false],strides:[1,1],struct_name:"/ResNet/Blocks_1/BottleNeck_1/ConvNormLayer_2/Conv2D/"} : (custom_device_tensor<-1x128x-1x-1xf32>, custom_device_tensor<512x128x1x1xf32>) -> custom_device_tensor<-1x512x-1x-1xf32>
    (%480, %481, %482, %483, %484, %485) = "batch_norm_(phi_kernel)" (%479, %243, %242, %245, %244) {data_format:"NCHW",epsilon:1e-05,is_inplace:true,is_test:true,kernel_key:<backend:mlu|layout:NCHW|dtype:float32>,kernel_name:"batch_norm",momentum:0.9,op_name:"pd_op.batch_norm_",origin_id:2411,stop_gradient:[false,false,false,false,false,false],struct_name:"/ResNet/Blocks_1/BottleNeck_1/ConvNormLayer_2/BatchNorm2D/",trainable_statistics:false,use_global_stats:true} : (custom_device_tensor<-1x512x-1x-1xf32>, custom_device_tensor<512xf32>, custom_device_tensor<512xf32>, custom_device_tensor<512xf32>, custom_device_tensor<512xf32>) -> custom_device_tensor<-1x512x-1x-1xf32>, custom_device_tensor<512xf32>, custom_device_tensor<512xf32>, custom_device_tensor<512xf32>, custom_device_tensor<512xf32>, custom_device_tensor<-1xu8>
    (%486) = "add(phi_kernel)" (%480, %462) {kernel_key:<backend:mlu|layout:NCHW|dtype:float32>,kernel_name:"add",op_name:"pd_op.add",origin_id:2412,stop_gradient:[false],struct_name:"/ResNet/Blocks_1/BottleNeck_1/"} : (custom_device_tensor<-1x512x-1x-1xf32>, custom_device_tensor<-1x512x-1x-1xf32>) -> custom_device_tensor<-1x512x-1x-1xf32>
    (%487) = "relu(phi_kernel)" (%486) {kernel_key:<backend:mlu|layout:NCHW|dtype:float32>,kernel_name:"relu",op_name:"pd_op.relu",origin_id:2413,stop_gradient:[false],struct_name:"/ResNet/Blocks_1/BottleNeck_1/"} : (custom_device_tensor<-1x512x-1x-1xf32>) -> custom_device_tensor<-1x512x-1x-1xf32>
    (%488) = "conv2d(phi_kernel)" (%487, %241) {data_format:"NCHW",dilations:[1,1],groups:1,kernel_key:<backend:mlu|layout:NCHW|dtype:float32>,kernel_name:"conv2d",op_name:"pd_op.conv2d",origin_id:2414,padding_algorithm:"EXPLICIT",paddings:[0,0],stop_gradient:[false],strides:[1,1],struct_name:"/ResNet/Blocks_1/BottleNeck_2/ConvNormLayer/Conv2D/"} : (custom_device_tensor<-1x512x-1x-1xf32>, custom_device_tensor<128x512x1x1xf32>) -> custom_device_tensor<-1x128x-1x-1xf32>
    (%489, %490, %491, %492, %493, %494) = "batch_norm_(phi_kernel)" (%488, %238, %237, %240, %239) {data_format:"NCHW",epsilon:1e-05,is_inplace:true,is_test:true,kernel_key:<backend:mlu|layout:NCHW|dtype:float32>,kernel_name:"batch_norm",momentum:0.9,op_name:"pd_op.batch_norm_",origin_id:2415,stop_gradient:[false,false,false,false,false,false],struct_name:"/ResNet/Blocks_1/BottleNeck_2/ConvNormLayer/BatchNorm2D/",trainable_statistics:false,use_global_stats:true} : (custom_device_tensor<-1x128x-1x-1xf32>, custom_device_tensor<128xf32>, custom_device_tensor<128xf32>, custom_device_tensor<128xf32>, custom_device_tensor<128xf32>) -> custom_device_tensor<-1x128x-1x-1xf32>, custom_device_tensor<128xf32>, custom_device_tensor<128xf32>, custom_device_tensor<128xf32>, custom_device_tensor<128xf32>, custom_device_tensor<-1xu8>
    (%495) = "relu(phi_kernel)" (%489) {kernel_key:<backend:mlu|layout:NCHW|dtype:float32>,kernel_name:"relu",op_name:"pd_op.relu",origin_id:2416,stop_gradient:[false],struct_name:"/ResNet/Blocks_1/BottleNeck_2/ConvNormLayer/"} : (custom_device_tensor<-1x128x-1x-1xf32>) -> custom_device_tensor<-1x128x-1x-1xf32>
    (%496) = "conv2d(phi_kernel)" (%495, %236) {data_format:"NCHW",dilations:[1,1],groups:1,kernel_key:<backend:mlu|layout:NCHW|dtype:float32>,kernel_name:"conv2d",op_name:"pd_op.conv2d",origin_id:2417,padding_algorithm:"EXPLICIT",paddings:[1,1],stop_gradient:[false],strides:[1,1],struct_name:"/ResNet/Blocks_1/BottleNeck_2/ConvNormLayer_1/Conv2D/"} : (custom_device_tensor<-1x128x-1x-1xf32>, custom_device_tensor<128x128x3x3xf32>) -> custom_device_tensor<-1x128x-1x-1xf32>
    (%497, %498, %499, %500, %501, %502) = "batch_norm_(phi_kernel)" (%496, %233, %232, %235, %234) {data_format:"NCHW",epsilon:1e-05,is_inplace:true,is_test:true,kernel_key:<backend:mlu|layout:NCHW|dtype:float32>,kernel_name:"batch_norm",momentum:0.9,op_name:"pd_op.batch_norm_",origin_id:2418,stop_gradient:[false,false,false,false,false,false],struct_name:"/ResNet/Blocks_1/BottleNeck_2/ConvNormLayer_1/BatchNorm2D/",trainable_statistics:false,use_global_stats:true} : (custom_device_tensor<-1x128x-1x-1xf32>, custom_device_tensor<128xf32>, custom_device_tensor<128xf32>, custom_device_tensor<128xf32>, custom_device_tensor<128xf32>) -> custom_device_tensor<-1x128x-1x-1xf32>, custom_device_tensor<128xf32>, custom_device_tensor<128xf32>, custom_device_tensor<128xf32>, custom_device_tensor<128xf32>, custom_device_tensor<-1xu8>
    (%503) = "relu(phi_kernel)" (%497) {kernel_key:<backend:mlu|layout:NCHW|dtype:float32>,kernel_name:"relu",op_name:"pd_op.relu",origin_id:2419,stop_gradient:[false],struct_name:"/ResNet/Blocks_1/BottleNeck_2/ConvNormLayer_1/"} : (custom_device_tensor<-1x128x-1x-1xf32>) -> custom_device_tensor<-1x128x-1x-1xf32>
    (%504) = "conv2d(phi_kernel)" (%503, %231) {data_format:"NCHW",dilations:[1,1],groups:1,kernel_key:<backend:mlu|layout:NCHW|dtype:float32>,kernel_name:"conv2d",op_name:"pd_op.conv2d",origin_id:2420,padding_algorithm:"EXPLICIT",paddings:[0,0],stop_gradient:[false],strides:[1,1],struct_name:"/ResNet/Blocks_1/BottleNeck_2/ConvNormLayer_2/Conv2D/"} : (custom_device_tensor<-1x128x-1x-1xf32>, custom_device_tensor<512x128x1x1xf32>) -> custom_device_tensor<-1x512x-1x-1xf32>
    (%505, %506, %507, %508, %509, %510) = "batch_norm_(phi_kernel)" (%504, %228, %227, %230, %229) {data_format:"NCHW",epsilon:1e-05,is_inplace:true,is_test:true,kernel_key:<backend:mlu|layout:NCHW|dtype:float32>,kernel_name:"batch_norm",momentum:0.9,op_name:"pd_op.batch_norm_",origin_id:2421,stop_gradient:[false,false,false,false,false,false],struct_name:"/ResNet/Blocks_1/BottleNeck_2/ConvNormLayer_2/BatchNorm2D/",trainable_statistics:false,use_global_stats:true} : (custom_device_tensor<-1x512x-1x-1xf32>, custom_device_tensor<512xf32>, custom_device_tensor<512xf32>, custom_device_tensor<512xf32>, custom_device_tensor<512xf32>) -> custom_device_tensor<-1x512x-1x-1xf32>, custom_device_tensor<512xf32>, custom_device_tensor<512xf32>, custom_device_tensor<512xf32>, custom_device_tensor<512xf32>, custom_device_tensor<-1xu8>
    (%511) = "add(phi_kernel)" (%505, %487) {kernel_key:<backend:mlu|layout:NCHW|dtype:float32>,kernel_name:"add",op_name:"pd_op.add",origin_id:2422,stop_gradient:[false],struct_name:"/ResNet/Blocks_1/BottleNeck_2/"} : (custom_device_tensor<-1x512x-1x-1xf32>, custom_device_tensor<-1x512x-1x-1xf32>) -> custom_device_tensor<-1x512x-1x-1xf32>
    (%512) = "relu(phi_kernel)" (%511) {kernel_key:<backend:mlu|layout:NCHW|dtype:float32>,kernel_name:"relu",op_name:"pd_op.relu",origin_id:2423,stop_gradient:[false],struct_name:"/ResNet/Blocks_1/BottleNeck_2/"} : (custom_device_tensor<-1x512x-1x-1xf32>) -> custom_device_tensor<-1x512x-1x-1xf32>
    (%513) = "conv2d(phi_kernel)" (%512, %226) {data_format:"NCHW",dilations:[1,1],groups:1,kernel_key:<backend:mlu|layout:NCHW|dtype:float32>,kernel_name:"conv2d",op_name:"pd_op.conv2d",origin_id:2424,padding_algorithm:"EXPLICIT",paddings:[0,0],stop_gradient:[false],strides:[1,1],struct_name:"/ResNet/Blocks_1/BottleNeck_3/ConvNormLayer/Conv2D/"} : (custom_device_tensor<-1x512x-1x-1xf32>, custom_device_tensor<128x512x1x1xf32>) -> custom_device_tensor<-1x128x-1x-1xf32>
    (%514, %515, %516, %517, %518, %519) = "batch_norm_(phi_kernel)" (%513, %223, %222, %225, %224) {data_format:"NCHW",epsilon:1e-05,is_inplace:true,is_test:true,kernel_key:<backend:mlu|layout:NCHW|dtype:float32>,kernel_name:"batch_norm",momentum:0.9,op_name:"pd_op.batch_norm_",origin_id:2425,stop_gradient:[false,false,false,false,false,false],struct_name:"/ResNet/Blocks_1/BottleNeck_3/ConvNormLayer/BatchNorm2D/",trainable_statistics:false,use_global_stats:true} : (custom_device_tensor<-1x128x-1x-1xf32>, custom_device_tensor<128xf32>, custom_device_tensor<128xf32>, custom_device_tensor<128xf32>, custom_device_tensor<128xf32>) -> custom_device_tensor<-1x128x-1x-1xf32>, custom_device_tensor<128xf32>, custom_device_tensor<128xf32>, custom_device_tensor<128xf32>, custom_device_tensor<128xf32>, custom_device_tensor<-1xu8>
    (%520) = "relu(phi_kernel)" (%514) {kernel_key:<backend:mlu|layout:NCHW|dtype:float32>,kernel_name:"relu",op_name:"pd_op.relu",origin_id:2426,stop_gradient:[false],struct_name:"/ResNet/Blocks_1/BottleNeck_3/ConvNormLayer/"} : (custom_device_tensor<-1x128x-1x-1xf32>) -> custom_device_tensor<-1x128x-1x-1xf32>
    (%521) = "conv2d(phi_kernel)" (%520, %221) {data_format:"NCHW",dilations:[1,1],groups:1,kernel_key:<backend:mlu|layout:NCHW|dtype:float32>,kernel_name:"conv2d",op_name:"pd_op.conv2d",origin_id:2427,padding_algorithm:"EXPLICIT",paddings:[1,1],stop_gradient:[false],strides:[1,1],struct_name:"/ResNet/Blocks_1/BottleNeck_3/ConvNormLayer_1/Conv2D/"} : (custom_device_tensor<-1x128x-1x-1xf32>, custom_device_tensor<128x128x3x3xf32>) -> custom_device_tensor<-1x128x-1x-1xf32>
    (%522, %523, %524, %525, %526, %527) = "batch_norm_(phi_kernel)" (%521, %218, %217, %220, %219) {data_format:"NCHW",epsilon:1e-05,is_inplace:true,is_test:true,kernel_key:<backend:mlu|layout:NCHW|dtype:float32>,kernel_name:"batch_norm",momentum:0.9,op_name:"pd_op.batch_norm_",origin_id:2428,stop_gradient:[false,false,false,false,false,false],struct_name:"/ResNet/Blocks_1/BottleNeck_3/ConvNormLayer_1/BatchNorm2D/",trainable_statistics:false,use_global_stats:true} : (custom_device_tensor<-1x128x-1x-1xf32>, custom_device_tensor<128xf32>, custom_device_tensor<128xf32>, custom_device_tensor<128xf32>, custom_device_tensor<128xf32>) -> custom_device_tensor<-1x128x-1x-1xf32>, custom_device_tensor<128xf32>, custom_device_tensor<128xf32>, custom_device_tensor<128xf32>, custom_device_tensor<128xf32>, custom_device_tensor<-1xu8>
    (%528) = "relu(phi_kernel)" (%522) {kernel_key:<backend:mlu|layout:NCHW|dtype:float32>,kernel_name:"relu",op_name:"pd_op.relu",origin_id:2429,stop_gradient:[false],struct_name:"/ResNet/Blocks_1/BottleNeck_3/ConvNormLayer_1/"} : (custom_device_tensor<-1x128x-1x-1xf32>) -> custom_device_tensor<-1x128x-1x-1xf32>
    (%529) = "conv2d(phi_kernel)" (%528, %216) {data_format:"NCHW",dilations:[1,1],groups:1,kernel_key:<backend:mlu|layout:NCHW|dtype:float32>,kernel_name:"conv2d",op_name:"pd_op.conv2d",origin_id:2430,padding_algorithm:"EXPLICIT",paddings:[0,0],stop_gradient:[false],strides:[1,1],struct_name:"/ResNet/Blocks_1/BottleNeck_3/ConvNormLayer_2/Conv2D/"} : (custom_device_tensor<-1x128x-1x-1xf32>, custom_device_tensor<512x128x1x1xf32>) -> custom_device_tensor<-1x512x-1x-1xf32>
    (%530, %531, %532, %533, %534, %535) = "batch_norm_(phi_kernel)" (%529, %213, %212, %215, %214) {data_format:"NCHW",epsilon:1e-05,is_inplace:true,is_test:true,kernel_key:<backend:mlu|layout:NCHW|dtype:float32>,kernel_name:"batch_norm",momentum:0.9,op_name:"pd_op.batch_norm_",origin_id:2431,stop_gradient:[false,false,false,false,false,false],struct_name:"/ResNet/Blocks_1/BottleNeck_3/ConvNormLayer_2/BatchNorm2D/",trainable_statistics:false,use_global_stats:true} : (custom_device_tensor<-1x512x-1x-1xf32>, custom_device_tensor<512xf32>, custom_device_tensor<512xf32>, custom_device_tensor<512xf32>, custom_device_tensor<512xf32>) -> custom_device_tensor<-1x512x-1x-1xf32>, custom_device_tensor<512xf32>, custom_device_tensor<512xf32>, custom_device_tensor<512xf32>, custom_device_tensor<512xf32>, custom_device_tensor<-1xu8>
    (%536) = "add(phi_kernel)" (%530, %512) {kernel_key:<backend:mlu|layout:NCHW|dtype:float32>,kernel_name:"add",op_name:"pd_op.add",origin_id:2432,stop_gradient:[false],struct_name:"/ResNet/Blocks_1/BottleNeck_3/"} : (custom_device_tensor<-1x512x-1x-1xf32>, custom_device_tensor<-1x512x-1x-1xf32>) -> custom_device_tensor<-1x512x-1x-1xf32>
    (%537) = "relu(phi_kernel)" (%536) {kernel_key:<backend:mlu|layout:NCHW|dtype:float32>,kernel_name:"relu",op_name:"pd_op.relu",origin_id:2433,stop_gradient:[false],struct_name:"/ResNet/Blocks_1/BottleNeck_3/"} : (custom_device_tensor<-1x512x-1x-1xf32>) -> custom_device_tensor<-1x512x-1x-1xf32>
    (%538) = "conv2d(phi_kernel)" (%537, %211) {data_format:"NCHW",dilations:[1,1],groups:1,kernel_key:<backend:mlu|layout:NCHW|dtype:float32>,kernel_name:"conv2d",op_name:"pd_op.conv2d",origin_id:2434,padding_algorithm:"EXPLICIT",paddings:[0,0],stop_gradient:[false],strides:[1,1],struct_name:"/ResNet/Blocks_2/BottleNeck/ConvNormLayer/Conv2D/"} : (custom_device_tensor<-1x512x-1x-1xf32>, custom_device_tensor<256x512x1x1xf32>) -> custom_device_tensor<-1x256x-1x-1xf32>
    (%539, %540, %541, %542, %543, %544) = "batch_norm_(phi_kernel)" (%538, %208, %207, %210, %209) {data_format:"NCHW",epsilon:1e-05,is_inplace:true,is_test:true,kernel_key:<backend:mlu|layout:NCHW|dtype:float32>,kernel_name:"batch_norm",momentum:0.9,op_name:"pd_op.batch_norm_",origin_id:2435,stop_gradient:[false,false,false,false,false,false],struct_name:"/ResNet/Blocks_2/BottleNeck/ConvNormLayer/BatchNorm2D/",trainable_statistics:false,use_global_stats:true} : (custom_device_tensor<-1x256x-1x-1xf32>, custom_device_tensor<256xf32>, custom_device_tensor<256xf32>, custom_device_tensor<256xf32>, custom_device_tensor<256xf32>) -> custom_device_tensor<-1x256x-1x-1xf32>, custom_device_tensor<256xf32>, custom_device_tensor<256xf32>, custom_device_tensor<256xf32>, custom_device_tensor<256xf32>, custom_device_tensor<-1xu8>
    (%545) = "relu(phi_kernel)" (%539) {kernel_key:<backend:mlu|layout:NCHW|dtype:float32>,kernel_name:"relu",op_name:"pd_op.relu",origin_id:2436,stop_gradient:[false],struct_name:"/ResNet/Blocks_2/BottleNeck/ConvNormLayer/"} : (custom_device_tensor<-1x256x-1x-1xf32>) -> custom_device_tensor<-1x256x-1x-1xf32>
    (%546) = "conv2d(phi_kernel)" (%545, %206) {data_format:"NCHW",dilations:[1,1],groups:1,kernel_key:<backend:mlu|layout:NCHW|dtype:float32>,kernel_name:"conv2d",op_name:"pd_op.conv2d",origin_id:2437,padding_algorithm:"EXPLICIT",paddings:[1,1],stop_gradient:[false],strides:[2,2],struct_name:"/ResNet/Blocks_2/BottleNeck/ConvNormLayer_1/Conv2D/"} : (custom_device_tensor<-1x256x-1x-1xf32>, custom_device_tensor<256x256x3x3xf32>) -> custom_device_tensor<-1x256x-1x-1xf32>
    (%547, %548, %549, %550, %551, %552) = "batch_norm_(phi_kernel)" (%546, %203, %202, %205, %204) {data_format:"NCHW",epsilon:1e-05,is_inplace:true,is_test:true,kernel_key:<backend:mlu|layout:NCHW|dtype:float32>,kernel_name:"batch_norm",momentum:0.9,op_name:"pd_op.batch_norm_",origin_id:2438,stop_gradient:[false,false,false,false,false,false],struct_name:"/ResNet/Blocks_2/BottleNeck/ConvNormLayer_1/BatchNorm2D/",trainable_statistics:false,use_global_stats:true} : (custom_device_tensor<-1x256x-1x-1xf32>, custom_device_tensor<256xf32>, custom_device_tensor<256xf32>, custom_device_tensor<256xf32>, custom_device_tensor<256xf32>) -> custom_device_tensor<-1x256x-1x-1xf32>, custom_device_tensor<256xf32>, custom_device_tensor<256xf32>, custom_device_tensor<256xf32>, custom_device_tensor<256xf32>, custom_device_tensor<-1xu8>
    (%553) = "relu(phi_kernel)" (%547) {kernel_key:<backend:mlu|layout:NCHW|dtype:float32>,kernel_name:"relu",op_name:"pd_op.relu",origin_id:2439,stop_gradient:[false],struct_name:"/ResNet/Blocks_2/BottleNeck/ConvNormLayer_1/"} : (custom_device_tensor<-1x256x-1x-1xf32>) -> custom_device_tensor<-1x256x-1x-1xf32>
    (%554) = "conv2d(phi_kernel)" (%553, %201) {data_format:"NCHW",dilations:[1,1],groups:1,kernel_key:<backend:mlu|layout:NCHW|dtype:float32>,kernel_name:"conv2d",op_name:"pd_op.conv2d",origin_id:2440,padding_algorithm:"EXPLICIT",paddings:[0,0],stop_gradient:[false],strides:[1,1],struct_name:"/ResNet/Blocks_2/BottleNeck/ConvNormLayer_2/Conv2D/"} : (custom_device_tensor<-1x256x-1x-1xf32>, custom_device_tensor<1024x256x1x1xf32>) -> custom_device_tensor<-1x1024x-1x-1xf32>
    (%555, %556, %557, %558, %559, %560) = "batch_norm_(phi_kernel)" (%554, %198, %197, %200, %199) {data_format:"NCHW",epsilon:1e-05,is_inplace:true,is_test:true,kernel_key:<backend:mlu|layout:NCHW|dtype:float32>,kernel_name:"batch_norm",momentum:0.9,op_name:"pd_op.batch_norm_",origin_id:2441,stop_gradient:[false,false,false,false,false,false],struct_name:"/ResNet/Blocks_2/BottleNeck/ConvNormLayer_2/BatchNorm2D/",trainable_statistics:false,use_global_stats:true} : (custom_device_tensor<-1x1024x-1x-1xf32>, custom_device_tensor<1024xf32>, custom_device_tensor<1024xf32>, custom_device_tensor<1024xf32>, custom_device_tensor<1024xf32>) -> custom_device_tensor<-1x1024x-1x-1xf32>, custom_device_tensor<1024xf32>, custom_device_tensor<1024xf32>, custom_device_tensor<1024xf32>, custom_device_tensor<1024xf32>, custom_device_tensor<-1xu8>
    (%561) = "conv2d(phi_kernel)" (%537, %196) {data_format:"NCHW",dilations:[1,1],groups:1,kernel_key:<backend:mlu|layout:NCHW|dtype:float32>,kernel_name:"conv2d",op_name:"pd_op.conv2d",origin_id:2442,padding_algorithm:"EXPLICIT",paddings:[0,0],stop_gradient:[false],strides:[2,2],struct_name:"/ResNet/Blocks_2/BottleNeck/ConvNormLayer_3/Conv2D/"} : (custom_device_tensor<-1x512x-1x-1xf32>, custom_device_tensor<1024x512x1x1xf32>) -> custom_device_tensor<-1x1024x-1x-1xf32>
    (%562, %563, %564, %565, %566, %567) = "batch_norm_(phi_kernel)" (%561, %193, %192, %195, %194) {data_format:"NCHW",epsilon:1e-05,is_inplace:true,is_test:true,kernel_key:<backend:mlu|layout:NCHW|dtype:float32>,kernel_name:"batch_norm",momentum:0.9,op_name:"pd_op.batch_norm_",origin_id:2443,stop_gradient:[false,false,false,false,false,false],struct_name:"/ResNet/Blocks_2/BottleNeck/ConvNormLayer_3/BatchNorm2D/",trainable_statistics:false,use_global_stats:true} : (custom_device_tensor<-1x1024x-1x-1xf32>, custom_device_tensor<1024xf32>, custom_device_tensor<1024xf32>, custom_device_tensor<1024xf32>, custom_device_tensor<1024xf32>) -> custom_device_tensor<-1x1024x-1x-1xf32>, custom_device_tensor<1024xf32>, custom_device_tensor<1024xf32>, custom_device_tensor<1024xf32>, custom_device_tensor<1024xf32>, custom_device_tensor<-1xu8>
    (%568) = "add(phi_kernel)" (%555, %562) {kernel_key:<backend:mlu|layout:NCHW|dtype:float32>,kernel_name:"add",op_name:"pd_op.add",origin_id:2444,stop_gradient:[false],struct_name:"/ResNet/Blocks_2/BottleNeck/"} : (custom_device_tensor<-1x1024x-1x-1xf32>, custom_device_tensor<-1x1024x-1x-1xf32>) -> custom_device_tensor<-1x1024x-1x-1xf32>
    (%569) = "relu(phi_kernel)" (%568) {kernel_key:<backend:mlu|layout:NCHW|dtype:float32>,kernel_name:"relu",op_name:"pd_op.relu",origin_id:2445,stop_gradient:[false],struct_name:"/ResNet/Blocks_2/BottleNeck/"} : (custom_device_tensor<-1x1024x-1x-1xf32>) -> custom_device_tensor<-1x1024x-1x-1xf32>
    (%570) = "conv2d(phi_kernel)" (%569, %191) {data_format:"NCHW",dilations:[1,1],groups:1,kernel_key:<backend:mlu|layout:NCHW|dtype:float32>,kernel_name:"conv2d",op_name:"pd_op.conv2d",origin_id:2446,padding_algorithm:"EXPLICIT",paddings:[0,0],stop_gradient:[false],strides:[1,1],struct_name:"/ResNet/Blocks_2/BottleNeck_1/ConvNormLayer/Conv2D/"} : (custom_device_tensor<-1x1024x-1x-1xf32>, custom_device_tensor<256x1024x1x1xf32>) -> custom_device_tensor<-1x256x-1x-1xf32>
    (%571, %572, %573, %574, %575, %576) = "batch_norm_(phi_kernel)" (%570, %188, %187, %190, %189) {data_format:"NCHW",epsilon:1e-05,is_inplace:true,is_test:true,kernel_key:<backend:mlu|layout:NCHW|dtype:float32>,kernel_name:"batch_norm",momentum:0.9,op_name:"pd_op.batch_norm_",origin_id:2447,stop_gradient:[false,false,false,false,false,false],struct_name:"/ResNet/Blocks_2/BottleNeck_1/ConvNormLayer/BatchNorm2D/",trainable_statistics:false,use_global_stats:true} : (custom_device_tensor<-1x256x-1x-1xf32>, custom_device_tensor<256xf32>, custom_device_tensor<256xf32>, custom_device_tensor<256xf32>, custom_device_tensor<256xf32>) -> custom_device_tensor<-1x256x-1x-1xf32>, custom_device_tensor<256xf32>, custom_device_tensor<256xf32>, custom_device_tensor<256xf32>, custom_device_tensor<256xf32>, custom_device_tensor<-1xu8>
    (%577) = "relu(phi_kernel)" (%571) {kernel_key:<backend:mlu|layout:NCHW|dtype:float32>,kernel_name:"relu",op_name:"pd_op.relu",origin_id:2448,stop_gradient:[false],struct_name:"/ResNet/Blocks_2/BottleNeck_1/ConvNormLayer/"} : (custom_device_tensor<-1x256x-1x-1xf32>) -> custom_device_tensor<-1x256x-1x-1xf32>
    (%578) = "conv2d(phi_kernel)" (%577, %186) {data_format:"NCHW",dilations:[1,1],groups:1,kernel_key:<backend:mlu|layout:NCHW|dtype:float32>,kernel_name:"conv2d",op_name:"pd_op.conv2d",origin_id:2449,padding_algorithm:"EXPLICIT",paddings:[1,1],stop_gradient:[false],strides:[1,1],struct_name:"/ResNet/Blocks_2/BottleNeck_1/ConvNormLayer_1/Conv2D/"} : (custom_device_tensor<-1x256x-1x-1xf32>, custom_device_tensor<256x256x3x3xf32>) -> custom_device_tensor<-1x256x-1x-1xf32>
    (%579, %580, %581, %582, %583, %584) = "batch_norm_(phi_kernel)" (%578, %183, %182, %185, %184) {data_format:"NCHW",epsilon:1e-05,is_inplace:true,is_test:true,kernel_key:<backend:mlu|layout:NCHW|dtype:float32>,kernel_name:"batch_norm",momentum:0.9,op_name:"pd_op.batch_norm_",origin_id:2450,stop_gradient:[false,false,false,false,false,false],struct_name:"/ResNet/Blocks_2/BottleNeck_1/ConvNormLayer_1/BatchNorm2D/",trainable_statistics:false,use_global_stats:true} : (custom_device_tensor<-1x256x-1x-1xf32>, custom_device_tensor<256xf32>, custom_device_tensor<256xf32>, custom_device_tensor<256xf32>, custom_device_tensor<256xf32>) -> custom_device_tensor<-1x256x-1x-1xf32>, custom_device_tensor<256xf32>, custom_device_tensor<256xf32>, custom_device_tensor<256xf32>, custom_device_tensor<256xf32>, custom_device_tensor<-1xu8>
    (%585) = "relu(phi_kernel)" (%579) {kernel_key:<backend:mlu|layout:NCHW|dtype:float32>,kernel_name:"relu",op_name:"pd_op.relu",origin_id:2451,stop_gradient:[false],struct_name:"/ResNet/Blocks_2/BottleNeck_1/ConvNormLayer_1/"} : (custom_device_tensor<-1x256x-1x-1xf32>) -> custom_device_tensor<-1x256x-1x-1xf32>
    (%586) = "conv2d(phi_kernel)" (%585, %181) {data_format:"NCHW",dilations:[1,1],groups:1,kernel_key:<backend:mlu|layout:NCHW|dtype:float32>,kernel_name:"conv2d",op_name:"pd_op.conv2d",origin_id:2452,padding_algorithm:"EXPLICIT",paddings:[0,0],stop_gradient:[false],strides:[1,1],struct_name:"/ResNet/Blocks_2/BottleNeck_1/ConvNormLayer_2/Conv2D/"} : (custom_device_tensor<-1x256x-1x-1xf32>, custom_device_tensor<1024x256x1x1xf32>) -> custom_device_tensor<-1x1024x-1x-1xf32>
    (%587, %588, %589, %590, %591, %592) = "batch_norm_(phi_kernel)" (%586, %178, %177, %180, %179) {data_format:"NCHW",epsilon:1e-05,is_inplace:true,is_test:true,kernel_key:<backend:mlu|layout:NCHW|dtype:float32>,kernel_name:"batch_norm",momentum:0.9,op_name:"pd_op.batch_norm_",origin_id:2453,stop_gradient:[false,false,false,false,false,false],struct_name:"/ResNet/Blocks_2/BottleNeck_1/ConvNormLayer_2/BatchNorm2D/",trainable_statistics:false,use_global_stats:true} : (custom_device_tensor<-1x1024x-1x-1xf32>, custom_device_tensor<1024xf32>, custom_device_tensor<1024xf32>, custom_device_tensor<1024xf32>, custom_device_tensor<1024xf32>) -> custom_device_tensor<-1x1024x-1x-1xf32>, custom_device_tensor<1024xf32>, custom_device_tensor<1024xf32>, custom_device_tensor<1024xf32>, custom_device_tensor<1024xf32>, custom_device_tensor<-1xu8>
    (%593) = "add(phi_kernel)" (%587, %569) {kernel_key:<backend:mlu|layout:NCHW|dtype:float32>,kernel_name:"add",op_name:"pd_op.add",origin_id:2454,stop_gradient:[false],struct_name:"/ResNet/Blocks_2/BottleNeck_1/"} : (custom_device_tensor<-1x1024x-1x-1xf32>, custom_device_tensor<-1x1024x-1x-1xf32>) -> custom_device_tensor<-1x1024x-1x-1xf32>
    (%594) = "relu(phi_kernel)" (%593) {kernel_key:<backend:mlu|layout:NCHW|dtype:float32>,kernel_name:"relu",op_name:"pd_op.relu",origin_id:2455,stop_gradient:[false],struct_name:"/ResNet/Blocks_2/BottleNeck_1/"} : (custom_device_tensor<-1x1024x-1x-1xf32>) -> custom_device_tensor<-1x1024x-1x-1xf32>
    (%595) = "conv2d(phi_kernel)" (%594, %176) {data_format:"NCHW",dilations:[1,1],groups:1,kernel_key:<backend:mlu|layout:NCHW|dtype:float32>,kernel_name:"conv2d",op_name:"pd_op.conv2d",origin_id:2456,padding_algorithm:"EXPLICIT",paddings:[0,0],stop_gradient:[false],strides:[1,1],struct_name:"/ResNet/Blocks_2/BottleNeck_2/ConvNormLayer/Conv2D/"} : (custom_device_tensor<-1x1024x-1x-1xf32>, custom_device_tensor<256x1024x1x1xf32>) -> custom_device_tensor<-1x256x-1x-1xf32>
    (%596, %597, %598, %599, %600, %601) = "batch_norm_(phi_kernel)" (%595, %173, %172, %175, %174) {data_format:"NCHW",epsilon:1e-05,is_inplace:true,is_test:true,kernel_key:<backend:mlu|layout:NCHW|dtype:float32>,kernel_name:"batch_norm",momentum:0.9,op_name:"pd_op.batch_norm_",origin_id:2457,stop_gradient:[false,false,false,false,false,false],struct_name:"/ResNet/Blocks_2/BottleNeck_2/ConvNormLayer/BatchNorm2D/",trainable_statistics:false,use_global_stats:true} : (custom_device_tensor<-1x256x-1x-1xf32>, custom_device_tensor<256xf32>, custom_device_tensor<256xf32>, custom_device_tensor<256xf32>, custom_device_tensor<256xf32>) -> custom_device_tensor<-1x256x-1x-1xf32>, custom_device_tensor<256xf32>, custom_device_tensor<256xf32>, custom_device_tensor<256xf32>, custom_device_tensor<256xf32>, custom_device_tensor<-1xu8>
    (%602) = "relu(phi_kernel)" (%596) {kernel_key:<backend:mlu|layout:NCHW|dtype:float32>,kernel_name:"relu",op_name:"pd_op.relu",origin_id:2458,stop_gradient:[false],struct_name:"/ResNet/Blocks_2/BottleNeck_2/ConvNormLayer/"} : (custom_device_tensor<-1x256x-1x-1xf32>) -> custom_device_tensor<-1x256x-1x-1xf32>
    (%603) = "conv2d(phi_kernel)" (%602, %171) {data_format:"NCHW",dilations:[1,1],groups:1,kernel_key:<backend:mlu|layout:NCHW|dtype:float32>,kernel_name:"conv2d",op_name:"pd_op.conv2d",origin_id:2459,padding_algorithm:"EXPLICIT",paddings:[1,1],stop_gradient:[false],strides:[1,1],struct_name:"/ResNet/Blocks_2/BottleNeck_2/ConvNormLayer_1/Conv2D/"} : (custom_device_tensor<-1x256x-1x-1xf32>, custom_device_tensor<256x256x3x3xf32>) -> custom_device_tensor<-1x256x-1x-1xf32>
    (%604, %605, %606, %607, %608, %609) = "batch_norm_(phi_kernel)" (%603, %168, %167, %170, %169) {data_format:"NCHW",epsilon:1e-05,is_inplace:true,is_test:true,kernel_key:<backend:mlu|layout:NCHW|dtype:float32>,kernel_name:"batch_norm",momentum:0.9,op_name:"pd_op.batch_norm_",origin_id:2460,stop_gradient:[false,false,false,false,false,false],struct_name:"/ResNet/Blocks_2/BottleNeck_2/ConvNormLayer_1/BatchNorm2D/",trainable_statistics:false,use_global_stats:true} : (custom_device_tensor<-1x256x-1x-1xf32>, custom_device_tensor<256xf32>, custom_device_tensor<256xf32>, custom_device_tensor<256xf32>, custom_device_tensor<256xf32>) -> custom_device_tensor<-1x256x-1x-1xf32>, custom_device_tensor<256xf32>, custom_device_tensor<256xf32>, custom_device_tensor<256xf32>, custom_device_tensor<256xf32>, custom_device_tensor<-1xu8>
    (%610) = "relu(phi_kernel)" (%604) {kernel_key:<backend:mlu|layout:NCHW|dtype:float32>,kernel_name:"relu",op_name:"pd_op.relu",origin_id:2461,stop_gradient:[false],struct_name:"/ResNet/Blocks_2/BottleNeck_2/ConvNormLayer_1/"} : (custom_device_tensor<-1x256x-1x-1xf32>) -> custom_device_tensor<-1x256x-1x-1xf32>
    (%611) = "conv2d(phi_kernel)" (%610, %166) {data_format:"NCHW",dilations:[1,1],groups:1,kernel_key:<backend:mlu|layout:NCHW|dtype:float32>,kernel_name:"conv2d",op_name:"pd_op.conv2d",origin_id:2462,padding_algorithm:"EXPLICIT",paddings:[0,0],stop_gradient:[false],strides:[1,1],struct_name:"/ResNet/Blocks_2/BottleNeck_2/ConvNormLayer_2/Conv2D/"} : (custom_device_tensor<-1x256x-1x-1xf32>, custom_device_tensor<1024x256x1x1xf32>) -> custom_device_tensor<-1x1024x-1x-1xf32>
    (%612, %613, %614, %615, %616, %617) = "batch_norm_(phi_kernel)" (%611, %163, %162, %165, %164) {data_format:"NCHW",epsilon:1e-05,is_inplace:true,is_test:true,kernel_key:<backend:mlu|layout:NCHW|dtype:float32>,kernel_name:"batch_norm",momentum:0.9,op_name:"pd_op.batch_norm_",origin_id:2463,stop_gradient:[false,false,false,false,false,false],struct_name:"/ResNet/Blocks_2/BottleNeck_2/ConvNormLayer_2/BatchNorm2D/",trainable_statistics:false,use_global_stats:true} : (custom_device_tensor<-1x1024x-1x-1xf32>, custom_device_tensor<1024xf32>, custom_device_tensor<1024xf32>, custom_device_tensor<1024xf32>, custom_device_tensor<1024xf32>) -> custom_device_tensor<-1x1024x-1x-1xf32>, custom_device_tensor<1024xf32>, custom_device_tensor<1024xf32>, custom_device_tensor<1024xf32>, custom_device_tensor<1024xf32>, custom_device_tensor<-1xu8>
    (%618) = "add(phi_kernel)" (%612, %594) {kernel_key:<backend:mlu|layout:NCHW|dtype:float32>,kernel_name:"add",op_name:"pd_op.add",origin_id:2464,stop_gradient:[false],struct_name:"/ResNet/Blocks_2/BottleNeck_2/"} : (custom_device_tensor<-1x1024x-1x-1xf32>, custom_device_tensor<-1x1024x-1x-1xf32>) -> custom_device_tensor<-1x1024x-1x-1xf32>
    (%619) = "relu(phi_kernel)" (%618) {kernel_key:<backend:mlu|layout:NCHW|dtype:float32>,kernel_name:"relu",op_name:"pd_op.relu",origin_id:2465,stop_gradient:[false],struct_name:"/ResNet/Blocks_2/BottleNeck_2/"} : (custom_device_tensor<-1x1024x-1x-1xf32>) -> custom_device_tensor<-1x1024x-1x-1xf32>
    (%620) = "conv2d(phi_kernel)" (%619, %161) {data_format:"NCHW",dilations:[1,1],groups:1,kernel_key:<backend:mlu|layout:NCHW|dtype:float32>,kernel_name:"conv2d",op_name:"pd_op.conv2d",origin_id:2466,padding_algorithm:"EXPLICIT",paddings:[0,0],stop_gradient:[false],strides:[1,1],struct_name:"/ResNet/Blocks_2/BottleNeck_3/ConvNormLayer/Conv2D/"} : (custom_device_tensor<-1x1024x-1x-1xf32>, custom_device_tensor<256x1024x1x1xf32>) -> custom_device_tensor<-1x256x-1x-1xf32>
    (%621, %622, %623, %624, %625, %626) = "batch_norm_(phi_kernel)" (%620, %158, %157, %160, %159) {data_format:"NCHW",epsilon:1e-05,is_inplace:true,is_test:true,kernel_key:<backend:mlu|layout:NCHW|dtype:float32>,kernel_name:"batch_norm",momentum:0.9,op_name:"pd_op.batch_norm_",origin_id:2467,stop_gradient:[false,false,false,false,false,false],struct_name:"/ResNet/Blocks_2/BottleNeck_3/ConvNormLayer/BatchNorm2D/",trainable_statistics:false,use_global_stats:true} : (custom_device_tensor<-1x256x-1x-1xf32>, custom_device_tensor<256xf32>, custom_device_tensor<256xf32>, custom_device_tensor<256xf32>, custom_device_tensor<256xf32>) -> custom_device_tensor<-1x256x-1x-1xf32>, custom_device_tensor<256xf32>, custom_device_tensor<256xf32>, custom_device_tensor<256xf32>, custom_device_tensor<256xf32>, custom_device_tensor<-1xu8>
    (%627) = "relu(phi_kernel)" (%621) {kernel_key:<backend:mlu|layout:NCHW|dtype:float32>,kernel_name:"relu",op_name:"pd_op.relu",origin_id:2468,stop_gradient:[false],struct_name:"/ResNet/Blocks_2/BottleNeck_3/ConvNormLayer/"} : (custom_device_tensor<-1x256x-1x-1xf32>) -> custom_device_tensor<-1x256x-1x-1xf32>
    (%628) = "conv2d(phi_kernel)" (%627, %156) {data_format:"NCHW",dilations:[1,1],groups:1,kernel_key:<backend:mlu|layout:NCHW|dtype:float32>,kernel_name:"conv2d",op_name:"pd_op.conv2d",origin_id:2469,padding_algorithm:"EXPLICIT",paddings:[1,1],stop_gradient:[false],strides:[1,1],struct_name:"/ResNet/Blocks_2/BottleNeck_3/ConvNormLayer_1/Conv2D/"} : (custom_device_tensor<-1x256x-1x-1xf32>, custom_device_tensor<256x256x3x3xf32>) -> custom_device_tensor<-1x256x-1x-1xf32>
    (%629, %630, %631, %632, %633, %634) = "batch_norm_(phi_kernel)" (%628, %153, %152, %155, %154) {data_format:"NCHW",epsilon:1e-05,is_inplace:true,is_test:true,kernel_key:<backend:mlu|layout:NCHW|dtype:float32>,kernel_name:"batch_norm",momentum:0.9,op_name:"pd_op.batch_norm_",origin_id:2470,stop_gradient:[false,false,false,false,false,false],struct_name:"/ResNet/Blocks_2/BottleNeck_3/ConvNormLayer_1/BatchNorm2D/",trainable_statistics:false,use_global_stats:true} : (custom_device_tensor<-1x256x-1x-1xf32>, custom_device_tensor<256xf32>, custom_device_tensor<256xf32>, custom_device_tensor<256xf32>, custom_device_tensor<256xf32>) -> custom_device_tensor<-1x256x-1x-1xf32>, custom_device_tensor<256xf32>, custom_device_tensor<256xf32>, custom_device_tensor<256xf32>, custom_device_tensor<256xf32>, custom_device_tensor<-1xu8>
    (%635) = "relu(phi_kernel)" (%629) {kernel_key:<backend:mlu|layout:NCHW|dtype:float32>,kernel_name:"relu",op_name:"pd_op.relu",origin_id:2471,stop_gradient:[false],struct_name:"/ResNet/Blocks_2/BottleNeck_3/ConvNormLayer_1/"} : (custom_device_tensor<-1x256x-1x-1xf32>) -> custom_device_tensor<-1x256x-1x-1xf32>
    (%636) = "conv2d(phi_kernel)" (%635, %151) {data_format:"NCHW",dilations:[1,1],groups:1,kernel_key:<backend:mlu|layout:NCHW|dtype:float32>,kernel_name:"conv2d",op_name:"pd_op.conv2d",origin_id:2472,padding_algorithm:"EXPLICIT",paddings:[0,0],stop_gradient:[false],strides:[1,1],struct_name:"/ResNet/Blocks_2/BottleNeck_3/ConvNormLayer_2/Conv2D/"} : (custom_device_tensor<-1x256x-1x-1xf32>, custom_device_tensor<1024x256x1x1xf32>) -> custom_device_tensor<-1x1024x-1x-1xf32>
    (%637, %638, %639, %640, %641, %642) = "batch_norm_(phi_kernel)" (%636, %148, %147, %150, %149) {data_format:"NCHW",epsilon:1e-05,is_inplace:true,is_test:true,kernel_key:<backend:mlu|layout:NCHW|dtype:float32>,kernel_name:"batch_norm",momentum:0.9,op_name:"pd_op.batch_norm_",origin_id:2473,stop_gradient:[false,false,false,false,false,false],struct_name:"/ResNet/Blocks_2/BottleNeck_3/ConvNormLayer_2/BatchNorm2D/",trainable_statistics:false,use_global_stats:true} : (custom_device_tensor<-1x1024x-1x-1xf32>, custom_device_tensor<1024xf32>, custom_device_tensor<1024xf32>, custom_device_tensor<1024xf32>, custom_device_tensor<1024xf32>) -> custom_device_tensor<-1x1024x-1x-1xf32>, custom_device_tensor<1024xf32>, custom_device_tensor<1024xf32>, custom_device_tensor<1024xf32>, custom_device_tensor<1024xf32>, custom_device_tensor<-1xu8>
    (%643) = "add(phi_kernel)" (%637, %619) {kernel_key:<backend:mlu|layout:NCHW|dtype:float32>,kernel_name:"add",op_name:"pd_op.add",origin_id:2474,stop_gradient:[false],struct_name:"/ResNet/Blocks_2/BottleNeck_3/"} : (custom_device_tensor<-1x1024x-1x-1xf32>, custom_device_tensor<-1x1024x-1x-1xf32>) -> custom_device_tensor<-1x1024x-1x-1xf32>
    (%644) = "relu(phi_kernel)" (%643) {kernel_key:<backend:mlu|layout:NCHW|dtype:float32>,kernel_name:"relu",op_name:"pd_op.relu",origin_id:2475,stop_gradient:[false],struct_name:"/ResNet/Blocks_2/BottleNeck_3/"} : (custom_device_tensor<-1x1024x-1x-1xf32>) -> custom_device_tensor<-1x1024x-1x-1xf32>
    (%645) = "conv2d(phi_kernel)" (%644, %146) {data_format:"NCHW",dilations:[1,1],groups:1,kernel_key:<backend:mlu|layout:NCHW|dtype:float32>,kernel_name:"conv2d",op_name:"pd_op.conv2d",origin_id:2476,padding_algorithm:"EXPLICIT",paddings:[0,0],stop_gradient:[false],strides:[1,1],struct_name:"/ResNet/Blocks_2/BottleNeck_4/ConvNormLayer/Conv2D/"} : (custom_device_tensor<-1x1024x-1x-1xf32>, custom_device_tensor<256x1024x1x1xf32>) -> custom_device_tensor<-1x256x-1x-1xf32>
    (%646, %647, %648, %649, %650, %651) = "batch_norm_(phi_kernel)" (%645, %143, %142, %145, %144) {data_format:"NCHW",epsilon:1e-05,is_inplace:true,is_test:true,kernel_key:<backend:mlu|layout:NCHW|dtype:float32>,kernel_name:"batch_norm",momentum:0.9,op_name:"pd_op.batch_norm_",origin_id:2477,stop_gradient:[false,false,false,false,false,false],struct_name:"/ResNet/Blocks_2/BottleNeck_4/ConvNormLayer/BatchNorm2D/",trainable_statistics:false,use_global_stats:true} : (custom_device_tensor<-1x256x-1x-1xf32>, custom_device_tensor<256xf32>, custom_device_tensor<256xf32>, custom_device_tensor<256xf32>, custom_device_tensor<256xf32>) -> custom_device_tensor<-1x256x-1x-1xf32>, custom_device_tensor<256xf32>, custom_device_tensor<256xf32>, custom_device_tensor<256xf32>, custom_device_tensor<256xf32>, custom_device_tensor<-1xu8>
    (%652) = "relu(phi_kernel)" (%646) {kernel_key:<backend:mlu|layout:NCHW|dtype:float32>,kernel_name:"relu",op_name:"pd_op.relu",origin_id:2478,stop_gradient:[false],struct_name:"/ResNet/Blocks_2/BottleNeck_4/ConvNormLayer/"} : (custom_device_tensor<-1x256x-1x-1xf32>) -> custom_device_tensor<-1x256x-1x-1xf32>
    (%653) = "conv2d(phi_kernel)" (%652, %141) {data_format:"NCHW",dilations:[1,1],groups:1,kernel_key:<backend:mlu|layout:NCHW|dtype:float32>,kernel_name:"conv2d",op_name:"pd_op.conv2d",origin_id:2479,padding_algorithm:"EXPLICIT",paddings:[1,1],stop_gradient:[false],strides:[1,1],struct_name:"/ResNet/Blocks_2/BottleNeck_4/ConvNormLayer_1/Conv2D/"} : (custom_device_tensor<-1x256x-1x-1xf32>, custom_device_tensor<256x256x3x3xf32>) -> custom_device_tensor<-1x256x-1x-1xf32>
    (%654, %655, %656, %657, %658, %659) = "batch_norm_(phi_kernel)" (%653, %138, %137, %140, %139) {data_format:"NCHW",epsilon:1e-05,is_inplace:true,is_test:true,kernel_key:<backend:mlu|layout:NCHW|dtype:float32>,kernel_name:"batch_norm",momentum:0.9,op_name:"pd_op.batch_norm_",origin_id:2480,stop_gradient:[false,false,false,false,false,false],struct_name:"/ResNet/Blocks_2/BottleNeck_4/ConvNormLayer_1/BatchNorm2D/",trainable_statistics:false,use_global_stats:true} : (custom_device_tensor<-1x256x-1x-1xf32>, custom_device_tensor<256xf32>, custom_device_tensor<256xf32>, custom_device_tensor<256xf32>, custom_device_tensor<256xf32>) -> custom_device_tensor<-1x256x-1x-1xf32>, custom_device_tensor<256xf32>, custom_device_tensor<256xf32>, custom_device_tensor<256xf32>, custom_device_tensor<256xf32>, custom_device_tensor<-1xu8>
    (%660) = "relu(phi_kernel)" (%654) {kernel_key:<backend:mlu|layout:NCHW|dtype:float32>,kernel_name:"relu",op_name:"pd_op.relu",origin_id:2481,stop_gradient:[false],struct_name:"/ResNet/Blocks_2/BottleNeck_4/ConvNormLayer_1/"} : (custom_device_tensor<-1x256x-1x-1xf32>) -> custom_device_tensor<-1x256x-1x-1xf32>
    (%661) = "conv2d(phi_kernel)" (%660, %136) {data_format:"NCHW",dilations:[1,1],groups:1,kernel_key:<backend:mlu|layout:NCHW|dtype:float32>,kernel_name:"conv2d",op_name:"pd_op.conv2d",origin_id:2482,padding_algorithm:"EXPLICIT",paddings:[0,0],stop_gradient:[false],strides:[1,1],struct_name:"/ResNet/Blocks_2/BottleNeck_4/ConvNormLayer_2/Conv2D/"} : (custom_device_tensor<-1x256x-1x-1xf32>, custom_device_tensor<1024x256x1x1xf32>) -> custom_device_tensor<-1x1024x-1x-1xf32>
    (%662, %663, %664, %665, %666, %667) = "batch_norm_(phi_kernel)" (%661, %133, %132, %135, %134) {data_format:"NCHW",epsilon:1e-05,is_inplace:true,is_test:true,kernel_key:<backend:mlu|layout:NCHW|dtype:float32>,kernel_name:"batch_norm",momentum:0.9,op_name:"pd_op.batch_norm_",origin_id:2483,stop_gradient:[false,false,false,false,false,false],struct_name:"/ResNet/Blocks_2/BottleNeck_4/ConvNormLayer_2/BatchNorm2D/",trainable_statistics:false,use_global_stats:true} : (custom_device_tensor<-1x1024x-1x-1xf32>, custom_device_tensor<1024xf32>, custom_device_tensor<1024xf32>, custom_device_tensor<1024xf32>, custom_device_tensor<1024xf32>) -> custom_device_tensor<-1x1024x-1x-1xf32>, custom_device_tensor<1024xf32>, custom_device_tensor<1024xf32>, custom_device_tensor<1024xf32>, custom_device_tensor<1024xf32>, custom_device_tensor<-1xu8>
    (%668) = "add(phi_kernel)" (%662, %644) {kernel_key:<backend:mlu|layout:NCHW|dtype:float32>,kernel_name:"add",op_name:"pd_op.add",origin_id:2484,stop_gradient:[false],struct_name:"/ResNet/Blocks_2/BottleNeck_4/"} : (custom_device_tensor<-1x1024x-1x-1xf32>, custom_device_tensor<-1x1024x-1x-1xf32>) -> custom_device_tensor<-1x1024x-1x-1xf32>
    (%669) = "relu(phi_kernel)" (%668) {kernel_key:<backend:mlu|layout:NCHW|dtype:float32>,kernel_name:"relu",op_name:"pd_op.relu",origin_id:2485,stop_gradient:[false],struct_name:"/ResNet/Blocks_2/BottleNeck_4/"} : (custom_device_tensor<-1x1024x-1x-1xf32>) -> custom_device_tensor<-1x1024x-1x-1xf32>
    (%670) = "conv2d(phi_kernel)" (%669, %131) {data_format:"NCHW",dilations:[1,1],groups:1,kernel_key:<backend:mlu|layout:NCHW|dtype:float32>,kernel_name:"conv2d",op_name:"pd_op.conv2d",origin_id:2486,padding_algorithm:"EXPLICIT",paddings:[0,0],stop_gradient:[false],strides:[1,1],struct_name:"/ResNet/Blocks_2/BottleNeck_5/ConvNormLayer/Conv2D/"} : (custom_device_tensor<-1x1024x-1x-1xf32>, custom_device_tensor<256x1024x1x1xf32>) -> custom_device_tensor<-1x256x-1x-1xf32>
    (%671, %672, %673, %674, %675, %676) = "batch_norm_(phi_kernel)" (%670, %128, %127, %130, %129) {data_format:"NCHW",epsilon:1e-05,is_inplace:true,is_test:true,kernel_key:<backend:mlu|layout:NCHW|dtype:float32>,kernel_name:"batch_norm",momentum:0.9,op_name:"pd_op.batch_norm_",origin_id:2487,stop_gradient:[false,false,false,false,false,false],struct_name:"/ResNet/Blocks_2/BottleNeck_5/ConvNormLayer/BatchNorm2D/",trainable_statistics:false,use_global_stats:true} : (custom_device_tensor<-1x256x-1x-1xf32>, custom_device_tensor<256xf32>, custom_device_tensor<256xf32>, custom_device_tensor<256xf32>, custom_device_tensor<256xf32>) -> custom_device_tensor<-1x256x-1x-1xf32>, custom_device_tensor<256xf32>, custom_device_tensor<256xf32>, custom_device_tensor<256xf32>, custom_device_tensor<256xf32>, custom_device_tensor<-1xu8>
    (%677) = "relu(phi_kernel)" (%671) {kernel_key:<backend:mlu|layout:NCHW|dtype:float32>,kernel_name:"relu",op_name:"pd_op.relu",origin_id:2488,stop_gradient:[false],struct_name:"/ResNet/Blocks_2/BottleNeck_5/ConvNormLayer/"} : (custom_device_tensor<-1x256x-1x-1xf32>) -> custom_device_tensor<-1x256x-1x-1xf32>
    (%678) = "conv2d(phi_kernel)" (%677, %126) {data_format:"NCHW",dilations:[1,1],groups:1,kernel_key:<backend:mlu|layout:NCHW|dtype:float32>,kernel_name:"conv2d",op_name:"pd_op.conv2d",origin_id:2489,padding_algorithm:"EXPLICIT",paddings:[1,1],stop_gradient:[false],strides:[1,1],struct_name:"/ResNet/Blocks_2/BottleNeck_5/ConvNormLayer_1/Conv2D/"} : (custom_device_tensor<-1x256x-1x-1xf32>, custom_device_tensor<256x256x3x3xf32>) -> custom_device_tensor<-1x256x-1x-1xf32>
    (%679, %680, %681, %682, %683, %684) = "batch_norm_(phi_kernel)" (%678, %123, %122, %125, %124) {data_format:"NCHW",epsilon:1e-05,is_inplace:true,is_test:true,kernel_key:<backend:mlu|layout:NCHW|dtype:float32>,kernel_name:"batch_norm",momentum:0.9,op_name:"pd_op.batch_norm_",origin_id:2490,stop_gradient:[false,false,false,false,false,false],struct_name:"/ResNet/Blocks_2/BottleNeck_5/ConvNormLayer_1/BatchNorm2D/",trainable_statistics:false,use_global_stats:true} : (custom_device_tensor<-1x256x-1x-1xf32>, custom_device_tensor<256xf32>, custom_device_tensor<256xf32>, custom_device_tensor<256xf32>, custom_device_tensor<256xf32>) -> custom_device_tensor<-1x256x-1x-1xf32>, custom_device_tensor<256xf32>, custom_device_tensor<256xf32>, custom_device_tensor<256xf32>, custom_device_tensor<256xf32>, custom_device_tensor<-1xu8>
    (%685) = "relu(phi_kernel)" (%679) {kernel_key:<backend:mlu|layout:NCHW|dtype:float32>,kernel_name:"relu",op_name:"pd_op.relu",origin_id:2491,stop_gradient:[false],struct_name:"/ResNet/Blocks_2/BottleNeck_5/ConvNormLayer_1/"} : (custom_device_tensor<-1x256x-1x-1xf32>) -> custom_device_tensor<-1x256x-1x-1xf32>
    (%686) = "conv2d(phi_kernel)" (%685, %121) {data_format:"NCHW",dilations:[1,1],groups:1,kernel_key:<backend:mlu|layout:NCHW|dtype:float32>,kernel_name:"conv2d",op_name:"pd_op.conv2d",origin_id:2492,padding_algorithm:"EXPLICIT",paddings:[0,0],stop_gradient:[false],strides:[1,1],struct_name:"/ResNet/Blocks_2/BottleNeck_5/ConvNormLayer_2/Conv2D/"} : (custom_device_tensor<-1x256x-1x-1xf32>, custom_device_tensor<1024x256x1x1xf32>) -> custom_device_tensor<-1x1024x-1x-1xf32>
    (%687, %688, %689, %690, %691, %692) = "batch_norm_(phi_kernel)" (%686, %118, %117, %120, %119) {data_format:"NCHW",epsilon:1e-05,is_inplace:true,is_test:true,kernel_key:<backend:mlu|layout:NCHW|dtype:float32>,kernel_name:"batch_norm",momentum:0.9,op_name:"pd_op.batch_norm_",origin_id:2493,stop_gradient:[false,false,false,false,false,false],struct_name:"/ResNet/Blocks_2/BottleNeck_5/ConvNormLayer_2/BatchNorm2D/",trainable_statistics:false,use_global_stats:true} : (custom_device_tensor<-1x1024x-1x-1xf32>, custom_device_tensor<1024xf32>, custom_device_tensor<1024xf32>, custom_device_tensor<1024xf32>, custom_device_tensor<1024xf32>) -> custom_device_tensor<-1x1024x-1x-1xf32>, custom_device_tensor<1024xf32>, custom_device_tensor<1024xf32>, custom_device_tensor<1024xf32>, custom_device_tensor<1024xf32>, custom_device_tensor<-1xu8>
    (%693) = "add(phi_kernel)" (%687, %669) {kernel_key:<backend:mlu|layout:NCHW|dtype:float32>,kernel_name:"add",op_name:"pd_op.add",origin_id:2494,stop_gradient:[false],struct_name:"/ResNet/Blocks_2/BottleNeck_5/"} : (custom_device_tensor<-1x1024x-1x-1xf32>, custom_device_tensor<-1x1024x-1x-1xf32>) -> custom_device_tensor<-1x1024x-1x-1xf32>
    (%694) = "relu(phi_kernel)" (%693) {kernel_key:<backend:mlu|layout:NCHW|dtype:float32>,kernel_name:"relu",op_name:"pd_op.relu",origin_id:2495,stop_gradient:[false],struct_name:"/ResNet/Blocks_2/BottleNeck_5/"} : (custom_device_tensor<-1x1024x-1x-1xf32>) -> custom_device_tensor<-1x1024x-1x-1xf32>
    (%695) = "conv2d(phi_kernel)" (%694, %116) {data_format:"NCHW",dilations:[1,1],groups:1,kernel_key:<backend:mlu|layout:NCHW|dtype:float32>,kernel_name:"conv2d",op_name:"pd_op.conv2d",origin_id:2496,padding_algorithm:"EXPLICIT",paddings:[1,1],stop_gradient:[false],strides:[1,1],struct_name:"/RPNHead/RPNFeat/Conv2D/"} : (custom_device_tensor<-1x1024x-1x-1xf32>, custom_device_tensor<1024x1024x3x3xf32>) -> custom_device_tensor<-1x1024x-1x-1xf32>
    (%696) = "add(phi_kernel)" (%695, %55) {kernel_key:<backend:mlu|layout:NCHW|dtype:float32>,kernel_name:"add",op_name:"pd_op.add",origin_id:2497,stop_gradient:[false],struct_name:"/RPNHead/RPNFeat/Conv2D/"} : (custom_device_tensor<-1x1024x-1x-1xf32>, custom_device_tensor<1x1024x1x1xf32>) -> custom_device_tensor<-1x1024x-1x-1xf32>
    (%697) = "relu(phi_kernel)" (%696) {kernel_key:<backend:mlu|layout:NCHW|dtype:float32>,kernel_name:"relu",op_name:"pd_op.relu",origin_id:2498,stop_gradient:[false],struct_name:"/RPNHead/RPNFeat/"} : (custom_device_tensor<-1x1024x-1x-1xf32>) -> custom_device_tensor<-1x1024x-1x-1xf32>
    (%698) = "conv2d(phi_kernel)" (%697, %115) {data_format:"NCHW",dilations:[1,1],groups:1,kernel_key:<backend:mlu|layout:NCHW|dtype:float32>,kernel_name:"conv2d",op_name:"pd_op.conv2d",origin_id:2499,padding_algorithm:"EXPLICIT",paddings:[0,0],stop_gradient:[false],strides:[1,1],struct_name:"/RPNHead/Conv2D/"} : (custom_device_tensor<-1x1024x-1x-1xf32>, custom_device_tensor<15x1024x1x1xf32>) -> custom_device_tensor<-1x15x-1x-1xf32>
    (%699) = "add(phi_kernel)" (%698, %54) {kernel_key:<backend:mlu|layout:NCHW|dtype:float32>,kernel_name:"add",op_name:"pd_op.add",origin_id:2500,stop_gradient:[false],struct_name:"/RPNHead/Conv2D/"} : (custom_device_tensor<-1x15x-1x-1xf32>, custom_device_tensor<1x15x1x1xf32>) -> custom_device_tensor<-1x15x-1x-1xf32>
    (%700) = "conv2d(phi_kernel)" (%697, %114) {data_format:"NCHW",dilations:[1,1],groups:1,kernel_key:<backend:mlu|layout:NCHW|dtype:float32>,kernel_name:"conv2d",op_name:"pd_op.conv2d",origin_id:2501,padding_algorithm:"EXPLICIT",paddings:[0,0],stop_gradient:[false],strides:[1,1],struct_name:"/RPNHead/Conv2D_1/"} : (custom_device_tensor<-1x1024x-1x-1xf32>, custom_device_tensor<60x1024x1x1xf32>) -> custom_device_tensor<-1x60x-1x-1xf32>
    (%701) = "add(phi_kernel)" (%700, %53) {kernel_key:<backend:mlu|layout:NCHW|dtype:float32>,kernel_name:"add",op_name:"pd_op.add",origin_id:2502,stop_gradient:[false],struct_name:"/RPNHead/Conv2D_1/"} : (custom_device_tensor<-1x60x-1x-1xf32>, custom_device_tensor<1x60x1x1xf32>) -> custom_device_tensor<-1x60x-1x-1xf32>
    (%702) = "shape64(phi_kernel)" (%697) {kernel_key:<backend:mlu|layout:NCHW|dtype:float32>,kernel_name:"shape64",op_name:"pd_op.shape64",origin_id:2503,stop_gradient:[true],struct_name:"/RPNHead/AnchorGenerator/"} : (custom_device_tensor<-1x1024x-1x-1xf32>) -> cpu_tensor<4xi64>
    (%703) = "slice(phi_kernel)" (%702, %52, %51) {axes:[0],decrease_axis:[0],infer_flags:[1],kernel_key:<backend:CPU|layout:NCHW|dtype:int64>,kernel_name:"slice",op_name:"pd_op.slice",origin_id:2504,stop_gradient:[true],struct_name:"/RPNHead/AnchorGenerator/"} : (cpu_tensor<4xi64>, cpu_tensor<1xi64>, cpu_tensor<1xi64>) -> cpu_tensor<i64>
    (%704) = "slice(phi_kernel)" (%702, %51, %50) {axes:[0],decrease_axis:[0],infer_flags:[1],kernel_key:<backend:CPU|layout:NCHW|dtype:int64>,kernel_name:"slice",op_name:"pd_op.slice",origin_id:2505,stop_gradient:[true],struct_name:"/RPNHead/AnchorGenerator/"} : (cpu_tensor<4xi64>, cpu_tensor<1xi64>, cpu_tensor<1xi64>) -> cpu_tensor<i64>
    (%705) = "scale(phi_kernel)" (%704, %49) {bias:0,bias_after_scale:true,kernel_key:<backend:CPU|layout:NCHW|dtype:int64>,kernel_name:"scale",op_name:"pd_op.scale",origin_id:2506,stop_gradient:[true],struct_name:"/RPNHead/AnchorGenerator/"} : (cpu_tensor<i64>, cpu_tensor<1xf32>) -> cpu_tensor<i64>
    (%706) = "full(phi_kernel)" () {dtype:float32,kernel_key:<backend:CPU|layout:Undefined(AnyLayout)|dtype:float32>,kernel_name:"full",op_name:"pd_op.full",origin_id:2507,place:Place(cpu),shape:[1],stop_gradient:[true],struct_name:"/RPNHead/AnchorGenerator/",value:0} : () -> cpu_tensor<1xf32>
    (%707) = "cast(phi_kernel)" (%705) {dtype:float32,kernel_key:<backend:CPU|layout:NCHW|dtype:int64>,kernel_name:"cast",op_name:"pd_op.cast",origin_id:2508,stop_gradient:[true],struct_name:"/RPNHead/AnchorGenerator/"} : (cpu_tensor<i64>) -> cpu_tensor<f32>
    (%708) = "arange(phi_kernel)" (%706, %707, %49) {dtype:float32,kernel_key:<backend:mlu|layout:Undefined(AnyLayout)|dtype:float32>,kernel_name:"arange",op_name:"pd_op.arange",origin_id:2509,place:Place(undefined:0),stop_gradient:[true],struct_name:"/RPNHead/AnchorGenerator/"} : (cpu_tensor<1xf32>, cpu_tensor<f32>, cpu_tensor<1xf32>) -> custom_device_tensor<-1xf32>
    (%709) = "scale(phi_kernel)" (%703, %49) {bias:0,bias_after_scale:true,kernel_key:<backend:CPU|layout:NCHW|dtype:int64>,kernel_name:"scale",op_name:"pd_op.scale",origin_id:2510,stop_gradient:[true],struct_name:"/RPNHead/AnchorGenerator/"} : (cpu_tensor<i64>, cpu_tensor<1xf32>) -> cpu_tensor<i64>
    (%710) = "cast(phi_kernel)" (%709) {dtype:float32,kernel_key:<backend:CPU|layout:NCHW|dtype:int64>,kernel_name:"cast",op_name:"pd_op.cast",origin_id:2511,stop_gradient:[true],struct_name:"/RPNHead/AnchorGenerator/"} : (cpu_tensor<i64>) -> cpu_tensor<f32>
    (%711) = "arange(phi_kernel)" (%706, %710, %49) {dtype:float32,kernel_key:<backend:mlu|layout:Undefined(AnyLayout)|dtype:float32>,kernel_name:"arange",op_name:"pd_op.arange",origin_id:2512,place:Place(undefined:0),stop_gradient:[true],struct_name:"/RPNHead/AnchorGenerator/"} : (cpu_tensor<1xf32>, cpu_tensor<f32>, cpu_tensor<1xf32>) -> custom_device_tensor<-1xf32>
    (%712) = "builtin.combine" [id:2513] (%711, %708) {origin_id:462,stop_gradient:[true],struct_name:"/RPNHead/AnchorGenerator/"} : (custom_device_tensor<-1xf32>, custom_device_tensor<-1xf32>) -> vec[custom_device_tensor<-1xf32>,custom_device_tensor<-1xf32>]
    (%713) = "meshgrid(phi_kernel)" (%712) {kernel_key:<backend:mlu|layout:NCHW|dtype:float32>,kernel_name:"meshgrid",op_name:"pd_op.meshgrid",origin_id:2514,stop_gradient:[true],struct_name:"/RPNHead/AnchorGenerator/"} : (vec[custom_device_tensor<-1xf32>,custom_device_tensor<-1xf32>]) -> vec[custom_device_tensor<-1x-1xf32>,custom_device_tensor<-1x-1xf32>]
    (%714, %715) = "builtin.split" [id:2515] (%713) {origin_id:464,stop_gradient:[true,true],struct_name:"/RPNHead/AnchorGenerator/"} : (vec[custom_device_tensor<-1x-1xf32>,custom_device_tensor<-1x-1xf32>]) -> custom_device_tensor<-1x-1xf32>, custom_device_tensor<-1x-1xf32>
    (%716) = "reshape(phi_kernel)" (%715, %48) {kernel_key:<backend:mlu|layout:NCHW|dtype:float32>,kernel_name:"reshape",op_name:"pd_op.reshape",origin_id:2516,stop_gradient:[true],struct_name:"/RPNHead/AnchorGenerator/"} : (custom_device_tensor<-1x-1xf32>, cpu_tensor<1xi64>) -> custom_device_tensor<-1xf32>
    (%717) = "reshape(phi_kernel)" (%714, %48) {kernel_key:<backend:mlu|layout:NCHW|dtype:float32>,kernel_name:"reshape",op_name:"pd_op.reshape",origin_id:2517,stop_gradient:[true],struct_name:"/RPNHead/AnchorGenerator/"} : (custom_device_tensor<-1x-1xf32>, cpu_tensor<1xi64>) -> custom_device_tensor<-1xf32>
    (%718) = "builtin.combine" [id:2518] (%716, %717, %716, %717) {origin_id:469,stop_gradient:[true],struct_name:"/RPNHead/AnchorGenerator/"} : (custom_device_tensor<-1xf32>, custom_device_tensor<-1xf32>, custom_device_tensor<-1xf32>, custom_device_tensor<-1xf32>) -> vec[custom_device_tensor<-1xf32>,custom_device_tensor<-1xf32>,custom_device_tensor<-1xf32>,custom_device_tensor<-1xf32>]
    (%719) = "stack(phi_kernel)" (%718) {axis:1,kernel_key:<backend:mlu|layout:NCHW|dtype:float32>,kernel_name:"stack",op_name:"pd_op.stack",origin_id:2519,stop_gradient:[true],struct_name:"/RPNHead/AnchorGenerator/"} : (vec[custom_device_tensor<-1xf32>,custom_device_tensor<-1xf32>,custom_device_tensor<-1xf32>,custom_device_tensor<-1xf32>]) -> custom_device_tensor<-1x4xf32>
    (%720) = "reshape(phi_kernel)" (%719, %47) {kernel_key:<backend:mlu|layout:NCHW|dtype:float32>,kernel_name:"reshape",op_name:"pd_op.reshape",origin_id:2520,stop_gradient:[true],struct_name:"/RPNHead/AnchorGenerator/"} : (custom_device_tensor<-1x4xf32>, cpu_tensor<3xi64>) -> custom_device_tensor<-1x1x4xf32>
    (%721) = "add(phi_kernel)" (%720, %46) {kernel_key:<backend:mlu|layout:NCHW|dtype:float32>,kernel_name:"add",op_name:"pd_op.add",origin_id:2521,stop_gradient:[true],struct_name:"/RPNHead/AnchorGenerator/"} : (custom_device_tensor<-1x1x4xf32>, custom_device_tensor<1x15x4xf32>) -> custom_device_tensor<-1x15x4xf32>
    (%722) = "reshape(phi_kernel)" (%721, %45) {kernel_key:<backend:mlu|layout:NCHW|dtype:float32>,kernel_name:"reshape",op_name:"pd_op.reshape",origin_id:2522,stop_gradient:[true],struct_name:"/RPNHead/AnchorGenerator/"} : (custom_device_tensor<-1x15x4xf32>, cpu_tensor<2xi64>) -> custom_device_tensor<-1x4xf32>
    (%723) = "shape64(phi_kernel)" (%333) {kernel_key:<backend:mlu|layout:NCHW|dtype:float32>,kernel_name:"shape64",op_name:"pd_op.shape64",origin_id:2523,stop_gradient:[true],struct_name:"/RPNHead/"} : (custom_device_tensor<-1x2xf32>) -> cpu_tensor<2xi64>
    (%724) = "slice(phi_kernel)" (%723, %44, %43) {axes:[0],decrease_axis:[0],infer_flags:[1],kernel_key:<backend:CPU|layout:NCHW|dtype:int64>,kernel_name:"slice",op_name:"pd_op.slice",origin_id:2524,stop_gradient:[true],struct_name:"/RPNHead/"} : (cpu_tensor<2xi64>, cpu_tensor<1xi64>, cpu_tensor<1xi64>) -> cpu_tensor<i64>
    (%725) = "arange(phi_kernel)" (%42, %724, %41) {dtype:int64,kernel_key:<backend:mlu|layout:Undefined(AnyLayout)|dtype:int64>,kernel_name:"arange",op_name:"pd_op.arange",origin_id:2525,place:Place(undefined:0),stop_gradient:[true],struct_name:"/RPNHead/"} : (cpu_tensor<1xi64>, cpu_tensor<i64>, cpu_tensor<1xi64>) -> custom_device_tensor<-1xi64>
    (%726) = "shape64(phi_kernel)" (%725) {kernel_key:<backend:mlu|layout:NCHW|dtype:int64>,kernel_name:"shape64",op_name:"pd_op.shape64",origin_id:2526,stop_gradient:[true],struct_name:"/RPNHead/"} : (custom_device_tensor<-1xi64>) -> cpu_tensor<1xi64>
    (%727) = "slice(phi_kernel)" (%726, %44, %43) {axes:[0],decrease_axis:[0],infer_flags:[1],kernel_key:<backend:CPU|layout:NCHW|dtype:int64>,kernel_name:"slice",op_name:"pd_op.slice",origin_id:2527,stop_gradient:[true],struct_name:"/RPNHead/"} : (cpu_tensor<1xi64>, cpu_tensor<1xi64>, cpu_tensor<1xi64>) -> cpu_tensor<i64>
    (%728) = "create_array(phi_kernel)" () {dtype:Undefined,kernel_key:<backend:CPU|layout:Undefined(AnyLayout)|dtype:int64>,kernel_name:"create_array",op_name:"pd_op.create_array",origin_id:2528,stop_gradient:[true],struct_name:"/RPNHead/"} : () -> cpu_tensor_array<i64>
    (%729) = "create_array(phi_kernel)" () {dtype:Undefined,kernel_key:<backend:CPU|layout:Undefined(AnyLayout)|dtype:float32>,kernel_name:"create_array",op_name:"pd_op.create_array",origin_id:2529,stop_gradient:[true],struct_name:"/RPNHead/"} : () -> cpu_tensor_array<f32>
    (%730) = "full(phi_kernel)" () {dtype:int64,kernel_key:<backend:mlu|layout:Undefined(AnyLayout)|dtype:int64>,kernel_name:"full",op_name:"pd_op.full",origin_id:2530,place:Place(undefined:0),shape:[],stop_gradient:[true],struct_name:"/RPNHead/",value:0} : () -> custom_device_tensor<i64>
    (%731) = "memcpy_h2d(phi_kernel)" (%727) {dst_place_type:1,kernel_key:<backend:CUSTOM|layout:NCHW|dtype:int64>,kernel_name:"memcpy_h2d",op_name:"pd_op.memcpy_h2d",origin_id:2531} : (cpu_tensor<i64>) -> custom_device_tensor<i64>
    (%732) = "less_than(phi_kernel)" (%730, %731) {kernel_key:<backend:mlu|layout:NCHW|dtype:int64>,kernel_name:"less_than",op_name:"pd_op.less_than",origin_id:2532,stop_gradient:[true],struct_name:"/RPNHead/"} : (custom_device_tensor<i64>, custom_device_tensor<i64>) -> custom_device_tensor<b>
    (%733) = "full(phi_kernel)" () {dtype:float32,kernel_key:<backend:mlu|layout:Undefined(AnyLayout)|dtype:float32>,kernel_name:"full",op_name:"pd_op.full",origin_id:2533,place:Place(undefined:0),shape:[],stop_gradient:[true],struct_name:"/RPNHead/",value:0} : () -> custom_device_tensor<-1x4xf32>
    (%734) = "full(phi_kernel)" () {dtype:int64,kernel_key:<backend:mlu|layout:Undefined(AnyLayout)|dtype:int64>,kernel_name:"full",op_name:"pd_op.full",origin_id:2534,place:Place(undefined:0),shape:[],stop_gradient:[true],struct_name:"/RPNHead/",value:0} : () -> custom_device_tensor<i64>
    (%735) = "full(phi_kernel)" () {dtype:float32,kernel_key:<backend:mlu|layout:Undefined(AnyLayout)|dtype:float32>,kernel_name:"full",op_name:"pd_op.full",origin_id:2535,place:Place(undefined:0),shape:[],stop_gradient:[false],struct_name:"/RPNHead/",value:0} : () -> custom_device_tensor<-1x60x-1x-1xf32>
    (%736) = "full(phi_kernel)" () {dtype:float32,kernel_key:<backend:mlu|layout:Undefined(AnyLayout)|dtype:float32>,kernel_name:"full",op_name:"pd_op.full",origin_id:2536,place:Place(undefined:0),shape:[],stop_gradient:[true],struct_name:"/RPNHead/",value:0} : () -> custom_device_tensor<-1x4xf32>
    (%737) = "full(phi_kernel)" () {dtype:float32,kernel_key:<backend:mlu|layout:Undefined(AnyLayout)|dtype:float32>,kernel_name:"full",op_name:"pd_op.full",origin_id:2537,place:Place(undefined:0),shape:[],stop_gradient:[true],struct_name:"/RPNHead/",value:0} : () -> custom_device_tensor<-1xf32>
    (%738) = "full(phi_kernel)" () {dtype:float32,kernel_key:<backend:mlu|layout:Undefined(AnyLayout)|dtype:float32>,kernel_name:"full",op_name:"pd_op.full",origin_id:2538,place:Place(undefined:0),shape:[],stop_gradient:[true],struct_name:"/RPNHead/",value:0} : () -> custom_device_tensor<-1x1xf32>
    (%739) = "full(phi_kernel)" () {dtype:float32,kernel_key:<backend:mlu|layout:Undefined(AnyLayout)|dtype:float32>,kernel_name:"full",op_name:"pd_op.full",origin_id:2539,place:Place(undefined:0),shape:[],stop_gradient:[false],struct_name:"/RPNHead/",value:0} : () -> custom_device_tensor<-1x15x-1x-1xf32>
    (%740) = "full(phi_kernel)" () {dtype:float32,kernel_key:<backend:mlu|layout:Undefined(AnyLayout)|dtype:float32>,kernel_name:"full",op_name:"pd_op.full",origin_id:2540,place:Place(undefined:0),shape:[],stop_gradient:[true],struct_name:"/RPNHead/",value:0} : () -> custom_device_tensor<-1xf32>
    (%741) = "full(phi_kernel)" () {dtype:float32,kernel_key:<backend:mlu|layout:Undefined(AnyLayout)|dtype:float32>,kernel_name:"full",op_name:"pd_op.full",origin_id:2541,place:Place(undefined:0),shape:[],stop_gradient:[true],struct_name:"/RPNHead/",value:0} : () -> custom_device_tensor<-1x4xf32>
    (%742, %743, %744, %745, %746, %747, %748, %749, %750, %751) = "pd_op.while" [id:2542] (cond=%732, inputs=%730, %733, %734, %735, %736, %737, %738, %739, %740, %741) { 
    ^%arg_0 {stop_gradient:true}, %arg_1 {stop_gradient:true}, %arg_2 {stop_gradient:true}, %arg_3 {stop_gradient:false}, %arg_4 {stop_gradient:true}, %arg_5 {stop_gradient:true}, %arg_6 {stop_gradient:true}, %arg_7 {stop_gradient:false}, %arg_8 {stop_gradient:true}, %arg_9 {stop_gradient:true}
        (%752) = "memcpy_d2h(phi_kernel)" (%arg_0) {dst_place_type:0,kernel_key:<backend:mlu|layout:NCHW|dtype:int64>,kernel_name:"memcpy_d2h",op_name:"pd_op.memcpy_d2h",origin_id:2543} : (custom_device_tensor<i64>) -> cpu_tensor<i64>
        (%753) = "scale(phi_kernel)" (%752, %19) {bias:1,bias_after_scale:true,kernel_key:<backend:CPU|layout:NCHW|dtype:int64>,kernel_name:"scale",op_name:"pd_op.scale",origin_id:2544,stop_gradient:[true]} : (cpu_tensor<i64>, cpu_tensor<1xf32>) -> cpu_tensor<i64>
        (%754) = "builtin.combine" [id:2545] (%arg_0) {origin_id:505,stop_gradient:[true]} : (custom_device_tensor<i64>) -> vec[custom_device_tensor<i64>]
        (%755) = "stack(phi_kernel)" (%754) {axis:0,kernel_key:<backend:mlu|layout:NCHW|dtype:int64>,kernel_name:"stack",op_name:"pd_op.stack",origin_id:2546,stop_gradient:[true]} : (vec[custom_device_tensor<i64>]) -> custom_device_tensor<1xi64>
        (%756) = "builtin.combine" [id:2547] (%753) {origin_id:507,stop_gradient:[true]} : (cpu_tensor<i64>) -> vec[cpu_tensor<i64>]
        (%757) = "stack(phi_kernel)" (%756) {axis:0,kernel_key:<backend:CPU|layout:NCHW|dtype:int64>,kernel_name:"stack",op_name:"pd_op.stack",origin_id:2548,stop_gradient:[true]} : (vec[cpu_tensor<i64>]) -> cpu_tensor<1xi64>
        (%758) = "slice(phi_kernel)" (%725, %755, %757) {axes:[0],decrease_axis:[0],infer_flags:[-1],kernel_key:<backend:mlu|layout:NCHW|dtype:int64>,kernel_name:"slice",op_name:"pd_op.slice",origin_id:2549,stop_gradient:[true]} : (custom_device_tensor<-1xi64>, custom_device_tensor<1xi64>, cpu_tensor<1xi64>) -> custom_device_tensor<i64>
        (%759) = "memcpy_d2h(phi_kernel)" (%758) {dst_place_type:0,kernel_key:<backend:mlu|layout:NCHW|dtype:int64>,kernel_name:"memcpy_d2h",op_name:"pd_op.memcpy_d2h",origin_id:2550} : (custom_device_tensor<i64>) -> cpu_tensor<i64>
        (%760) = "scale(phi_kernel)" (%759, %19) {bias:1,bias_after_scale:true,kernel_key:<backend:CPU|layout:NCHW|dtype:int64>,kernel_name:"scale",op_name:"pd_op.scale",origin_id:2551,stop_gradient:[true]} : (cpu_tensor<i64>, cpu_tensor<1xf32>) -> cpu_tensor<i64>
        (%761) = "builtin.combine" [id:2552] (%758) {origin_id:512,stop_gradient:[true]} : (custom_device_tensor<i64>) -> vec[custom_device_tensor<i64>]
        (%762) = "stack(phi_kernel)" (%761) {axis:0,kernel_key:<backend:mlu|layout:NCHW|dtype:int64>,kernel_name:"stack",op_name:"pd_op.stack",origin_id:2553,stop_gradient:[true]} : (vec[custom_device_tensor<i64>]) -> custom_device_tensor<1xi64>
        (%763) = "builtin.combine" [id:2554] (%760) {origin_id:514,stop_gradient:[true]} : (cpu_tensor<i64>) -> vec[cpu_tensor<i64>]
        (%764) = "stack(phi_kernel)" (%763) {axis:0,kernel_key:<backend:CPU|layout:NCHW|dtype:int64>,kernel_name:"stack",op_name:"pd_op.stack",origin_id:2555,stop_gradient:[true]} : (vec[cpu_tensor<i64>]) -> cpu_tensor<1xi64>
        (%765) = "slice(phi_kernel)" (%699, %762, %764) {axes:[0],decrease_axis:[],infer_flags:[-1],kernel_key:<backend:mlu|layout:NCHW|dtype:float32>,kernel_name:"slice",op_name:"pd_op.slice",origin_id:2556,stop_gradient:[false]} : (custom_device_tensor<-1x15x-1x-1xf32>, custom_device_tensor<1xi64>, cpu_tensor<1xi64>) -> custom_device_tensor<-1x15x-1x-1xf32>
        (%766) = "memcpy_d2h(phi_kernel)" (%758) {dst_place_type:0,kernel_key:<backend:mlu|layout:NCHW|dtype:int64>,kernel_name:"memcpy_d2h",op_name:"pd_op.memcpy_d2h",origin_id:2557} : (custom_device_tensor<i64>) -> cpu_tensor<i64>
        (%767) = "scale(phi_kernel)" (%766, %19) {bias:1,bias_after_scale:true,kernel_key:<backend:CPU|layout:NCHW|dtype:int64>,kernel_name:"scale",op_name:"pd_op.scale",origin_id:2558,stop_gradient:[true]} : (cpu_tensor<i64>, cpu_tensor<1xf32>) -> cpu_tensor<i64>
        (%768) = "builtin.combine" [id:2559] (%758) {origin_id:519,stop_gradient:[true]} : (custom_device_tensor<i64>) -> vec[custom_device_tensor<i64>]
        (%769) = "stack(phi_kernel)" (%768) {axis:0,kernel_key:<backend:mlu|layout:NCHW|dtype:int64>,kernel_name:"stack",op_name:"pd_op.stack",origin_id:2560,stop_gradient:[true]} : (vec[custom_device_tensor<i64>]) -> custom_device_tensor<1xi64>
        (%770) = "builtin.combine" [id:2561] (%767) {origin_id:521,stop_gradient:[true]} : (cpu_tensor<i64>) -> vec[cpu_tensor<i64>]
        (%771) = "stack(phi_kernel)" (%770) {axis:0,kernel_key:<backend:CPU|layout:NCHW|dtype:int64>,kernel_name:"stack",op_name:"pd_op.stack",origin_id:2562,stop_gradient:[true]} : (vec[cpu_tensor<i64>]) -> cpu_tensor<1xi64>
        (%772) = "slice(phi_kernel)" (%701, %769, %771) {axes:[0],decrease_axis:[],infer_flags:[-1],kernel_key:<backend:mlu|layout:NCHW|dtype:float32>,kernel_name:"slice",op_name:"pd_op.slice",origin_id:2563,stop_gradient:[false]} : (custom_device_tensor<-1x60x-1x-1xf32>, custom_device_tensor<1xi64>, cpu_tensor<1xi64>) -> custom_device_tensor<-1x60x-1x-1xf32>
        (%773) = "memcpy_d2h(phi_kernel)" (%758) {dst_place_type:0,kernel_key:<backend:mlu|layout:NCHW|dtype:int64>,kernel_name:"memcpy_d2h",op_name:"pd_op.memcpy_d2h",origin_id:2564} : (custom_device_tensor<i64>) -> cpu_tensor<i64>
        (%774) = "scale(phi_kernel)" (%773, %19) {bias:1,bias_after_scale:true,kernel_key:<backend:CPU|layout:NCHW|dtype:int64>,kernel_name:"scale",op_name:"pd_op.scale",origin_id:2565,stop_gradient:[true]} : (cpu_tensor<i64>, cpu_tensor<1xf32>) -> cpu_tensor<i64>
        (%775) = "builtin.combine" [id:2566] (%758) {origin_id:526,stop_gradient:[true]} : (custom_device_tensor<i64>) -> vec[custom_device_tensor<i64>]
        (%776) = "stack(phi_kernel)" (%775) {axis:0,kernel_key:<backend:mlu|layout:NCHW|dtype:int64>,kernel_name:"stack",op_name:"pd_op.stack",origin_id:2567,stop_gradient:[true]} : (vec[custom_device_tensor<i64>]) -> custom_device_tensor<1xi64>
        (%777) = "builtin.combine" [id:2568] (%774) {origin_id:528,stop_gradient:[true]} : (cpu_tensor<i64>) -> vec[cpu_tensor<i64>]
        (%778) = "stack(phi_kernel)" (%777) {axis:0,kernel_key:<backend:CPU|layout:NCHW|dtype:int64>,kernel_name:"stack",op_name:"pd_op.stack",origin_id:2569,stop_gradient:[true]} : (vec[cpu_tensor<i64>]) -> cpu_tensor<1xi64>
        (%779) = "slice(phi_kernel)" (%333, %776, %778) {axes:[0],decrease_axis:[],infer_flags:[-1],kernel_key:<backend:mlu|layout:NCHW|dtype:float32>,kernel_name:"slice",op_name:"pd_op.slice",origin_id:2570,stop_gradient:[false]} : (custom_device_tensor<-1x2xf32>, custom_device_tensor<1xi64>, cpu_tensor<1xi64>) -> custom_device_tensor<-1x2xf32>
        (%780) = "full_like(phi_kernel)" (%722, %19) {dtype:float32,kernel_key:<backend:mlu|layout:Undefined(AnyLayout)|dtype:float32>,kernel_name:"full_like",op_name:"pd_op.full_like",origin_id:2571,place:Place(undefined:0),stop_gradient:[true]} : (custom_device_tensor<-1x4xf32>, cpu_tensor<1xf32>) -> custom_device_tensor<-1x4xf32>
        (%781) = "memcpy_d2h(phi_kernel)" (%765) {dst_place_type:0,kernel_key:<backend:mlu|layout:NCHW|dtype:float32>,kernel_name:"memcpy_d2h",op_name:"pd_op.memcpy_d2h",origin_id:2572} : (custom_device_tensor<-1x15x-1x-1xf32>) -> cpu_tensor<-1x15x-1x-1xf32>
        (%782) = "memcpy_d2h(phi_kernel)" (%772) {dst_place_type:0,kernel_key:<backend:mlu|layout:NCHW|dtype:float32>,kernel_name:"memcpy_d2h",op_name:"pd_op.memcpy_d2h",origin_id:2573} : (custom_device_tensor<-1x60x-1x-1xf32>) -> cpu_tensor<-1x60x-1x-1xf32>
        (%783) = "memcpy_d2h(phi_kernel)" (%779) {dst_place_type:0,kernel_key:<backend:mlu|layout:NCHW|dtype:float32>,kernel_name:"memcpy_d2h",op_name:"pd_op.memcpy_d2h",origin_id:2574} : (custom_device_tensor<-1x2xf32>) -> cpu_tensor<-1x2xf32>
        (%784) = "memcpy_d2h(phi_kernel)" (%722) {dst_place_type:0,kernel_key:<backend:mlu|layout:NCHW|dtype:float32>,kernel_name:"memcpy_d2h",op_name:"pd_op.memcpy_d2h",origin_id:2575} : (custom_device_tensor<-1x4xf32>) -> cpu_tensor<-1x4xf32>
        (%785) = "memcpy_d2h(phi_kernel)" (%780) {dst_place_type:0,kernel_key:<backend:mlu|layout:NCHW|dtype:float32>,kernel_name:"memcpy_d2h",op_name:"pd_op.memcpy_d2h",origin_id:2576} : (custom_device_tensor<-1x4xf32>) -> cpu_tensor<-1x4xf32>
        (%786, %787, %788) = "generate_proposals(phi_kernel)" (%781, %782, %783, %784, %785) {eta:1,kernel_key:<backend:CPU|layout:NCHW|dtype:float32>,kernel_name:"generate_proposals",min_size:0,nms_thresh:0.7,op_name:"pd_op.generate_proposals",origin_id:2577,pixel_offset:false,post_nms_top_n:1000,pre_nms_top_n:6000,stop_gradient:[true,true,true]} : (cpu_tensor<-1x15x-1x-1xf32>, cpu_tensor<-1x60x-1x-1xf32>, cpu_tensor<-1x2xf32>, cpu_tensor<-1x4xf32>, cpu_tensor<-1x4xf32>) -> cpu_tensor<-1x4xf32>, cpu_tensor<-1x1xf32>, cpu_tensor<-1xf32>
        (%789) = "flatten(phi_kernel)" (%787) {kernel_key:<backend:CPU|layout:NCHW|dtype:float32>,kernel_name:"flatten",op_name:"pd_op.flatten",origin_id:2578,start_axis:0,stop_axis:1,stop_gradient:[true]} : (cpu_tensor<-1x1xf32>) -> cpu_tensor<-1xf32>
        (%790) = "array_length(phi_kernel)" (%729) {kernel_key:<backend:CPU|layout:Undefined(AnyLayout)|dtype:int64>,kernel_name:"array_length",op_name:"pd_op.array_length",origin_id:2579} : (cpu_tensor_array<f32>) -> cpu_tensor<1xi64>
        (%791) = "array_write_(phi_kernel)" (%729, %786, %790) {is_inplace:true,kernel_key:<backend:CPU|layout:Undefined(AnyLayout)|dtype:float32>,kernel_name:"array_write",op_name:"pd_op.array_write_",origin_id:2580} : (cpu_tensor_array<f32>, cpu_tensor<-1x4xf32>, cpu_tensor<1xi64>) -> cpu_tensor_array<f32>
        (%792) = "shape64(phi_kernel)" (%786) {kernel_key:<backend:CPU|layout:NCHW|dtype:float32>,kernel_name:"shape64",op_name:"pd_op.shape64",origin_id:2581,stop_gradient:[true]} : (cpu_tensor<-1x4xf32>) -> cpu_tensor<2xi64>
        (%793) = "slice(phi_kernel)" (%792, %44, %43) {axes:[0],decrease_axis:[],infer_flags:[1],kernel_key:<backend:CPU|layout:NCHW|dtype:int64>,kernel_name:"slice",op_name:"pd_op.slice",origin_id:2582,stop_gradient:[true]} : (cpu_tensor<2xi64>, cpu_tensor<1xi64>, cpu_tensor<1xi64>) -> cpu_tensor<1xi64>
        (%794) = "array_length(phi_kernel)" (%728) {kernel_key:<backend:CPU|layout:Undefined(AnyLayout)|dtype:int64>,kernel_name:"array_length",op_name:"pd_op.array_length",origin_id:2583} : (cpu_tensor_array<i64>) -> cpu_tensor<1xi64>
        (%795) = "array_write_(phi_kernel)" (%728, %793, %794) {is_inplace:true,kernel_key:<backend:CPU|layout:Undefined(AnyLayout)|dtype:int64>,kernel_name:"array_write",op_name:"pd_op.array_write_",origin_id:2584} : (cpu_tensor_array<i64>, cpu_tensor<1xi64>, cpu_tensor<1xi64>) -> cpu_tensor_array<i64>
        (%796) = "memcpy_d2h(phi_kernel)" (%arg_0) {dst_place_type:0,kernel_key:<backend:mlu|layout:NCHW|dtype:int64>,kernel_name:"memcpy_d2h",op_name:"pd_op.memcpy_d2h",origin_id:2585} : (custom_device_tensor<i64>) -> cpu_tensor<i64>
        (%797) = "scale(phi_kernel)" (%796, %19) {bias:1,bias_after_scale:true,kernel_key:<backend:CPU|layout:NCHW|dtype:int64>,kernel_name:"scale",op_name:"pd_op.scale",origin_id:2586,stop_gradient:[true]} : (cpu_tensor<i64>, cpu_tensor<1xf32>) -> cpu_tensor<i64>
        (%798) = "less_than(phi_kernel)" (%797, %727) {kernel_key:<backend:CPU|layout:NCHW|dtype:int64>,kernel_name:"less_than",op_name:"pd_op.less_than",origin_id:2587,stop_gradient:[true]} : (cpu_tensor<i64>, cpu_tensor<i64>) -> cpu_tensor<b>
        (%799) = "memcpy_h2d(phi_kernel)" (%798) {dst_place_type:1,kernel_key:<backend:CUSTOM|layout:Undefined(AnyLayout)|dtype:bool>,kernel_name:"memcpy_h2d",op_name:"pd_op.memcpy_h2d",origin_id:2588} : (cpu_tensor<b>) -> custom_device_tensor<b>
        (%800) = "memcpy_h2d(phi_kernel)" (%797) {dst_place_type:1,kernel_key:<backend:CUSTOM|layout:Undefined(AnyLayout)|dtype:int64>,kernel_name:"memcpy_h2d",op_name:"pd_op.memcpy_h2d",origin_id:2589} : (cpu_tensor<i64>) -> custom_device_tensor<i64>
        (%801) = "memcpy_h2d(phi_kernel)" (%786) {dst_place_type:1,kernel_key:<backend:CUSTOM|layout:Undefined(AnyLayout)|dtype:float32>,kernel_name:"memcpy_h2d",op_name:"pd_op.memcpy_h2d",origin_id:2590} : (cpu_tensor<-1x4xf32>) -> custom_device_tensor<-1x4xf32>
        (%802) = "memcpy_h2d(phi_kernel)" (%788) {dst_place_type:1,kernel_key:<backend:CUSTOM|layout:Undefined(AnyLayout)|dtype:float32>,kernel_name:"memcpy_h2d",op_name:"pd_op.memcpy_h2d",origin_id:2591} : (cpu_tensor<-1xf32>) -> custom_device_tensor<-1xf32>
        (%803) = "memcpy_h2d(phi_kernel)" (%787) {dst_place_type:1,kernel_key:<backend:CUSTOM|layout:Undefined(AnyLayout)|dtype:float32>,kernel_name:"memcpy_h2d",op_name:"pd_op.memcpy_h2d",origin_id:2592} : (cpu_tensor<-1x1xf32>) -> custom_device_tensor<-1x1xf32>
        (%804) = "memcpy_h2d(phi_kernel)" (%789) {dst_place_type:1,kernel_key:<backend:CUSTOM|layout:Undefined(AnyLayout)|dtype:float32>,kernel_name:"memcpy_h2d",op_name:"pd_op.memcpy_h2d",origin_id:2593} : (cpu_tensor<-1xf32>) -> custom_device_tensor<-1xf32>
        (%805) = "memcpy_h2d(phi_kernel)" (%786) {dst_place_type:1,kernel_key:<backend:CUSTOM|layout:Undefined(AnyLayout)|dtype:float32>,kernel_name:"memcpy_h2d",op_name:"pd_op.memcpy_h2d",origin_id:2594} : (cpu_tensor<-1x4xf32>) -> custom_device_tensor<-1x4xf32>
        () = "cf.yield" [id:2595] (%799, %800, %722, %758, %701, %801, %802, %803, %699, %804, %805) {origin_id:546} : (custom_device_tensor<b>, custom_device_tensor<i64>, custom_device_tensor<-1x4xf32>, custom_device_tensor<i64>, custom_device_tensor<-1x60x-1x-1xf32>, custom_device_tensor<-1x4xf32>, custom_device_tensor<-1xf32>, custom_device_tensor<-1x1xf32>, custom_device_tensor<-1x15x-1x-1xf32>, custom_device_tensor<-1xf32>, custom_device_tensor<-1x4xf32>) -> 
    }
    (%806, %807) = "array_to_tensor(phi_kernel)" (%728) {axis:0,kernel_key:<backend:CPU|layout:NCHW|dtype:int64>,kernel_name:"array_to_tensor",op_name:"pd_op.array_to_tensor",origin_id:2596,stop_gradient:[true,true],struct_name:"/RPNHead/",use_stack:false} : (cpu_tensor_array<i64>) -> cpu_tensor<-1xi64>, cpu_tensor<-1xi32>
    (%808) = "array_length(phi_kernel)" (%729) {kernel_key:<backend:CPU|layout:Undefined(AnyLayout)|dtype:int64>,kernel_name:"array_length",op_name:"pd_op.array_length",origin_id:2597,struct_name:"/BBoxHead/RoIAlign/"} : (cpu_tensor_array<f32>) -> cpu_tensor<1xi64>
    (%809) = "memcpy_h2d(phi_kernel)" (%808) {dst_place_type:1,kernel_key:<backend:CUSTOM|layout:NCHW|dtype:int64>,kernel_name:"memcpy_h2d",op_name:"pd_op.memcpy_h2d",origin_id:2598} : (cpu_tensor<1xi64>) -> custom_device_tensor<1xi64>
    (%810) = "greater_than(phi_kernel)" (%809, %40) {kernel_key:<backend:mlu|layout:NCHW|dtype:int64>,kernel_name:"greater_than",op_name:"pd_op.greater_than",origin_id:2599,stop_gradient:[true],struct_name:"/BBoxHead/RoIAlign/"} : (custom_device_tensor<1xi64>, custom_device_tensor<i64>) -> custom_device_tensor<1xb>
    (%811) = "pd_op.if" [id:2600] (%810) {} -> custom_device_tensor<-1x4xf32> {
        (%812, %813) = "array_to_tensor(phi_kernel)" (%729) {axis:0,kernel_key:<backend:CPU|layout:NCHW|dtype:float32>,kernel_name:"array_to_tensor",op_name:"pd_op.array_to_tensor",origin_id:2601,stop_gradient:[true,true],use_stack:false} : (cpu_tensor_array<f32>) -> cpu_tensor<-1x4xf32>, cpu_tensor<-1xi32>
        (%814) = "memcpy_h2d(phi_kernel)" (%812) {dst_place_type:1,kernel_key:<backend:CUSTOM|layout:Undefined(AnyLayout)|dtype:float32>,kernel_name:"memcpy_h2d",op_name:"pd_op.memcpy_h2d",origin_id:2602} : (cpu_tensor<-1x4xf32>) -> custom_device_tensor<-1x4xf32>
        () = "cf.yield" [id:2603] (%814) {origin_id:553} : (custom_device_tensor<-1x4xf32>) -> 
    } else {
        (%815) = "slice_array_dense(phi_kernel)" (%729, %44) {kernel_key:<backend:CPU|layout:Undefined(AnyLayout)|dtype:float32>,kernel_name:"slice_array_dense",op_name:"pd_op.slice_array_dense",origin_id:2604,stop_gradient:[true]} : (cpu_tensor_array<f32>, cpu_tensor<1xi64>) -> cpu_tensor<-1x4xf32>
        (%816) = "memcpy_h2d(phi_kernel)" (%815) {dst_place_type:1,kernel_key:<backend:CUSTOM|layout:Undefined(AnyLayout)|dtype:float32>,kernel_name:"memcpy_h2d",op_name:"pd_op.memcpy_h2d",origin_id:2605} : (cpu_tensor<-1x4xf32>) -> custom_device_tensor<-1x4xf32>
        () = "cf.yield" [id:2606] (%816) {origin_id:556} : (custom_device_tensor<-1x4xf32>) -> 
    }
    (%817) = "cast(phi_kernel)" (%806) {dtype:int32,kernel_key:<backend:CPU|layout:NCHW|dtype:int64>,kernel_name:"cast",op_name:"pd_op.cast",origin_id:2607,stop_gradient:[true],struct_name:"/BBoxHead/RoIAlign/"} : (cpu_tensor<-1xi64>) -> cpu_tensor<-1xi32>
    (%818) = "memcpy_h2d(phi_kernel)" (%817) {dst_place_type:1,kernel_key:<backend:CUSTOM|layout:NCHW|dtype:float32>,kernel_name:"memcpy_h2d",op_name:"pd_op.memcpy_h2d",origin_id:2608} : (cpu_tensor<-1xi32>) -> custom_device_tensor<-1xi32>
    (%819) = "roi_align(phi_kernel)" (%694, %811, %818) {aligned:true,kernel_key:<backend:mlu|layout:NCHW|dtype:float32>,kernel_name:"roi_align",op_name:"pd_op.roi_align",origin_id:2609,pooled_height:14,pooled_width:14,sampling_ratio:-1,spatial_scale:0.0625,stop_gradient:[false],struct_name:"/BBoxHead/RoIAlign/"} : (custom_device_tensor<-1x1024x-1x-1xf32>, custom_device_tensor<-1x4xf32>, custom_device_tensor<-1xi32>) -> custom_device_tensor<-1x1024x14x14xf32>
    (%820) = "conv2d(phi_kernel)" (%819, %113) {data_format:"NCHW",dilations:[1,1],groups:1,kernel_key:<backend:mlu|layout:NCHW|dtype:float32>,kernel_name:"conv2d",op_name:"pd_op.conv2d",origin_id:2610,padding_algorithm:"EXPLICIT",paddings:[0,0],stop_gradient:[false],strides:[1,1],struct_name:"/BBoxHead/Res5Head/Blocks/BottleNeck/ConvNormLayer/Conv2D/"} : (custom_device_tensor<-1x1024x14x14xf32>, custom_device_tensor<512x1024x1x1xf32>) -> custom_device_tensor<-1x512x14x14xf32>
    (%821, %822, %823, %824, %825, %826) = "batch_norm_(phi_kernel)" (%820, %110, %109, %112, %111) {data_format:"NCHW",epsilon:1e-05,is_inplace:true,is_test:true,kernel_key:<backend:mlu|layout:NCHW|dtype:float32>,kernel_name:"batch_norm",momentum:0.9,op_name:"pd_op.batch_norm_",origin_id:2611,stop_gradient:[false,false,false,false,false,false],struct_name:"/BBoxHead/Res5Head/Blocks/BottleNeck/ConvNormLayer/BatchNorm2D/",trainable_statistics:false,use_global_stats:true} : (custom_device_tensor<-1x512x14x14xf32>, custom_device_tensor<512xf32>, custom_device_tensor<512xf32>, custom_device_tensor<512xf32>, custom_device_tensor<512xf32>) -> custom_device_tensor<-1x512x14x14xf32>, custom_device_tensor<512xf32>, custom_device_tensor<512xf32>, custom_device_tensor<512xf32>, custom_device_tensor<512xf32>, custom_device_tensor<-1xu8>
    (%827) = "relu(phi_kernel)" (%821) {kernel_key:<backend:mlu|layout:NCHW|dtype:float32>,kernel_name:"relu",op_name:"pd_op.relu",origin_id:2612,stop_gradient:[false],struct_name:"/BBoxHead/Res5Head/Blocks/BottleNeck/ConvNormLayer/"} : (custom_device_tensor<-1x512x14x14xf32>) -> custom_device_tensor<-1x512x14x14xf32>
    (%828) = "conv2d(phi_kernel)" (%827, %108) {data_format:"NCHW",dilations:[1,1],groups:1,kernel_key:<backend:mlu|layout:NCHW|dtype:float32>,kernel_name:"conv2d",op_name:"pd_op.conv2d",origin_id:2613,padding_algorithm:"EXPLICIT",paddings:[1,1],stop_gradient:[false],strides:[2,2],struct_name:"/BBoxHead/Res5Head/Blocks/BottleNeck/ConvNormLayer_1/Conv2D/"} : (custom_device_tensor<-1x512x14x14xf32>, custom_device_tensor<512x512x3x3xf32>) -> custom_device_tensor<-1x512x7x7xf32>
    (%829, %830, %831, %832, %833, %834) = "batch_norm_(phi_kernel)" (%828, %105, %104, %107, %106) {data_format:"NCHW",epsilon:1e-05,is_inplace:true,is_test:true,kernel_key:<backend:mlu|layout:NCHW|dtype:float32>,kernel_name:"batch_norm",momentum:0.9,op_name:"pd_op.batch_norm_",origin_id:2614,stop_gradient:[false,false,false,false,false,false],struct_name:"/BBoxHead/Res5Head/Blocks/BottleNeck/ConvNormLayer_1/BatchNorm2D/",trainable_statistics:false,use_global_stats:true} : (custom_device_tensor<-1x512x7x7xf32>, custom_device_tensor<512xf32>, custom_device_tensor<512xf32>, custom_device_tensor<512xf32>, custom_device_tensor<512xf32>) -> custom_device_tensor<-1x512x7x7xf32>, custom_device_tensor<512xf32>, custom_device_tensor<512xf32>, custom_device_tensor<512xf32>, custom_device_tensor<512xf32>, custom_device_tensor<-1xu8>
    (%835) = "relu(phi_kernel)" (%829) {kernel_key:<backend:mlu|layout:NCHW|dtype:float32>,kernel_name:"relu",op_name:"pd_op.relu",origin_id:2615,stop_gradient:[false],struct_name:"/BBoxHead/Res5Head/Blocks/BottleNeck/ConvNormLayer_1/"} : (custom_device_tensor<-1x512x7x7xf32>) -> custom_device_tensor<-1x512x7x7xf32>
    (%836) = "conv2d(phi_kernel)" (%835, %103) {data_format:"NCHW",dilations:[1,1],groups:1,kernel_key:<backend:mlu|layout:NCHW|dtype:float32>,kernel_name:"conv2d",op_name:"pd_op.conv2d",origin_id:2616,padding_algorithm:"EXPLICIT",paddings:[0,0],stop_gradient:[false],strides:[1,1],struct_name:"/BBoxHead/Res5Head/Blocks/BottleNeck/ConvNormLayer_2/Conv2D/"} : (custom_device_tensor<-1x512x7x7xf32>, custom_device_tensor<2048x512x1x1xf32>) -> custom_device_tensor<-1x2048x7x7xf32>
    (%837, %838, %839, %840, %841, %842) = "batch_norm_(phi_kernel)" (%836, %100, %99, %102, %101) {data_format:"NCHW",epsilon:1e-05,is_inplace:true,is_test:true,kernel_key:<backend:mlu|layout:NCHW|dtype:float32>,kernel_name:"batch_norm",momentum:0.9,op_name:"pd_op.batch_norm_",origin_id:2617,stop_gradient:[false,false,false,false,false,false],struct_name:"/BBoxHead/Res5Head/Blocks/BottleNeck/ConvNormLayer_2/BatchNorm2D/",trainable_statistics:false,use_global_stats:true} : (custom_device_tensor<-1x2048x7x7xf32>, custom_device_tensor<2048xf32>, custom_device_tensor<2048xf32>, custom_device_tensor<2048xf32>, custom_device_tensor<2048xf32>) -> custom_device_tensor<-1x2048x7x7xf32>, custom_device_tensor<2048xf32>, custom_device_tensor<2048xf32>, custom_device_tensor<2048xf32>, custom_device_tensor<2048xf32>, custom_device_tensor<-1xu8>
    (%843) = "conv2d(phi_kernel)" (%819, %98) {data_format:"NCHW",dilations:[1,1],groups:1,kernel_key:<backend:mlu|layout:NCHW|dtype:float32>,kernel_name:"conv2d",op_name:"pd_op.conv2d",origin_id:2618,padding_algorithm:"EXPLICIT",paddings:[0,0],stop_gradient:[false],strides:[2,2],struct_name:"/BBoxHead/Res5Head/Blocks/BottleNeck/ConvNormLayer_3/Conv2D/"} : (custom_device_tensor<-1x1024x14x14xf32>, custom_device_tensor<2048x1024x1x1xf32>) -> custom_device_tensor<-1x2048x7x7xf32>
    (%844, %845, %846, %847, %848, %849) = "batch_norm_(phi_kernel)" (%843, %95, %94, %97, %96) {data_format:"NCHW",epsilon:1e-05,is_inplace:true,is_test:true,kernel_key:<backend:mlu|layout:NCHW|dtype:float32>,kernel_name:"batch_norm",momentum:0.9,op_name:"pd_op.batch_norm_",origin_id:2619,stop_gradient:[false,false,false,false,false,false],struct_name:"/BBoxHead/Res5Head/Blocks/BottleNeck/ConvNormLayer_3/BatchNorm2D/",trainable_statistics:false,use_global_stats:true} : (custom_device_tensor<-1x2048x7x7xf32>, custom_device_tensor<2048xf32>, custom_device_tensor<2048xf32>, custom_device_tensor<2048xf32>, custom_device_tensor<2048xf32>) -> custom_device_tensor<-1x2048x7x7xf32>, custom_device_tensor<2048xf32>, custom_device_tensor<2048xf32>, custom_device_tensor<2048xf32>, custom_device_tensor<2048xf32>, custom_device_tensor<-1xu8>
    (%850) = "add(phi_kernel)" (%837, %844) {kernel_key:<backend:mlu|layout:NCHW|dtype:float32>,kernel_name:"add",op_name:"pd_op.add",origin_id:2620,stop_gradient:[false],struct_name:"/BBoxHead/Res5Head/Blocks/BottleNeck/"} : (custom_device_tensor<-1x2048x7x7xf32>, custom_device_tensor<-1x2048x7x7xf32>) -> custom_device_tensor<-1x2048x7x7xf32>
    (%851) = "relu(phi_kernel)" (%850) {kernel_key:<backend:mlu|layout:NCHW|dtype:float32>,kernel_name:"relu",op_name:"pd_op.relu",origin_id:2621,stop_gradient:[false],struct_name:"/BBoxHead/Res5Head/Blocks/BottleNeck/"} : (custom_device_tensor<-1x2048x7x7xf32>) -> custom_device_tensor<-1x2048x7x7xf32>
    (%852) = "conv2d(phi_kernel)" (%851, %93) {data_format:"NCHW",dilations:[1,1],groups:1,kernel_key:<backend:mlu|layout:NCHW|dtype:float32>,kernel_name:"conv2d",op_name:"pd_op.conv2d",origin_id:2622,padding_algorithm:"EXPLICIT",paddings:[0,0],stop_gradient:[false],strides:[1,1],struct_name:"/BBoxHead/Res5Head/Blocks/BottleNeck_1/ConvNormLayer/Conv2D/"} : (custom_device_tensor<-1x2048x7x7xf32>, custom_device_tensor<512x2048x1x1xf32>) -> custom_device_tensor<-1x512x7x7xf32>
    (%853, %854, %855, %856, %857, %858) = "batch_norm_(phi_kernel)" (%852, %90, %89, %92, %91) {data_format:"NCHW",epsilon:1e-05,is_inplace:true,is_test:true,kernel_key:<backend:mlu|layout:NCHW|dtype:float32>,kernel_name:"batch_norm",momentum:0.9,op_name:"pd_op.batch_norm_",origin_id:2623,stop_gradient:[false,false,false,false,false,false],struct_name:"/BBoxHead/Res5Head/Blocks/BottleNeck_1/ConvNormLayer/BatchNorm2D/",trainable_statistics:false,use_global_stats:true} : (custom_device_tensor<-1x512x7x7xf32>, custom_device_tensor<512xf32>, custom_device_tensor<512xf32>, custom_device_tensor<512xf32>, custom_device_tensor<512xf32>) -> custom_device_tensor<-1x512x7x7xf32>, custom_device_tensor<512xf32>, custom_device_tensor<512xf32>, custom_device_tensor<512xf32>, custom_device_tensor<512xf32>, custom_device_tensor<-1xu8>
    (%859) = "relu(phi_kernel)" (%853) {kernel_key:<backend:mlu|layout:NCHW|dtype:float32>,kernel_name:"relu",op_name:"pd_op.relu",origin_id:2624,stop_gradient:[false],struct_name:"/BBoxHead/Res5Head/Blocks/BottleNeck_1/ConvNormLayer/"} : (custom_device_tensor<-1x512x7x7xf32>) -> custom_device_tensor<-1x512x7x7xf32>
    (%860) = "conv2d(phi_kernel)" (%859, %88) {data_format:"NCHW",dilations:[1,1],groups:1,kernel_key:<backend:mlu|layout:NCHW|dtype:float32>,kernel_name:"conv2d",op_name:"pd_op.conv2d",origin_id:2625,padding_algorithm:"EXPLICIT",paddings:[1,1],stop_gradient:[false],strides:[1,1],struct_name:"/BBoxHead/Res5Head/Blocks/BottleNeck_1/ConvNormLayer_1/Conv2D/"} : (custom_device_tensor<-1x512x7x7xf32>, custom_device_tensor<512x512x3x3xf32>) -> custom_device_tensor<-1x512x7x7xf32>
    (%861, %862, %863, %864, %865, %866) = "batch_norm_(phi_kernel)" (%860, %85, %84, %87, %86) {data_format:"NCHW",epsilon:1e-05,is_inplace:true,is_test:true,kernel_key:<backend:mlu|layout:NCHW|dtype:float32>,kernel_name:"batch_norm",momentum:0.9,op_name:"pd_op.batch_norm_",origin_id:2626,stop_gradient:[false,false,false,false,false,false],struct_name:"/BBoxHead/Res5Head/Blocks/BottleNeck_1/ConvNormLayer_1/BatchNorm2D/",trainable_statistics:false,use_global_stats:true} : (custom_device_tensor<-1x512x7x7xf32>, custom_device_tensor<512xf32>, custom_device_tensor<512xf32>, custom_device_tensor<512xf32>, custom_device_tensor<512xf32>) -> custom_device_tensor<-1x512x7x7xf32>, custom_device_tensor<512xf32>, custom_device_tensor<512xf32>, custom_device_tensor<512xf32>, custom_device_tensor<512xf32>, custom_device_tensor<-1xu8>
    (%867) = "relu(phi_kernel)" (%861) {kernel_key:<backend:mlu|layout:NCHW|dtype:float32>,kernel_name:"relu",op_name:"pd_op.relu",origin_id:2627,stop_gradient:[false],struct_name:"/BBoxHead/Res5Head/Blocks/BottleNeck_1/ConvNormLayer_1/"} : (custom_device_tensor<-1x512x7x7xf32>) -> custom_device_tensor<-1x512x7x7xf32>
    (%868) = "conv2d(phi_kernel)" (%867, %83) {data_format:"NCHW",dilations:[1,1],groups:1,kernel_key:<backend:mlu|layout:NCHW|dtype:float32>,kernel_name:"conv2d",op_name:"pd_op.conv2d",origin_id:2628,padding_algorithm:"EXPLICIT",paddings:[0,0],stop_gradient:[false],strides:[1,1],struct_name:"/BBoxHead/Res5Head/Blocks/BottleNeck_1/ConvNormLayer_2/Conv2D/"} : (custom_device_tensor<-1x512x7x7xf32>, custom_device_tensor<2048x512x1x1xf32>) -> custom_device_tensor<-1x2048x7x7xf32>
    (%869, %870, %871, %872, %873, %874) = "batch_norm_(phi_kernel)" (%868, %80, %79, %82, %81) {data_format:"NCHW",epsilon:1e-05,is_inplace:true,is_test:true,kernel_key:<backend:mlu|layout:NCHW|dtype:float32>,kernel_name:"batch_norm",momentum:0.9,op_name:"pd_op.batch_norm_",origin_id:2629,stop_gradient:[false,false,false,false,false,false],struct_name:"/BBoxHead/Res5Head/Blocks/BottleNeck_1/ConvNormLayer_2/BatchNorm2D/",trainable_statistics:false,use_global_stats:true} : (custom_device_tensor<-1x2048x7x7xf32>, custom_device_tensor<2048xf32>, custom_device_tensor<2048xf32>, custom_device_tensor<2048xf32>, custom_device_tensor<2048xf32>) -> custom_device_tensor<-1x2048x7x7xf32>, custom_device_tensor<2048xf32>, custom_device_tensor<2048xf32>, custom_device_tensor<2048xf32>, custom_device_tensor<2048xf32>, custom_device_tensor<-1xu8>
    (%875) = "add(phi_kernel)" (%869, %851) {kernel_key:<backend:mlu|layout:NCHW|dtype:float32>,kernel_name:"add",op_name:"pd_op.add",origin_id:2630,stop_gradient:[false],struct_name:"/BBoxHead/Res5Head/Blocks/BottleNeck_1/"} : (custom_device_tensor<-1x2048x7x7xf32>, custom_device_tensor<-1x2048x7x7xf32>) -> custom_device_tensor<-1x2048x7x7xf32>
    (%876) = "relu(phi_kernel)" (%875) {kernel_key:<backend:mlu|layout:NCHW|dtype:float32>,kernel_name:"relu",op_name:"pd_op.relu",origin_id:2631,stop_gradient:[false],struct_name:"/BBoxHead/Res5Head/Blocks/BottleNeck_1/"} : (custom_device_tensor<-1x2048x7x7xf32>) -> custom_device_tensor<-1x2048x7x7xf32>
    (%877) = "conv2d(phi_kernel)" (%876, %78) {data_format:"NCHW",dilations:[1,1],groups:1,kernel_key:<backend:mlu|layout:NCHW|dtype:float32>,kernel_name:"conv2d",op_name:"pd_op.conv2d",origin_id:2632,padding_algorithm:"EXPLICIT",paddings:[0,0],stop_gradient:[false],strides:[1,1],struct_name:"/BBoxHead/Res5Head/Blocks/BottleNeck_2/ConvNormLayer/Conv2D/"} : (custom_device_tensor<-1x2048x7x7xf32>, custom_device_tensor<512x2048x1x1xf32>) -> custom_device_tensor<-1x512x7x7xf32>
    (%878, %879, %880, %881, %882, %883) = "batch_norm_(phi_kernel)" (%877, %75, %74, %77, %76) {data_format:"NCHW",epsilon:1e-05,is_inplace:true,is_test:true,kernel_key:<backend:mlu|layout:NCHW|dtype:float32>,kernel_name:"batch_norm",momentum:0.9,op_name:"pd_op.batch_norm_",origin_id:2633,stop_gradient:[false,false,false,false,false,false],struct_name:"/BBoxHead/Res5Head/Blocks/BottleNeck_2/ConvNormLayer/BatchNorm2D/",trainable_statistics:false,use_global_stats:true} : (custom_device_tensor<-1x512x7x7xf32>, custom_device_tensor<512xf32>, custom_device_tensor<512xf32>, custom_device_tensor<512xf32>, custom_device_tensor<512xf32>) -> custom_device_tensor<-1x512x7x7xf32>, custom_device_tensor<512xf32>, custom_device_tensor<512xf32>, custom_device_tensor<512xf32>, custom_device_tensor<512xf32>, custom_device_tensor<-1xu8>
    (%884) = "relu(phi_kernel)" (%878) {kernel_key:<backend:mlu|layout:NCHW|dtype:float32>,kernel_name:"relu",op_name:"pd_op.relu",origin_id:2634,stop_gradient:[false],struct_name:"/BBoxHead/Res5Head/Blocks/BottleNeck_2/ConvNormLayer/"} : (custom_device_tensor<-1x512x7x7xf32>) -> custom_device_tensor<-1x512x7x7xf32>
    (%885) = "conv2d(phi_kernel)" (%884, %73) {data_format:"NCHW",dilations:[1,1],groups:1,kernel_key:<backend:mlu|layout:NCHW|dtype:float32>,kernel_name:"conv2d",op_name:"pd_op.conv2d",origin_id:2635,padding_algorithm:"EXPLICIT",paddings:[1,1],stop_gradient:[false],strides:[1,1],struct_name:"/BBoxHead/Res5Head/Blocks/BottleNeck_2/ConvNormLayer_1/Conv2D/"} : (custom_device_tensor<-1x512x7x7xf32>, custom_device_tensor<512x512x3x3xf32>) -> custom_device_tensor<-1x512x7x7xf32>
    (%886, %887, %888, %889, %890, %891) = "batch_norm_(phi_kernel)" (%885, %70, %69, %72, %71) {data_format:"NCHW",epsilon:1e-05,is_inplace:true,is_test:true,kernel_key:<backend:mlu|layout:NCHW|dtype:float32>,kernel_name:"batch_norm",momentum:0.9,op_name:"pd_op.batch_norm_",origin_id:2636,stop_gradient:[false,false,false,false,false,false],struct_name:"/BBoxHead/Res5Head/Blocks/BottleNeck_2/ConvNormLayer_1/BatchNorm2D/",trainable_statistics:false,use_global_stats:true} : (custom_device_tensor<-1x512x7x7xf32>, custom_device_tensor<512xf32>, custom_device_tensor<512xf32>, custom_device_tensor<512xf32>, custom_device_tensor<512xf32>) -> custom_device_tensor<-1x512x7x7xf32>, custom_device_tensor<512xf32>, custom_device_tensor<512xf32>, custom_device_tensor<512xf32>, custom_device_tensor<512xf32>, custom_device_tensor<-1xu8>
    (%892) = "relu(phi_kernel)" (%886) {kernel_key:<backend:mlu|layout:NCHW|dtype:float32>,kernel_name:"relu",op_name:"pd_op.relu",origin_id:2637,stop_gradient:[false],struct_name:"/BBoxHead/Res5Head/Blocks/BottleNeck_2/ConvNormLayer_1/"} : (custom_device_tensor<-1x512x7x7xf32>) -> custom_device_tensor<-1x512x7x7xf32>
    (%893) = "conv2d(phi_kernel)" (%892, %68) {data_format:"NCHW",dilations:[1,1],groups:1,kernel_key:<backend:mlu|layout:NCHW|dtype:float32>,kernel_name:"conv2d",op_name:"pd_op.conv2d",origin_id:2638,padding_algorithm:"EXPLICIT",paddings:[0,0],stop_gradient:[false],strides:[1,1],struct_name:"/BBoxHead/Res5Head/Blocks/BottleNeck_2/ConvNormLayer_2/Conv2D/"} : (custom_device_tensor<-1x512x7x7xf32>, custom_device_tensor<2048x512x1x1xf32>) -> custom_device_tensor<-1x2048x7x7xf32>
    (%894, %895, %896, %897, %898, %899) = "batch_norm_(phi_kernel)" (%893, %65, %64, %67, %66) {data_format:"NCHW",epsilon:1e-05,is_inplace:true,is_test:true,kernel_key:<backend:mlu|layout:NCHW|dtype:float32>,kernel_name:"batch_norm",momentum:0.9,op_name:"pd_op.batch_norm_",origin_id:2639,stop_gradient:[false,false,false,false,false,false],struct_name:"/BBoxHead/Res5Head/Blocks/BottleNeck_2/ConvNormLayer_2/BatchNorm2D/",trainable_statistics:false,use_global_stats:true} : (custom_device_tensor<-1x2048x7x7xf32>, custom_device_tensor<2048xf32>, custom_device_tensor<2048xf32>, custom_device_tensor<2048xf32>, custom_device_tensor<2048xf32>) -> custom_device_tensor<-1x2048x7x7xf32>, custom_device_tensor<2048xf32>, custom_device_tensor<2048xf32>, custom_device_tensor<2048xf32>, custom_device_tensor<2048xf32>, custom_device_tensor<-1xu8>
    (%900) = "add(phi_kernel)" (%894, %876) {kernel_key:<backend:mlu|layout:NCHW|dtype:float32>,kernel_name:"add",op_name:"pd_op.add",origin_id:2640,stop_gradient:[false],struct_name:"/BBoxHead/Res5Head/Blocks/BottleNeck_2/"} : (custom_device_tensor<-1x2048x7x7xf32>, custom_device_tensor<-1x2048x7x7xf32>) -> custom_device_tensor<-1x2048x7x7xf32>
    (%901) = "relu(phi_kernel)" (%900) {kernel_key:<backend:mlu|layout:NCHW|dtype:float32>,kernel_name:"relu",op_name:"pd_op.relu",origin_id:2641,stop_gradient:[false],struct_name:"/BBoxHead/Res5Head/Blocks/BottleNeck_2/"} : (custom_device_tensor<-1x2048x7x7xf32>) -> custom_device_tensor<-1x2048x7x7xf32>
    (%902) = "pool2d(phi_kernel)" (%901, %39) {adaptive:true,ceil_mode:false,data_format:"NCHW",exclusive:true,global_pooling:false,kernel_key:<backend:mlu|layout:NCHW|dtype:float32>,kernel_name:"pool2d",op_name:"pd_op.pool2d",origin_id:2642,padding_algorithm:"EXPLICIT",paddings:[0,0],pooling_type:"avg",stop_gradient:[false],strides:[1,1],struct_name:"/BBoxHead/"} : (custom_device_tensor<-1x2048x7x7xf32>, cpu_tensor<2xi64>) -> custom_device_tensor<-1x2048x1x1xf32>
    (%903) = "squeeze(phi_kernel)" (%902, %38) {kernel_key:<backend:mlu|layout:NCHW|dtype:float32>,kernel_name:"squeeze",op_name:"pd_op.squeeze",origin_id:2643,stop_gradient:[false],struct_name:"/BBoxHead/"} : (custom_device_tensor<-1x2048x1x1xf32>, cpu_tensor<2xi64>) -> custom_device_tensor<-1x2048xf32>
    (%904) = "matmul(phi_kernel)" (%903, %63) {kernel_key:<backend:mlu|layout:NCHW|dtype:float32>,kernel_name:"matmul",op_name:"pd_op.matmul",origin_id:2644,stop_gradient:[false],struct_name:"/BBoxHead/Linear/",transpose_x:false,transpose_y:false} : (custom_device_tensor<-1x2048xf32>, custom_device_tensor<2048x81xf32>) -> custom_device_tensor<-1x81xf32>
    (%905) = "add(phi_kernel)" (%904, %62) {kernel_key:<backend:mlu|layout:NCHW|dtype:float32>,kernel_name:"add",op_name:"pd_op.add",origin_id:2645,stop_gradient:[false],struct_name:"/BBoxHead/Linear/"} : (custom_device_tensor<-1x81xf32>, custom_device_tensor<81xf32>) -> custom_device_tensor<-1x81xf32>
    (%906) = "matmul(phi_kernel)" (%903, %61) {kernel_key:<backend:mlu|layout:NCHW|dtype:float32>,kernel_name:"matmul",op_name:"pd_op.matmul",origin_id:2646,stop_gradient:[false],struct_name:"/BBoxHead/Linear_1/",transpose_x:false,transpose_y:false} : (custom_device_tensor<-1x2048xf32>, custom_device_tensor<2048x320xf32>) -> custom_device_tensor<-1x320xf32>
    (%907) = "add(phi_kernel)" (%906, %60) {kernel_key:<backend:mlu|layout:NCHW|dtype:float32>,kernel_name:"add",op_name:"pd_op.add",origin_id:2647,stop_gradient:[false],struct_name:"/BBoxHead/Linear_1/"} : (custom_device_tensor<-1x320xf32>, custom_device_tensor<320xf32>) -> custom_device_tensor<-1x320xf32>
    (%908) = "softmax(phi_kernel)" (%905) {axis:-1,kernel_key:<backend:mlu|layout:NCHW|dtype:float32>,kernel_name:"softmax",op_name:"pd_op.softmax",origin_id:2648,stop_gradient:[false],struct_name:"/BBoxHead/"} : (custom_device_tensor<-1x81xf32>) -> custom_device_tensor<-1x81xf32>
    (%909) = "slice(phi_kernel)" (%723, %44, %43) {axes:[0],decrease_axis:[],infer_flags:[1],kernel_key:<backend:CPU|layout:NCHW|dtype:int64>,kernel_name:"slice",op_name:"pd_op.slice",origin_id:2649,stop_gradient:[true]} : (cpu_tensor<2xi64>, cpu_tensor<1xi64>, cpu_tensor<1xi64>) -> cpu_tensor<1xi64>
    (%910) = "arange(phi_kernel)" (%42, %909, %41) {dtype:int64,kernel_key:<backend:mlu|layout:Undefined(AnyLayout)|dtype:int64>,kernel_name:"arange",op_name:"pd_op.arange",origin_id:2650,place:Place(undefined:0),stop_gradient:[true]} : (cpu_tensor<1xi64>, cpu_tensor<1xi64>, cpu_tensor<1xi64>) -> custom_device_tensor<-1xi64>
    (%911) = "shape64(phi_kernel)" (%910) {kernel_key:<backend:mlu|layout:NCHW|dtype:int64>,kernel_name:"shape64",op_name:"pd_op.shape64",origin_id:2651,stop_gradient:[true]} : (custom_device_tensor<-1xi64>) -> cpu_tensor<1xi64>
    (%912) = "slice(phi_kernel)" (%911, %44, %43) {axes:[0],decrease_axis:[0],infer_flags:[1],kernel_key:<backend:CPU|layout:NCHW|dtype:int64>,kernel_name:"slice",op_name:"pd_op.slice",origin_id:2652,stop_gradient:[true]} : (cpu_tensor<1xi64>, cpu_tensor<1xi64>, cpu_tensor<1xi64>) -> cpu_tensor<i64>
    (%913) = "create_array(phi_kernel)" () {dtype:Undefined,kernel_key:<backend:CPU|layout:Undefined(AnyLayout)|dtype:float32>,kernel_name:"create_array",op_name:"pd_op.create_array",origin_id:2653,stop_gradient:[true]} : () -> cpu_tensor_array<f32>
    (%914) = "full(phi_kernel)" () {dtype:int64,kernel_key:<backend:mlu|layout:Undefined(AnyLayout)|dtype:int64>,kernel_name:"full",op_name:"pd_op.full",origin_id:2654,place:Place(undefined:0),shape:[],stop_gradient:[true],value:0} : () -> custom_device_tensor<i64>
    (%915) = "memcpy_h2d(phi_kernel)" (%912) {dst_place_type:1,kernel_key:<backend:CUSTOM|layout:NCHW|dtype:int64>,kernel_name:"memcpy_h2d",op_name:"pd_op.memcpy_h2d",origin_id:2655} : (cpu_tensor<i64>) -> custom_device_tensor<i64>
    (%916) = "less_than(phi_kernel)" (%914, %915) {kernel_key:<backend:mlu|layout:NCHW|dtype:int64>,kernel_name:"less_than",op_name:"pd_op.less_than",origin_id:2656,stop_gradient:[true]} : (custom_device_tensor<i64>, custom_device_tensor<i64>) -> custom_device_tensor<b>
    (%917) = "full(phi_kernel)" () {dtype:float32,kernel_key:<backend:mlu|layout:Undefined(AnyLayout)|dtype:float32>,kernel_name:"full",op_name:"pd_op.full",origin_id:2657,place:Place(undefined:0),shape:[],stop_gradient:[false],value:0} : () -> custom_device_tensor<-1x2xf32>
    (%918) = "full(phi_kernel)" () {dtype:int64,kernel_key:<backend:mlu|layout:Undefined(AnyLayout)|dtype:int64>,kernel_name:"full",op_name:"pd_op.full",origin_id:2658,place:Place(undefined:0),shape:[],stop_gradient:[true],value:0} : () -> custom_device_tensor<i64>
    (%919) = "full(phi_kernel)" () {dtype:int64,kernel_key:<backend:mlu|layout:Undefined(AnyLayout)|dtype:int64>,kernel_name:"full",op_name:"pd_op.full",origin_id:2659,place:Place(undefined:0),shape:[],stop_gradient:[true],value:0} : () -> custom_device_tensor<i64>
    (%920, %921, %922, %923) = "pd_op.while" [id:2660] (cond=%916, inputs=%914, %917, %918, %919) { 
    ^%arg_10 {stop_gradient:true}, %arg_11 {stop_gradient:false}, %arg_12 {stop_gradient:true}, %arg_13 {stop_gradient:true}
        (%924) = "memcpy_d2h(phi_kernel)" (%arg_10) {dst_place_type:0,kernel_key:<backend:mlu|layout:NCHW|dtype:int64>,kernel_name:"memcpy_d2h",op_name:"pd_op.memcpy_d2h",origin_id:2661} : (custom_device_tensor<i64>) -> cpu_tensor<i64>
        (%925) = "scale(phi_kernel)" (%924, %18) {bias:1,bias_after_scale:true,kernel_key:<backend:CPU|layout:NCHW|dtype:int64>,kernel_name:"scale",op_name:"pd_op.scale",origin_id:2662,stop_gradient:[true]} : (cpu_tensor<i64>, cpu_tensor<1xf32>) -> cpu_tensor<i64>
        (%926) = "builtin.combine" [id:2663] (%arg_10) {origin_id:620,stop_gradient:[true]} : (custom_device_tensor<i64>) -> vec[custom_device_tensor<i64>]
        (%927) = "stack(phi_kernel)" (%926) {axis:0,kernel_key:<backend:mlu|layout:NCHW|dtype:int64>,kernel_name:"stack",op_name:"pd_op.stack",origin_id:2664,stop_gradient:[true]} : (vec[custom_device_tensor<i64>]) -> custom_device_tensor<1xi64>
        (%928) = "builtin.combine" [id:2665] (%925) {origin_id:622,stop_gradient:[true]} : (cpu_tensor<i64>) -> vec[cpu_tensor<i64>]
        (%929) = "stack(phi_kernel)" (%928) {axis:0,kernel_key:<backend:CPU|layout:NCHW|dtype:int64>,kernel_name:"stack",op_name:"pd_op.stack",origin_id:2666,stop_gradient:[true]} : (vec[cpu_tensor<i64>]) -> cpu_tensor<1xi64>
        (%930) = "slice(phi_kernel)" (%910, %927, %929) {axes:[0],decrease_axis:[0],infer_flags:[-1],kernel_key:<backend:mlu|layout:NCHW|dtype:int64>,kernel_name:"slice",op_name:"pd_op.slice",origin_id:2667,stop_gradient:[true]} : (custom_device_tensor<-1xi64>, custom_device_tensor<1xi64>, cpu_tensor<1xi64>) -> custom_device_tensor<i64>
        (%931) = "memcpy_d2h(phi_kernel)" (%930) {dst_place_type:0,kernel_key:<backend:mlu|layout:NCHW|dtype:int64>,kernel_name:"memcpy_d2h",op_name:"pd_op.memcpy_d2h",origin_id:2668} : (custom_device_tensor<i64>) -> cpu_tensor<i64>
        (%932) = "scale(phi_kernel)" (%931, %18) {bias:1,bias_after_scale:true,kernel_key:<backend:CPU|layout:NCHW|dtype:int64>,kernel_name:"scale",op_name:"pd_op.scale",origin_id:2669,stop_gradient:[true]} : (cpu_tensor<i64>, cpu_tensor<1xf32>) -> cpu_tensor<i64>
        (%933) = "builtin.combine" [id:2670] (%930) {origin_id:627,stop_gradient:[true]} : (custom_device_tensor<i64>) -> vec[custom_device_tensor<i64>]
        (%934) = "stack(phi_kernel)" (%933) {axis:0,kernel_key:<backend:mlu|layout:NCHW|dtype:int64>,kernel_name:"stack",op_name:"pd_op.stack",origin_id:2671,stop_gradient:[true]} : (vec[custom_device_tensor<i64>]) -> custom_device_tensor<1xi64>
        (%935) = "builtin.combine" [id:2672] (%932) {origin_id:629,stop_gradient:[true]} : (cpu_tensor<i64>) -> vec[cpu_tensor<i64>]
        (%936) = "stack(phi_kernel)" (%935) {axis:0,kernel_key:<backend:CPU|layout:NCHW|dtype:int64>,kernel_name:"stack",op_name:"pd_op.stack",origin_id:2673,stop_gradient:[true]} : (vec[cpu_tensor<i64>]) -> cpu_tensor<1xi64>
        (%937) = "slice(phi_kernel)" (%806, %934, %936) {axes:[0],decrease_axis:[0],infer_flags:[-1],kernel_key:<backend:CPU|layout:NCHW|dtype:int64>,kernel_name:"slice",op_name:"pd_op.slice",origin_id:2674,stop_gradient:[true]} : (cpu_tensor<-1xi64>, custom_device_tensor<1xi64>, cpu_tensor<1xi64>) -> cpu_tensor<i64>
        (%938) = "memcpy_d2h(phi_kernel)" (%930) {dst_place_type:0,kernel_key:<backend:mlu|layout:NCHW|dtype:int64>,kernel_name:"memcpy_d2h",op_name:"pd_op.memcpy_d2h",origin_id:2675} : (custom_device_tensor<i64>) -> cpu_tensor<i64>
        (%939) = "scale(phi_kernel)" (%938, %18) {bias:1,bias_after_scale:true,kernel_key:<backend:CPU|layout:NCHW|dtype:int64>,kernel_name:"scale",op_name:"pd_op.scale",origin_id:2676,stop_gradient:[true]} : (cpu_tensor<i64>, cpu_tensor<1xf32>) -> cpu_tensor<i64>
        (%940) = "builtin.combine" [id:2677] (%930) {origin_id:634,stop_gradient:[true]} : (custom_device_tensor<i64>) -> vec[custom_device_tensor<i64>]
        (%941) = "stack(phi_kernel)" (%940) {axis:0,kernel_key:<backend:mlu|layout:NCHW|dtype:int64>,kernel_name:"stack",op_name:"pd_op.stack",origin_id:2678,stop_gradient:[true]} : (vec[custom_device_tensor<i64>]) -> custom_device_tensor<1xi64>
        (%942) = "builtin.combine" [id:2679] (%939) {origin_id:636,stop_gradient:[true]} : (cpu_tensor<i64>) -> vec[cpu_tensor<i64>]
        (%943) = "stack(phi_kernel)" (%942) {axis:0,kernel_key:<backend:CPU|layout:NCHW|dtype:int64>,kernel_name:"stack",op_name:"pd_op.stack",origin_id:2680,stop_gradient:[true]} : (vec[cpu_tensor<i64>]) -> cpu_tensor<1xi64>
        (%944) = "slice(phi_kernel)" (%333, %941, %943) {axes:[0],decrease_axis:[0],infer_flags:[-1],kernel_key:<backend:mlu|layout:NCHW|dtype:float32>,kernel_name:"slice",op_name:"pd_op.slice",origin_id:2681,stop_gradient:[false]} : (custom_device_tensor<-1x2xf32>, custom_device_tensor<1xi64>, cpu_tensor<1xi64>) -> custom_device_tensor<2xf32>
        (%945) = "builtin.combine" [id:2682] (%937, %17) {origin_id:640,stop_gradient:[true]} : (cpu_tensor<i64>, cpu_tensor<i64>) -> vec[cpu_tensor<i64>,cpu_tensor<i64>]
        (%946) = "stack(phi_kernel)" (%945) {axis:0,kernel_key:<backend:CPU|layout:NCHW|dtype:int64>,kernel_name:"stack",op_name:"pd_op.stack",origin_id:2683,stop_gradient:[true]} : (vec[cpu_tensor<i64>,cpu_tensor<i64>]) -> cpu_tensor<2xi64>
        (%947) = "expand(phi_kernel)" (%944, %946) {kernel_key:<backend:mlu|layout:NCHW|dtype:float32>,kernel_name:"expand",op_name:"pd_op.expand",origin_id:2684,stop_gradient:[false]} : (custom_device_tensor<2xf32>, cpu_tensor<2xi64>) -> custom_device_tensor<-1x2xf32>
        (%948) = "array_length(phi_kernel)" (%913) {kernel_key:<backend:CPU|layout:Undefined(AnyLayout)|dtype:int64>,kernel_name:"array_length",op_name:"pd_op.array_length",origin_id:2685} : (cpu_tensor_array<f32>) -> cpu_tensor<1xi64>
        (%949) = "memcpy_d2h(phi_kernel)" (%947) {dst_place_type:0,kernel_key:<backend:mlu|layout:Undefined(AnyLayout)|dtype:float32>,kernel_name:"memcpy_d2h",op_name:"pd_op.memcpy_d2h",origin_id:2686} : (custom_device_tensor<-1x2xf32>) -> cpu_tensor<-1x2xf32>
        (%950) = "array_write_(phi_kernel)" (%913, %949, %948) {is_inplace:true,kernel_key:<backend:CPU|layout:Undefined(AnyLayout)|dtype:float32>,kernel_name:"array_write",op_name:"pd_op.array_write_",origin_id:2687} : (cpu_tensor_array<f32>, cpu_tensor<-1x2xf32>, cpu_tensor<1xi64>) -> cpu_tensor_array<f32>
        (%951) = "memcpy_d2h(phi_kernel)" (%arg_10) {dst_place_type:0,kernel_key:<backend:mlu|layout:NCHW|dtype:int64>,kernel_name:"memcpy_d2h",op_name:"pd_op.memcpy_d2h",origin_id:2688} : (custom_device_tensor<i64>) -> cpu_tensor<i64>
        (%952) = "scale(phi_kernel)" (%951, %18) {bias:1,bias_after_scale:true,kernel_key:<backend:CPU|layout:NCHW|dtype:int64>,kernel_name:"scale",op_name:"pd_op.scale",origin_id:2689,stop_gradient:[true]} : (cpu_tensor<i64>, cpu_tensor<1xf32>) -> cpu_tensor<i64>
        (%953) = "less_than(phi_kernel)" (%952, %912) {kernel_key:<backend:CPU|layout:NCHW|dtype:int64>,kernel_name:"less_than",op_name:"pd_op.less_than",origin_id:2690,stop_gradient:[true]} : (cpu_tensor<i64>, cpu_tensor<i64>) -> cpu_tensor<b>
        (%954) = "memcpy_h2d(phi_kernel)" (%953) {dst_place_type:1,kernel_key:<backend:CUSTOM|layout:Undefined(AnyLayout)|dtype:bool>,kernel_name:"memcpy_h2d",op_name:"pd_op.memcpy_h2d",origin_id:2691} : (cpu_tensor<b>) -> custom_device_tensor<b>
        (%955) = "memcpy_h2d(phi_kernel)" (%952) {dst_place_type:1,kernel_key:<backend:CUSTOM|layout:Undefined(AnyLayout)|dtype:int64>,kernel_name:"memcpy_h2d",op_name:"pd_op.memcpy_h2d",origin_id:2692} : (cpu_tensor<i64>) -> custom_device_tensor<i64>
        (%956) = "memcpy_h2d(phi_kernel)" (%937) {dst_place_type:1,kernel_key:<backend:CUSTOM|layout:Undefined(AnyLayout)|dtype:int64>,kernel_name:"memcpy_h2d",op_name:"pd_op.memcpy_h2d",origin_id:2693} : (cpu_tensor<i64>) -> custom_device_tensor<i64>
        () = "cf.yield" [id:2694] (%954, %955, %947, %930, %956) {origin_id:648} : (custom_device_tensor<b>, custom_device_tensor<i64>, custom_device_tensor<-1x2xf32>, custom_device_tensor<i64>, custom_device_tensor<i64>) -> 
    }
    (%957, %958) = "array_to_tensor(phi_kernel)" (%913) {axis:0,kernel_key:<backend:CPU|layout:NCHW|dtype:float32>,kernel_name:"array_to_tensor",op_name:"pd_op.array_to_tensor",origin_id:2695,stop_gradient:[true,true],use_stack:false} : (cpu_tensor_array<f32>) -> cpu_tensor<-1x2xf32>, cpu_tensor<-1xi32>
    (%959, %960) = "array_to_tensor(phi_kernel)" (%729) {axis:0,kernel_key:<backend:CPU|layout:NCHW|dtype:float32>,kernel_name:"array_to_tensor",op_name:"pd_op.array_to_tensor",origin_id:2696,stop_gradient:[true,true],use_stack:false} : (cpu_tensor_array<f32>) -> cpu_tensor<-1x4xf32>, cpu_tensor<-1xi32>
    (%961) = "slice(phi_kernel)" (%959, %52, %51) {axes:[1],decrease_axis:[1],infer_flags:[1],kernel_key:<backend:CPU|layout:NCHW|dtype:float32>,kernel_name:"slice",op_name:"pd_op.slice",origin_id:2697,stop_gradient:[true]} : (cpu_tensor<-1x4xf32>, cpu_tensor<1xi64>, cpu_tensor<1xi64>) -> cpu_tensor<-1xf32>
    (%962) = "slice(phi_kernel)" (%959, %44, %43) {axes:[1],decrease_axis:[1],infer_flags:[1],kernel_key:<backend:CPU|layout:NCHW|dtype:float32>,kernel_name:"slice",op_name:"pd_op.slice",origin_id:2698,stop_gradient:[true]} : (cpu_tensor<-1x4xf32>, cpu_tensor<1xi64>, cpu_tensor<1xi64>) -> cpu_tensor<-1xf32>
    (%963) = "subtract(phi_kernel)" (%961, %962) {kernel_key:<backend:CPU|layout:NCHW|dtype:float32>,kernel_name:"subtract",op_name:"pd_op.subtract",origin_id:2699,stop_gradient:[true]} : (cpu_tensor<-1xf32>, cpu_tensor<-1xf32>) -> cpu_tensor<-1xf32>
    (%964) = "slice(phi_kernel)" (%959, %51, %50) {axes:[1],decrease_axis:[1],infer_flags:[1],kernel_key:<backend:CPU|layout:NCHW|dtype:float32>,kernel_name:"slice",op_name:"pd_op.slice",origin_id:2700,stop_gradient:[true]} : (cpu_tensor<-1x4xf32>, cpu_tensor<1xi64>, cpu_tensor<1xi64>) -> cpu_tensor<-1xf32>
    (%965) = "slice(phi_kernel)" (%959, %43, %52) {axes:[1],decrease_axis:[1],infer_flags:[1],kernel_key:<backend:CPU|layout:NCHW|dtype:float32>,kernel_name:"slice",op_name:"pd_op.slice",origin_id:2701,stop_gradient:[true]} : (cpu_tensor<-1x4xf32>, cpu_tensor<1xi64>, cpu_tensor<1xi64>) -> cpu_tensor<-1xf32>
    (%966) = "subtract(phi_kernel)" (%964, %965) {kernel_key:<backend:CPU|layout:NCHW|dtype:float32>,kernel_name:"subtract",op_name:"pd_op.subtract",origin_id:2702,stop_gradient:[true]} : (cpu_tensor<-1xf32>, cpu_tensor<-1xf32>) -> cpu_tensor<-1xf32>
    (%967) = "slice(phi_kernel)" (%959, %44, %43) {axes:[1],decrease_axis:[1],infer_flags:[1],kernel_key:<backend:CPU|layout:NCHW|dtype:float32>,kernel_name:"slice",op_name:"pd_op.slice",origin_id:2703,stop_gradient:[true]} : (cpu_tensor<-1x4xf32>, cpu_tensor<1xi64>, cpu_tensor<1xi64>) -> cpu_tensor<-1xf32>
    (%968) = "scale(phi_kernel)" (%963, %37) {bias:0,bias_after_scale:true,kernel_key:<backend:CPU|layout:NCHW|dtype:float32>,kernel_name:"scale",op_name:"pd_op.scale",origin_id:2704,stop_gradient:[true]} : (cpu_tensor<-1xf32>, cpu_tensor<1xf32>) -> cpu_tensor<-1xf32>
    (%969) = "add(phi_kernel)" (%967, %968) {kernel_key:<backend:CPU|layout:NCHW|dtype:float32>,kernel_name:"add",op_name:"pd_op.add",origin_id:2705,stop_gradient:[true]} : (cpu_tensor<-1xf32>, cpu_tensor<-1xf32>) -> cpu_tensor<-1xf32>
    (%970) = "slice(phi_kernel)" (%959, %43, %52) {axes:[1],decrease_axis:[1],infer_flags:[1],kernel_key:<backend:CPU|layout:NCHW|dtype:float32>,kernel_name:"slice",op_name:"pd_op.slice",origin_id:2706,stop_gradient:[true]} : (cpu_tensor<-1x4xf32>, cpu_tensor<1xi64>, cpu_tensor<1xi64>) -> cpu_tensor<-1xf32>
    (%971) = "scale(phi_kernel)" (%966, %37) {bias:0,bias_after_scale:true,kernel_key:<backend:CPU|layout:NCHW|dtype:float32>,kernel_name:"scale",op_name:"pd_op.scale",origin_id:2707,stop_gradient:[true]} : (cpu_tensor<-1xf32>, cpu_tensor<1xf32>) -> cpu_tensor<-1xf32>
    (%972) = "add(phi_kernel)" (%970, %971) {kernel_key:<backend:CPU|layout:NCHW|dtype:float32>,kernel_name:"add",op_name:"pd_op.add",origin_id:2708,stop_gradient:[true]} : (cpu_tensor<-1xf32>, cpu_tensor<-1xf32>) -> cpu_tensor<-1xf32>
    (%973) = "strided_slice(phi_kernel)" (%907, %44, %36, %50) {axes:[1],kernel_key:<backend:mlu|layout:NCHW|dtype:float32>,kernel_name:"strided_slice",op_name:"pd_op.strided_slice",origin_id:2709,stop_gradient:[false]} : (custom_device_tensor<-1x320xf32>, cpu_tensor<1xi64>, cpu_tensor<1xi64>, cpu_tensor<1xi64>) -> custom_device_tensor<-1x80xf32>
    (%974) = "scale(phi_kernel)" (%973, %35) {bias:0,bias_after_scale:true,kernel_key:<backend:mlu|layout:NCHW|dtype:float32>,kernel_name:"scale",op_name:"pd_op.scale",origin_id:2710,stop_gradient:[false]} : (custom_device_tensor<-1x80xf32>, cpu_tensor<1xf32>) -> custom_device_tensor<-1x80xf32>
    (%975) = "strided_slice(phi_kernel)" (%907, %43, %36, %50) {axes:[1],kernel_key:<backend:mlu|layout:NCHW|dtype:float32>,kernel_name:"strided_slice",op_name:"pd_op.strided_slice",origin_id:2711,stop_gradient:[false]} : (custom_device_tensor<-1x320xf32>, cpu_tensor<1xi64>, cpu_tensor<1xi64>, cpu_tensor<1xi64>) -> custom_device_tensor<-1x80xf32>
    (%976) = "scale(phi_kernel)" (%975, %35) {bias:0,bias_after_scale:true,kernel_key:<backend:mlu|layout:NCHW|dtype:float32>,kernel_name:"scale",op_name:"pd_op.scale",origin_id:2712,stop_gradient:[false]} : (custom_device_tensor<-1x80xf32>, cpu_tensor<1xf32>) -> custom_device_tensor<-1x80xf32>
    (%977) = "strided_slice(phi_kernel)" (%907, %52, %36, %50) {axes:[1],kernel_key:<backend:mlu|layout:NCHW|dtype:float32>,kernel_name:"strided_slice",op_name:"pd_op.strided_slice",origin_id:2713,stop_gradient:[false]} : (custom_device_tensor<-1x320xf32>, cpu_tensor<1xi64>, cpu_tensor<1xi64>, cpu_tensor<1xi64>) -> custom_device_tensor<-1x80xf32>
    (%978) = "scale(phi_kernel)" (%977, %34) {bias:0,bias_after_scale:true,kernel_key:<backend:mlu|layout:NCHW|dtype:float32>,kernel_name:"scale",op_name:"pd_op.scale",origin_id:2714,stop_gradient:[false]} : (custom_device_tensor<-1x80xf32>, cpu_tensor<1xf32>) -> custom_device_tensor<-1x80xf32>
    (%979) = "strided_slice(phi_kernel)" (%907, %51, %36, %50) {axes:[1],kernel_key:<backend:mlu|layout:NCHW|dtype:float32>,kernel_name:"strided_slice",op_name:"pd_op.strided_slice",origin_id:2715,stop_gradient:[false]} : (custom_device_tensor<-1x320xf32>, cpu_tensor<1xi64>, cpu_tensor<1xi64>, cpu_tensor<1xi64>) -> custom_device_tensor<-1x80xf32>
    (%980) = "scale(phi_kernel)" (%979, %34) {bias:0,bias_after_scale:true,kernel_key:<backend:mlu|layout:NCHW|dtype:float32>,kernel_name:"scale",op_name:"pd_op.scale",origin_id:2716,stop_gradient:[false]} : (custom_device_tensor<-1x80xf32>, cpu_tensor<1xf32>) -> custom_device_tensor<-1x80xf32>
    (%981) = "clip(phi_kernel)" (%978, %33, %32) {kernel_key:<backend:mlu|layout:NCHW|dtype:float32>,kernel_name:"clip",op_name:"pd_op.clip",origin_id:2717,stop_gradient:[false]} : (custom_device_tensor<-1x80xf32>, cpu_tensor<1xf32>, cpu_tensor<1xf32>) -> custom_device_tensor<-1x80xf32>
    (%982) = "clip(phi_kernel)" (%980, %33, %32) {kernel_key:<backend:mlu|layout:NCHW|dtype:float32>,kernel_name:"clip",op_name:"pd_op.clip",origin_id:2718,stop_gradient:[false]} : (custom_device_tensor<-1x80xf32>, cpu_tensor<1xf32>, cpu_tensor<1xf32>) -> custom_device_tensor<-1x80xf32>
    (%983) = "unsqueeze(phi_kernel)" (%963, %43) {kernel_key:<backend:CPU|layout:NCHW|dtype:float32>,kernel_name:"unsqueeze",op_name:"pd_op.unsqueeze",origin_id:2719,stop_gradient:[true]} : (cpu_tensor<-1xf32>, cpu_tensor<1xi64>) -> cpu_tensor<-1x1xf32>
    (%984) = "memcpy_h2d(phi_kernel)" (%983) {dst_place_type:1,kernel_key:<backend:CUSTOM|layout:NCHW|dtype:float32>,kernel_name:"memcpy_h2d",op_name:"pd_op.memcpy_h2d",origin_id:2720} : (cpu_tensor<-1x1xf32>) -> custom_device_tensor<-1x1xf32>
    (%985) = "multiply(phi_kernel)" (%974, %984) {kernel_key:<backend:mlu|layout:NCHW|dtype:float32>,kernel_name:"multiply",op_name:"pd_op.multiply",origin_id:2721,stop_gradient:[false]} : (custom_device_tensor<-1x80xf32>, custom_device_tensor<-1x1xf32>) -> custom_device_tensor<-1x80xf32>
    (%986) = "unsqueeze(phi_kernel)" (%969, %43) {kernel_key:<backend:CPU|layout:NCHW|dtype:float32>,kernel_name:"unsqueeze",op_name:"pd_op.unsqueeze",origin_id:2722,stop_gradient:[true]} : (cpu_tensor<-1xf32>, cpu_tensor<1xi64>) -> cpu_tensor<-1x1xf32>
    (%987) = "memcpy_h2d(phi_kernel)" (%986) {dst_place_type:1,kernel_key:<backend:CUSTOM|layout:NCHW|dtype:float32>,kernel_name:"memcpy_h2d",op_name:"pd_op.memcpy_h2d",origin_id:2723} : (cpu_tensor<-1x1xf32>) -> custom_device_tensor<-1x1xf32>
    (%988) = "add(phi_kernel)" (%985, %987) {kernel_key:<backend:mlu|layout:NCHW|dtype:float32>,kernel_name:"add",op_name:"pd_op.add",origin_id:2724,stop_gradient:[false]} : (custom_device_tensor<-1x80xf32>, custom_device_tensor<-1x1xf32>) -> custom_device_tensor<-1x80xf32>
    (%989) = "unsqueeze(phi_kernel)" (%966, %43) {kernel_key:<backend:CPU|layout:NCHW|dtype:float32>,kernel_name:"unsqueeze",op_name:"pd_op.unsqueeze",origin_id:2725,stop_gradient:[true]} : (cpu_tensor<-1xf32>, cpu_tensor<1xi64>) -> cpu_tensor<-1x1xf32>
    (%990) = "memcpy_h2d(phi_kernel)" (%989) {dst_place_type:1,kernel_key:<backend:CUSTOM|layout:NCHW|dtype:float32>,kernel_name:"memcpy_h2d",op_name:"pd_op.memcpy_h2d",origin_id:2726} : (cpu_tensor<-1x1xf32>) -> custom_device_tensor<-1x1xf32>
    (%991) = "multiply(phi_kernel)" (%976, %990) {kernel_key:<backend:mlu|layout:NCHW|dtype:float32>,kernel_name:"multiply",op_name:"pd_op.multiply",origin_id:2727,stop_gradient:[false]} : (custom_device_tensor<-1x80xf32>, custom_device_tensor<-1x1xf32>) -> custom_device_tensor<-1x80xf32>
    (%992) = "unsqueeze(phi_kernel)" (%972, %43) {kernel_key:<backend:CPU|layout:NCHW|dtype:float32>,kernel_name:"unsqueeze",op_name:"pd_op.unsqueeze",origin_id:2728,stop_gradient:[true]} : (cpu_tensor<-1xf32>, cpu_tensor<1xi64>) -> cpu_tensor<-1x1xf32>
    (%993) = "memcpy_h2d(phi_kernel)" (%992) {dst_place_type:1,kernel_key:<backend:CUSTOM|layout:NCHW|dtype:float32>,kernel_name:"memcpy_h2d",op_name:"pd_op.memcpy_h2d",origin_id:2729} : (cpu_tensor<-1x1xf32>) -> custom_device_tensor<-1x1xf32>
    (%994) = "add(phi_kernel)" (%991, %993) {kernel_key:<backend:mlu|layout:NCHW|dtype:float32>,kernel_name:"add",op_name:"pd_op.add",origin_id:2730,stop_gradient:[false]} : (custom_device_tensor<-1x80xf32>, custom_device_tensor<-1x1xf32>) -> custom_device_tensor<-1x80xf32>
    (%995) = "exp(phi_kernel)" (%981) {kernel_key:<backend:mlu|layout:NCHW|dtype:float32>,kernel_name:"exp",op_name:"pd_op.exp",origin_id:2731,stop_gradient:[false]} : (custom_device_tensor<-1x80xf32>) -> custom_device_tensor<-1x80xf32>
    (%996) = "unsqueeze(phi_kernel)" (%963, %43) {kernel_key:<backend:CPU|layout:NCHW|dtype:float32>,kernel_name:"unsqueeze",op_name:"pd_op.unsqueeze",origin_id:2732,stop_gradient:[true]} : (cpu_tensor<-1xf32>, cpu_tensor<1xi64>) -> cpu_tensor<-1x1xf32>
    (%997) = "memcpy_h2d(phi_kernel)" (%996) {dst_place_type:1,kernel_key:<backend:CUSTOM|layout:NCHW|dtype:float32>,kernel_name:"memcpy_h2d",op_name:"pd_op.memcpy_h2d",origin_id:2733} : (cpu_tensor<-1x1xf32>) -> custom_device_tensor<-1x1xf32>
    (%998) = "multiply(phi_kernel)" (%995, %997) {kernel_key:<backend:mlu|layout:NCHW|dtype:float32>,kernel_name:"multiply",op_name:"pd_op.multiply",origin_id:2734,stop_gradient:[false]} : (custom_device_tensor<-1x80xf32>, custom_device_tensor<-1x1xf32>) -> custom_device_tensor<-1x80xf32>
    (%999) = "exp(phi_kernel)" (%982) {kernel_key:<backend:mlu|layout:NCHW|dtype:float32>,kernel_name:"exp",op_name:"pd_op.exp",origin_id:2735,stop_gradient:[false]} : (custom_device_tensor<-1x80xf32>) -> custom_device_tensor<-1x80xf32>
    (%1000) = "unsqueeze(phi_kernel)" (%966, %43) {kernel_key:<backend:CPU|layout:NCHW|dtype:float32>,kernel_name:"unsqueeze",op_name:"pd_op.unsqueeze",origin_id:2736,stop_gradient:[true]} : (cpu_tensor<-1xf32>, cpu_tensor<1xi64>) -> cpu_tensor<-1x1xf32>
    (%1001) = "memcpy_h2d(phi_kernel)" (%1000) {dst_place_type:1,kernel_key:<backend:CUSTOM|layout:NCHW|dtype:float32>,kernel_name:"memcpy_h2d",op_name:"pd_op.memcpy_h2d",origin_id:2737} : (cpu_tensor<-1x1xf32>) -> custom_device_tensor<-1x1xf32>
    (%1002) = "multiply(phi_kernel)" (%999, %1001) {kernel_key:<backend:mlu|layout:NCHW|dtype:float32>,kernel_name:"multiply",op_name:"pd_op.multiply",origin_id:2738,stop_gradient:[false]} : (custom_device_tensor<-1x80xf32>, custom_device_tensor<-1x1xf32>) -> custom_device_tensor<-1x80xf32>
    (%1003) = "scale(phi_kernel)" (%998, %37) {bias:0,bias_after_scale:true,kernel_key:<backend:mlu|layout:NCHW|dtype:float32>,kernel_name:"scale",op_name:"pd_op.scale",origin_id:2739,stop_gradient:[false]} : (custom_device_tensor<-1x80xf32>, cpu_tensor<1xf32>) -> custom_device_tensor<-1x80xf32>
    (%1004) = "subtract(phi_kernel)" (%988, %1003) {kernel_key:<backend:mlu|layout:NCHW|dtype:float32>,kernel_name:"subtract",op_name:"pd_op.subtract",origin_id:2740,stop_gradient:[false]} : (custom_device_tensor<-1x80xf32>, custom_device_tensor<-1x80xf32>) -> custom_device_tensor<-1x80xf32>
    (%1005) = "scale(phi_kernel)" (%1002, %37) {bias:0,bias_after_scale:true,kernel_key:<backend:mlu|layout:NCHW|dtype:float32>,kernel_name:"scale",op_name:"pd_op.scale",origin_id:2741,stop_gradient:[false]} : (custom_device_tensor<-1x80xf32>, cpu_tensor<1xf32>) -> custom_device_tensor<-1x80xf32>
    (%1006) = "subtract(phi_kernel)" (%994, %1005) {kernel_key:<backend:mlu|layout:NCHW|dtype:float32>,kernel_name:"subtract",op_name:"pd_op.subtract",origin_id:2742,stop_gradient:[false]} : (custom_device_tensor<-1x80xf32>, custom_device_tensor<-1x80xf32>) -> custom_device_tensor<-1x80xf32>
    (%1007) = "scale(phi_kernel)" (%998, %37) {bias:0,bias_after_scale:true,kernel_key:<backend:mlu|layout:NCHW|dtype:float32>,kernel_name:"scale",op_name:"pd_op.scale",origin_id:2743,stop_gradient:[false]} : (custom_device_tensor<-1x80xf32>, cpu_tensor<1xf32>) -> custom_device_tensor<-1x80xf32>
    (%1008) = "add(phi_kernel)" (%988, %1007) {kernel_key:<backend:mlu|layout:NCHW|dtype:float32>,kernel_name:"add",op_name:"pd_op.add",origin_id:2744,stop_gradient:[false]} : (custom_device_tensor<-1x80xf32>, custom_device_tensor<-1x80xf32>) -> custom_device_tensor<-1x80xf32>
    (%1009) = "scale(phi_kernel)" (%1002, %37) {bias:0,bias_after_scale:true,kernel_key:<backend:mlu|layout:NCHW|dtype:float32>,kernel_name:"scale",op_name:"pd_op.scale",origin_id:2745,stop_gradient:[false]} : (custom_device_tensor<-1x80xf32>, cpu_tensor<1xf32>) -> custom_device_tensor<-1x80xf32>
    (%1010) = "add(phi_kernel)" (%994, %1009) {kernel_key:<backend:mlu|layout:NCHW|dtype:float32>,kernel_name:"add",op_name:"pd_op.add",origin_id:2746,stop_gradient:[false]} : (custom_device_tensor<-1x80xf32>, custom_device_tensor<-1x80xf32>) -> custom_device_tensor<-1x80xf32>
    (%1011) = "builtin.combine" [id:2747] (%1004, %1006, %1008, %1010) {origin_id:739,stop_gradient:[false]} : (custom_device_tensor<-1x80xf32>, custom_device_tensor<-1x80xf32>, custom_device_tensor<-1x80xf32>, custom_device_tensor<-1x80xf32>) -> vec[custom_device_tensor<-1x80xf32>,custom_device_tensor<-1x80xf32>,custom_device_tensor<-1x80xf32>,custom_device_tensor<-1x80xf32>]
    (%1012) = "stack(phi_kernel)" (%1011) {axis:-1,kernel_key:<backend:mlu|layout:NCHW|dtype:float32>,kernel_name:"stack",op_name:"pd_op.stack",origin_id:2748,stop_gradient:[false]} : (vec[custom_device_tensor<-1x80xf32>,custom_device_tensor<-1x80xf32>,custom_device_tensor<-1x80xf32>,custom_device_tensor<-1x80xf32>]) -> custom_device_tensor<-1x80x4xf32>
    (%1013) = "slice(phi_kernel)" (%908, %44, %48) {axes:[1],decrease_axis:[],infer_flags:[1],kernel_key:<backend:mlu|layout:NCHW|dtype:float32>,kernel_name:"slice",op_name:"pd_op.slice",origin_id:2749,stop_gradient:[false]} : (custom_device_tensor<-1x81xf32>, cpu_tensor<1xi64>, cpu_tensor<1xi64>) -> custom_device_tensor<-1x80xf32>
    (%1014) = "shape64(phi_kernel)" (%1012) {kernel_key:<backend:mlu|layout:NCHW|dtype:float32>,kernel_name:"shape64",op_name:"pd_op.shape64",origin_id:2750,stop_gradient:[true]} : (custom_device_tensor<-1x80x4xf32>) -> cpu_tensor<3xi64>
    (%1015) = "slice(phi_kernel)" (%1014, %44, %43) {axes:[0],decrease_axis:[0],infer_flags:[1],kernel_key:<backend:CPU|layout:NCHW|dtype:int64>,kernel_name:"slice",op_name:"pd_op.slice",origin_id:2751,stop_gradient:[true]} : (cpu_tensor<3xi64>, cpu_tensor<1xi64>, cpu_tensor<1xi64>) -> cpu_tensor<i64>
    (%1016) = "builtin.combine" [id:2752] (%1015, %31, %30) {origin_id:750,stop_gradient:[true]} : (cpu_tensor<i64>, cpu_tensor<i64>, cpu_tensor<i64>) -> vec[cpu_tensor<i64>,cpu_tensor<i64>,cpu_tensor<i64>]
    (%1017) = "stack(phi_kernel)" (%1016) {axis:0,kernel_key:<backend:CPU|layout:NCHW|dtype:int64>,kernel_name:"stack",op_name:"pd_op.stack",origin_id:2753,stop_gradient:[true]} : (vec[cpu_tensor<i64>,cpu_tensor<i64>,cpu_tensor<i64>]) -> cpu_tensor<3xi64>
    (%1018) = "expand(phi_kernel)" (%1012, %1017) {kernel_key:<backend:mlu|layout:NCHW|dtype:float32>,kernel_name:"expand",op_name:"pd_op.expand",origin_id:2754,stop_gradient:[false]} : (custom_device_tensor<-1x80x4xf32>, cpu_tensor<3xi64>) -> custom_device_tensor<-1x80x4xf32>
    (%1019) = "slice(phi_kernel)" (%957, %44, %43) {axes:[1],decrease_axis:[1],infer_flags:[1],kernel_key:<backend:CPU|layout:NCHW|dtype:float32>,kernel_name:"slice",op_name:"pd_op.slice",origin_id:2755,stop_gradient:[true]} : (cpu_tensor<-1x2xf32>, cpu_tensor<1xi64>, cpu_tensor<1xi64>) -> cpu_tensor<-1xf32>
    (%1020) = "unsqueeze(phi_kernel)" (%1019, %43) {kernel_key:<backend:CPU|layout:NCHW|dtype:float32>,kernel_name:"unsqueeze",op_name:"pd_op.unsqueeze",origin_id:2756,stop_gradient:[true]} : (cpu_tensor<-1xf32>, cpu_tensor<1xi64>) -> cpu_tensor<-1x1xf32>
    (%1021) = "slice(phi_kernel)" (%957, %43, %52) {axes:[1],decrease_axis:[1],infer_flags:[1],kernel_key:<backend:CPU|layout:NCHW|dtype:float32>,kernel_name:"slice",op_name:"pd_op.slice",origin_id:2757,stop_gradient:[true]} : (cpu_tensor<-1x2xf32>, cpu_tensor<1xi64>, cpu_tensor<1xi64>) -> cpu_tensor<-1xf32>
    (%1022) = "unsqueeze(phi_kernel)" (%1021, %43) {kernel_key:<backend:CPU|layout:NCHW|dtype:float32>,kernel_name:"unsqueeze",op_name:"pd_op.unsqueeze",origin_id:2758,stop_gradient:[true]} : (cpu_tensor<-1xf32>, cpu_tensor<1xi64>) -> cpu_tensor<-1x1xf32>
    (%1023) = "full_like(phi_kernel)" (%1020, %706) {dtype:float32,kernel_key:<backend:CPU|layout:Undefined(AnyLayout)|dtype:float32>,kernel_name:"full_like",op_name:"pd_op.full_like",origin_id:2759,place:Place(undefined:0),stop_gradient:[true]} : (cpu_tensor<-1x1xf32>, cpu_tensor<1xf32>) -> cpu_tensor<-1x1xf32>
    (%1024) = "slice(phi_kernel)" (%1018, %44, %43) {axes:[2],decrease_axis:[2],infer_flags:[1],kernel_key:<backend:mlu|layout:NCHW|dtype:float32>,kernel_name:"slice",op_name:"pd_op.slice",origin_id:2760,stop_gradient:[false]} : (custom_device_tensor<-1x80x4xf32>, cpu_tensor<1xi64>, cpu_tensor<1xi64>) -> custom_device_tensor<-1x80xf32>
    (%1025) = "memcpy_h2d(phi_kernel)" (%1022) {dst_place_type:1,kernel_key:<backend:CUSTOM|layout:NCHW|dtype:float32>,kernel_name:"memcpy_h2d",op_name:"pd_op.memcpy_h2d",origin_id:2761} : (cpu_tensor<-1x1xf32>) -> custom_device_tensor<-1x1xf32>
    (%1026) = "minimum(phi_kernel)" (%1024, %1025) {kernel_key:<backend:mlu|layout:NCHW|dtype:float32>,kernel_name:"minimum",op_name:"pd_op.minimum",origin_id:2762,stop_gradient:[false]} : (custom_device_tensor<-1x80xf32>, custom_device_tensor<-1x1xf32>) -> custom_device_tensor<-1x80xf32>
    (%1027) = "memcpy_h2d(phi_kernel)" (%1023) {dst_place_type:1,kernel_key:<backend:CUSTOM|layout:NCHW|dtype:float32>,kernel_name:"memcpy_h2d",op_name:"pd_op.memcpy_h2d",origin_id:2763} : (cpu_tensor<-1x1xf32>) -> custom_device_tensor<-1x1xf32>
    (%1028) = "maximum(phi_kernel)" (%1026, %1027) {kernel_key:<backend:mlu|layout:NCHW|dtype:float32>,kernel_name:"maximum",op_name:"pd_op.maximum",origin_id:2764,stop_gradient:[false]} : (custom_device_tensor<-1x80xf32>, custom_device_tensor<-1x1xf32>) -> custom_device_tensor<-1x80xf32>
    (%1029) = "slice(phi_kernel)" (%1018, %43, %52) {axes:[2],decrease_axis:[2],infer_flags:[1],kernel_key:<backend:mlu|layout:NCHW|dtype:float32>,kernel_name:"slice",op_name:"pd_op.slice",origin_id:2765,stop_gradient:[false]} : (custom_device_tensor<-1x80x4xf32>, cpu_tensor<1xi64>, cpu_tensor<1xi64>) -> custom_device_tensor<-1x80xf32>
    (%1030) = "memcpy_h2d(phi_kernel)" (%1020) {dst_place_type:1,kernel_key:<backend:CUSTOM|layout:NCHW|dtype:float32>,kernel_name:"memcpy_h2d",op_name:"pd_op.memcpy_h2d",origin_id:2766} : (cpu_tensor<-1x1xf32>) -> custom_device_tensor<-1x1xf32>
    (%1031) = "minimum(phi_kernel)" (%1029, %1030) {kernel_key:<backend:mlu|layout:NCHW|dtype:float32>,kernel_name:"minimum",op_name:"pd_op.minimum",origin_id:2767,stop_gradient:[false]} : (custom_device_tensor<-1x80xf32>, custom_device_tensor<-1x1xf32>) -> custom_device_tensor<-1x80xf32>
    (%1032) = "memcpy_h2d(phi_kernel)" (%1023) {dst_place_type:1,kernel_key:<backend:CUSTOM|layout:NCHW|dtype:float32>,kernel_name:"memcpy_h2d",op_name:"pd_op.memcpy_h2d",origin_id:2768} : (cpu_tensor<-1x1xf32>) -> custom_device_tensor<-1x1xf32>
    (%1033) = "maximum(phi_kernel)" (%1031, %1032) {kernel_key:<backend:mlu|layout:NCHW|dtype:float32>,kernel_name:"maximum",op_name:"pd_op.maximum",origin_id:2769,stop_gradient:[false]} : (custom_device_tensor<-1x80xf32>, custom_device_tensor<-1x1xf32>) -> custom_device_tensor<-1x80xf32>
    (%1034) = "slice(phi_kernel)" (%1018, %52, %51) {axes:[2],decrease_axis:[2],infer_flags:[1],kernel_key:<backend:mlu|layout:NCHW|dtype:float32>,kernel_name:"slice",op_name:"pd_op.slice",origin_id:2770,stop_gradient:[false]} : (custom_device_tensor<-1x80x4xf32>, cpu_tensor<1xi64>, cpu_tensor<1xi64>) -> custom_device_tensor<-1x80xf32>
    (%1035) = "memcpy_h2d(phi_kernel)" (%1022) {dst_place_type:1,kernel_key:<backend:CUSTOM|layout:NCHW|dtype:float32>,kernel_name:"memcpy_h2d",op_name:"pd_op.memcpy_h2d",origin_id:2771} : (cpu_tensor<-1x1xf32>) -> custom_device_tensor<-1x1xf32>
    (%1036) = "minimum(phi_kernel)" (%1034, %1035) {kernel_key:<backend:mlu|layout:NCHW|dtype:float32>,kernel_name:"minimum",op_name:"pd_op.minimum",origin_id:2772,stop_gradient:[false]} : (custom_device_tensor<-1x80xf32>, custom_device_tensor<-1x1xf32>) -> custom_device_tensor<-1x80xf32>
    (%1037) = "memcpy_h2d(phi_kernel)" (%1023) {dst_place_type:1,kernel_key:<backend:CUSTOM|layout:NCHW|dtype:float32>,kernel_name:"memcpy_h2d",op_name:"pd_op.memcpy_h2d",origin_id:2773} : (cpu_tensor<-1x1xf32>) -> custom_device_tensor<-1x1xf32>
    (%1038) = "maximum(phi_kernel)" (%1036, %1037) {kernel_key:<backend:mlu|layout:NCHW|dtype:float32>,kernel_name:"maximum",op_name:"pd_op.maximum",origin_id:2774,stop_gradient:[false]} : (custom_device_tensor<-1x80xf32>, custom_device_tensor<-1x1xf32>) -> custom_device_tensor<-1x80xf32>
    (%1039) = "slice(phi_kernel)" (%1018, %51, %50) {axes:[2],decrease_axis:[2],infer_flags:[1],kernel_key:<backend:mlu|layout:NCHW|dtype:float32>,kernel_name:"slice",op_name:"pd_op.slice",origin_id:2775,stop_gradient:[false]} : (custom_device_tensor<-1x80x4xf32>, cpu_tensor<1xi64>, cpu_tensor<1xi64>) -> custom_device_tensor<-1x80xf32>
    (%1040) = "memcpy_h2d(phi_kernel)" (%1020) {dst_place_type:1,kernel_key:<backend:CUSTOM|layout:NCHW|dtype:float32>,kernel_name:"memcpy_h2d",op_name:"pd_op.memcpy_h2d",origin_id:2776} : (cpu_tensor<-1x1xf32>) -> custom_device_tensor<-1x1xf32>
    (%1041) = "minimum(phi_kernel)" (%1039, %1040) {kernel_key:<backend:mlu|layout:NCHW|dtype:float32>,kernel_name:"minimum",op_name:"pd_op.minimum",origin_id:2777,stop_gradient:[false]} : (custom_device_tensor<-1x80xf32>, custom_device_tensor<-1x1xf32>) -> custom_device_tensor<-1x80xf32>
    (%1042) = "memcpy_h2d(phi_kernel)" (%1023) {dst_place_type:1,kernel_key:<backend:CUSTOM|layout:NCHW|dtype:float32>,kernel_name:"memcpy_h2d",op_name:"pd_op.memcpy_h2d",origin_id:2778} : (cpu_tensor<-1x1xf32>) -> custom_device_tensor<-1x1xf32>
    (%1043) = "maximum(phi_kernel)" (%1041, %1042) {kernel_key:<backend:mlu|layout:NCHW|dtype:float32>,kernel_name:"maximum",op_name:"pd_op.maximum",origin_id:2779,stop_gradient:[false]} : (custom_device_tensor<-1x80xf32>, custom_device_tensor<-1x1xf32>) -> custom_device_tensor<-1x80xf32>
    (%1044) = "builtin.combine" [id:2780] (%1028, %1033, %1038, %1043) {origin_id:785,stop_gradient:[false]} : (custom_device_tensor<-1x80xf32>, custom_device_tensor<-1x80xf32>, custom_device_tensor<-1x80xf32>, custom_device_tensor<-1x80xf32>) -> vec[custom_device_tensor<-1x80xf32>,custom_device_tensor<-1x80xf32>,custom_device_tensor<-1x80xf32>,custom_device_tensor<-1x80xf32>]
    (%1045) = "stack(phi_kernel)" (%1044) {axis:-1,kernel_key:<backend:mlu|layout:NCHW|dtype:float32>,kernel_name:"stack",op_name:"pd_op.stack",origin_id:2781,stop_gradient:[false]} : (vec[custom_device_tensor<-1x80xf32>,custom_device_tensor<-1x80xf32>,custom_device_tensor<-1x80xf32>,custom_device_tensor<-1x80xf32>]) -> custom_device_tensor<-1x80x4xf32>
    (%1046) = "memcpy_d2h(phi_kernel)" (%1045) {dst_place_type:0,kernel_key:<backend:mlu|layout:NCHW|dtype:float32>,kernel_name:"memcpy_d2h",op_name:"pd_op.memcpy_d2h",origin_id:2782} : (custom_device_tensor<-1x80x4xf32>) -> cpu_tensor<-1x80x4xf32>
    (%1047) = "memcpy_d2h(phi_kernel)" (%1013) {dst_place_type:0,kernel_key:<backend:mlu|layout:NCHW|dtype:float32>,kernel_name:"memcpy_d2h",op_name:"pd_op.memcpy_d2h",origin_id:2783} : (custom_device_tensor<-1x80xf32>) -> cpu_tensor<-1x80xf32>
    (%1048, %1049, %1050) = "multiclass_nms3(phi_kernel)" (%1046, %1047, %806) {background_label:80,keep_top_k:100,kernel_key:<backend:CPU|layout:NCHW|dtype:float32>,kernel_name:"multiclass_nms3",nms_eta:1,nms_threshold:0.5,nms_top_k:-1,normalized:true,op_name:"pd_op.multiclass_nms3",origin_id:2784,score_threshold:0.05,stop_gradient:[false,false,false]} : (cpu_tensor<-1x80x4xf32>, cpu_tensor<-1x80xf32>, cpu_tensor<-1xi64>) -> cpu_tensor<-1x6xf32>, cpu_tensor<-1x1xi32>, cpu_tensor<-1xi32>
    (%1051) = "shape64(phi_kernel)" (%1048) {kernel_key:<backend:CPU|layout:NCHW|dtype:float32>,kernel_name:"shape64",op_name:"pd_op.shape64",origin_id:2785,stop_gradient:[true],struct_name:"/MaskHead/"} : (cpu_tensor<-1x6xf32>) -> cpu_tensor<2xi64>
    (%1052) = "slice(phi_kernel)" (%1051, %44, %43) {axes:[0],decrease_axis:[0],infer_flags:[1],kernel_key:<backend:CPU|layout:NCHW|dtype:int64>,kernel_name:"slice",op_name:"pd_op.slice",origin_id:2786,stop_gradient:[true],struct_name:"/MaskHead/"} : (cpu_tensor<2xi64>, cpu_tensor<1xi64>, cpu_tensor<1xi64>) -> cpu_tensor<i64>
    (%1053) = "memcpy_h2d(phi_kernel)" (%1052) {dst_place_type:1,kernel_key:<backend:CUSTOM|layout:NCHW|dtype:int64>,kernel_name:"memcpy_h2d",op_name:"pd_op.memcpy_h2d",origin_id:2787} : (cpu_tensor<i64>) -> custom_device_tensor<i64>
    (%1054) = "equal(phi_kernel)" (%1053, %29) {kernel_key:<backend:mlu|layout:NCHW|dtype:int64>,kernel_name:"equal",op_name:"pd_op.equal",origin_id:2788,stop_gradient:[true],struct_name:"/MaskHead/"} : (custom_device_tensor<i64>, custom_device_tensor<i64>) -> custom_device_tensor<b>
    (%1055) = "pd_op.if" [id:2789] (%1054) {} -> custom_device_tensor<-1x-1x-1xf32> {
        () = "cf.yield" [id:2790] (%16) {origin_id:796} : (custom_device_tensor<1x1x1xf32>) -> 
    } else {
        (%1056) = "slice(phi_kernel)" (%1048, %52, %36) {axes:[1],decrease_axis:[],infer_flags:[1],kernel_key:<backend:CPU|layout:NCHW|dtype:float32>,kernel_name:"slice",op_name:"pd_op.slice",origin_id:2791,stop_gradient:[false]} : (cpu_tensor<-1x6xf32>, cpu_tensor<1xi64>, cpu_tensor<1xi64>) -> cpu_tensor<-1x4xf32>
        (%1057) = "slice(phi_kernel)" (%1048, %44, %43) {axes:[1],decrease_axis:[1],infer_flags:[1],kernel_key:<backend:CPU|layout:NCHW|dtype:float32>,kernel_name:"slice",op_name:"pd_op.slice",origin_id:2792,stop_gradient:[false]} : (cpu_tensor<-1x6xf32>, cpu_tensor<1xi64>, cpu_tensor<1xi64>) -> cpu_tensor<-1xf32>
        (%1058) = "cast(phi_kernel)" (%1057) {dtype:int32,kernel_key:<backend:CPU|layout:NCHW|dtype:float32>,kernel_name:"cast",op_name:"pd_op.cast",origin_id:2793,stop_gradient:[false]} : (cpu_tensor<-1xf32>) -> cpu_tensor<-1xi32>
        (%1059) = "memcpy_h2d(phi_kernel)" (%1056) {dst_place_type:1,kernel_key:<backend:CUSTOM|layout:NCHW|dtype:float32>,kernel_name:"memcpy_h2d",op_name:"pd_op.memcpy_h2d",origin_id:2794} : (cpu_tensor<-1x4xf32>) -> custom_device_tensor<-1x4xf32>
        (%1060) = "memcpy_h2d(phi_kernel)" (%1050) {dst_place_type:1,kernel_key:<backend:CUSTOM|layout:NCHW|dtype:float32>,kernel_name:"memcpy_h2d",op_name:"pd_op.memcpy_h2d",origin_id:2795} : (cpu_tensor<-1xi32>) -> custom_device_tensor<-1xi32>
        (%1061) = "roi_align(phi_kernel)" (%694, %1059, %1060) {aligned:true,kernel_key:<backend:mlu|layout:NCHW|dtype:float32>,kernel_name:"roi_align",op_name:"pd_op.roi_align",origin_id:2796,pooled_height:14,pooled_width:14,sampling_ratio:-1,spatial_scale:0.0625,stop_gradient:[false]} : (custom_device_tensor<-1x1024x-1x-1xf32>, custom_device_tensor<-1x4xf32>, custom_device_tensor<-1xi32>) -> custom_device_tensor<-1x1024x14x14xf32>
        (%1062) = "conv2d(phi_kernel)" (%1061, %113) {data_format:"NCHW",dilations:[1,1],groups:1,kernel_key:<backend:mlu|layout:NCHW|dtype:float32>,kernel_name:"conv2d",op_name:"pd_op.conv2d",origin_id:2797,padding_algorithm:"EXPLICIT",paddings:[0,0],stop_gradient:[false],strides:[1,1]} : (custom_device_tensor<-1x1024x14x14xf32>, custom_device_tensor<512x1024x1x1xf32>) -> custom_device_tensor<-1x512x14x14xf32>
        (%1063, %1064, %1065, %1066, %1067, %1068) = "batch_norm_(phi_kernel)" (%1062, %110, %109, %112, %111) {data_format:"NCHW",epsilon:1e-05,is_inplace:true,is_test:true,kernel_key:<backend:mlu|layout:NCHW|dtype:float32>,kernel_name:"batch_norm",momentum:0.9,op_name:"pd_op.batch_norm_",origin_id:2798,stop_gradient:[false,false,false,false,false,false],trainable_statistics:false,use_global_stats:true} : (custom_device_tensor<-1x512x14x14xf32>, custom_device_tensor<512xf32>, custom_device_tensor<512xf32>, custom_device_tensor<512xf32>, custom_device_tensor<512xf32>) -> custom_device_tensor<-1x512x14x14xf32>, custom_device_tensor<512xf32>, custom_device_tensor<512xf32>, custom_device_tensor<512xf32>, custom_device_tensor<512xf32>, custom_device_tensor<-1xu8>
        (%1069) = "relu(phi_kernel)" (%1063) {kernel_key:<backend:mlu|layout:NCHW|dtype:float32>,kernel_name:"relu",op_name:"pd_op.relu",origin_id:2799,stop_gradient:[false]} : (custom_device_tensor<-1x512x14x14xf32>) -> custom_device_tensor<-1x512x14x14xf32>
        (%1070) = "conv2d(phi_kernel)" (%1069, %108) {data_format:"NCHW",dilations:[1,1],groups:1,kernel_key:<backend:mlu|layout:NCHW|dtype:float32>,kernel_name:"conv2d",op_name:"pd_op.conv2d",origin_id:2800,padding_algorithm:"EXPLICIT",paddings:[1,1],stop_gradient:[false],strides:[2,2]} : (custom_device_tensor<-1x512x14x14xf32>, custom_device_tensor<512x512x3x3xf32>) -> custom_device_tensor<-1x512x7x7xf32>
        (%1071, %1072, %1073, %1074, %1075, %1076) = "batch_norm_(phi_kernel)" (%1070, %105, %104, %107, %106) {data_format:"NCHW",epsilon:1e-05,is_inplace:true,is_test:true,kernel_key:<backend:mlu|layout:NCHW|dtype:float32>,kernel_name:"batch_norm",momentum:0.9,op_name:"pd_op.batch_norm_",origin_id:2801,stop_gradient:[false,false,false,false,false,false],trainable_statistics:false,use_global_stats:true} : (custom_device_tensor<-1x512x7x7xf32>, custom_device_tensor<512xf32>, custom_device_tensor<512xf32>, custom_device_tensor<512xf32>, custom_device_tensor<512xf32>) -> custom_device_tensor<-1x512x7x7xf32>, custom_device_tensor<512xf32>, custom_device_tensor<512xf32>, custom_device_tensor<512xf32>, custom_device_tensor<512xf32>, custom_device_tensor<-1xu8>
        (%1077) = "relu(phi_kernel)" (%1071) {kernel_key:<backend:mlu|layout:NCHW|dtype:float32>,kernel_name:"relu",op_name:"pd_op.relu",origin_id:2802,stop_gradient:[false]} : (custom_device_tensor<-1x512x7x7xf32>) -> custom_device_tensor<-1x512x7x7xf32>
        (%1078) = "conv2d(phi_kernel)" (%1077, %103) {data_format:"NCHW",dilations:[1,1],groups:1,kernel_key:<backend:mlu|layout:NCHW|dtype:float32>,kernel_name:"conv2d",op_name:"pd_op.conv2d",origin_id:2803,padding_algorithm:"EXPLICIT",paddings:[0,0],stop_gradient:[false],strides:[1,1]} : (custom_device_tensor<-1x512x7x7xf32>, custom_device_tensor<2048x512x1x1xf32>) -> custom_device_tensor<-1x2048x7x7xf32>
        (%1079, %1080, %1081, %1082, %1083, %1084) = "batch_norm_(phi_kernel)" (%1078, %100, %99, %102, %101) {data_format:"NCHW",epsilon:1e-05,is_inplace:true,is_test:true,kernel_key:<backend:mlu|layout:NCHW|dtype:float32>,kernel_name:"batch_norm",momentum:0.9,op_name:"pd_op.batch_norm_",origin_id:2804,stop_gradient:[false,false,false,false,false,false],trainable_statistics:false,use_global_stats:true} : (custom_device_tensor<-1x2048x7x7xf32>, custom_device_tensor<2048xf32>, custom_device_tensor<2048xf32>, custom_device_tensor<2048xf32>, custom_device_tensor<2048xf32>) -> custom_device_tensor<-1x2048x7x7xf32>, custom_device_tensor<2048xf32>, custom_device_tensor<2048xf32>, custom_device_tensor<2048xf32>, custom_device_tensor<2048xf32>, custom_device_tensor<-1xu8>
        (%1085) = "conv2d(phi_kernel)" (%1061, %98) {data_format:"NCHW",dilations:[1,1],groups:1,kernel_key:<backend:mlu|layout:NCHW|dtype:float32>,kernel_name:"conv2d",op_name:"pd_op.conv2d",origin_id:2805,padding_algorithm:"EXPLICIT",paddings:[0,0],stop_gradient:[false],strides:[2,2]} : (custom_device_tensor<-1x1024x14x14xf32>, custom_device_tensor<2048x1024x1x1xf32>) -> custom_device_tensor<-1x2048x7x7xf32>
        (%1086, %1087, %1088, %1089, %1090, %1091) = "batch_norm_(phi_kernel)" (%1085, %95, %94, %97, %96) {data_format:"NCHW",epsilon:1e-05,is_inplace:true,is_test:true,kernel_key:<backend:mlu|layout:NCHW|dtype:float32>,kernel_name:"batch_norm",momentum:0.9,op_name:"pd_op.batch_norm_",origin_id:2806,stop_gradient:[false,false,false,false,false,false],trainable_statistics:false,use_global_stats:true} : (custom_device_tensor<-1x2048x7x7xf32>, custom_device_tensor<2048xf32>, custom_device_tensor<2048xf32>, custom_device_tensor<2048xf32>, custom_device_tensor<2048xf32>) -> custom_device_tensor<-1x2048x7x7xf32>, custom_device_tensor<2048xf32>, custom_device_tensor<2048xf32>, custom_device_tensor<2048xf32>, custom_device_tensor<2048xf32>, custom_device_tensor<-1xu8>
        (%1092) = "add(phi_kernel)" (%1079, %1086) {kernel_key:<backend:mlu|layout:NCHW|dtype:float32>,kernel_name:"add",op_name:"pd_op.add",origin_id:2807,stop_gradient:[false]} : (custom_device_tensor<-1x2048x7x7xf32>, custom_device_tensor<-1x2048x7x7xf32>) -> custom_device_tensor<-1x2048x7x7xf32>
        (%1093) = "relu(phi_kernel)" (%1092) {kernel_key:<backend:mlu|layout:NCHW|dtype:float32>,kernel_name:"relu",op_name:"pd_op.relu",origin_id:2808,stop_gradient:[false]} : (custom_device_tensor<-1x2048x7x7xf32>) -> custom_device_tensor<-1x2048x7x7xf32>
        (%1094) = "conv2d(phi_kernel)" (%1093, %93) {data_format:"NCHW",dilations:[1,1],groups:1,kernel_key:<backend:mlu|layout:NCHW|dtype:float32>,kernel_name:"conv2d",op_name:"pd_op.conv2d",origin_id:2809,padding_algorithm:"EXPLICIT",paddings:[0,0],stop_gradient:[false],strides:[1,1]} : (custom_device_tensor<-1x2048x7x7xf32>, custom_device_tensor<512x2048x1x1xf32>) -> custom_device_tensor<-1x512x7x7xf32>
        (%1095, %1096, %1097, %1098, %1099, %1100) = "batch_norm_(phi_kernel)" (%1094, %90, %89, %92, %91) {data_format:"NCHW",epsilon:1e-05,is_inplace:true,is_test:true,kernel_key:<backend:mlu|layout:NCHW|dtype:float32>,kernel_name:"batch_norm",momentum:0.9,op_name:"pd_op.batch_norm_",origin_id:2810,stop_gradient:[false,false,false,false,false,false],trainable_statistics:false,use_global_stats:true} : (custom_device_tensor<-1x512x7x7xf32>, custom_device_tensor<512xf32>, custom_device_tensor<512xf32>, custom_device_tensor<512xf32>, custom_device_tensor<512xf32>) -> custom_device_tensor<-1x512x7x7xf32>, custom_device_tensor<512xf32>, custom_device_tensor<512xf32>, custom_device_tensor<512xf32>, custom_device_tensor<512xf32>, custom_device_tensor<-1xu8>
        (%1101) = "relu(phi_kernel)" (%1095) {kernel_key:<backend:mlu|layout:NCHW|dtype:float32>,kernel_name:"relu",op_name:"pd_op.relu",origin_id:2811,stop_gradient:[false]} : (custom_device_tensor<-1x512x7x7xf32>) -> custom_device_tensor<-1x512x7x7xf32>
        (%1102) = "conv2d(phi_kernel)" (%1101, %88) {data_format:"NCHW",dilations:[1,1],groups:1,kernel_key:<backend:mlu|layout:NCHW|dtype:float32>,kernel_name:"conv2d",op_name:"pd_op.conv2d",origin_id:2812,padding_algorithm:"EXPLICIT",paddings:[1,1],stop_gradient:[false],strides:[1,1]} : (custom_device_tensor<-1x512x7x7xf32>, custom_device_tensor<512x512x3x3xf32>) -> custom_device_tensor<-1x512x7x7xf32>
        (%1103, %1104, %1105, %1106, %1107, %1108) = "batch_norm_(phi_kernel)" (%1102, %85, %84, %87, %86) {data_format:"NCHW",epsilon:1e-05,is_inplace:true,is_test:true,kernel_key:<backend:mlu|layout:NCHW|dtype:float32>,kernel_name:"batch_norm",momentum:0.9,op_name:"pd_op.batch_norm_",origin_id:2813,stop_gradient:[false,false,false,false,false,false],trainable_statistics:false,use_global_stats:true} : (custom_device_tensor<-1x512x7x7xf32>, custom_device_tensor<512xf32>, custom_device_tensor<512xf32>, custom_device_tensor<512xf32>, custom_device_tensor<512xf32>) -> custom_device_tensor<-1x512x7x7xf32>, custom_device_tensor<512xf32>, custom_device_tensor<512xf32>, custom_device_tensor<512xf32>, custom_device_tensor<512xf32>, custom_device_tensor<-1xu8>
        (%1109) = "relu(phi_kernel)" (%1103) {kernel_key:<backend:mlu|layout:NCHW|dtype:float32>,kernel_name:"relu",op_name:"pd_op.relu",origin_id:2814,stop_gradient:[false]} : (custom_device_tensor<-1x512x7x7xf32>) -> custom_device_tensor<-1x512x7x7xf32>
        (%1110) = "conv2d(phi_kernel)" (%1109, %83) {data_format:"NCHW",dilations:[1,1],groups:1,kernel_key:<backend:mlu|layout:NCHW|dtype:float32>,kernel_name:"conv2d",op_name:"pd_op.conv2d",origin_id:2815,padding_algorithm:"EXPLICIT",paddings:[0,0],stop_gradient:[false],strides:[1,1]} : (custom_device_tensor<-1x512x7x7xf32>, custom_device_tensor<2048x512x1x1xf32>) -> custom_device_tensor<-1x2048x7x7xf32>
        (%1111, %1112, %1113, %1114, %1115, %1116) = "batch_norm_(phi_kernel)" (%1110, %80, %79, %82, %81) {data_format:"NCHW",epsilon:1e-05,is_inplace:true,is_test:true,kernel_key:<backend:mlu|layout:NCHW|dtype:float32>,kernel_name:"batch_norm",momentum:0.9,op_name:"pd_op.batch_norm_",origin_id:2816,stop_gradient:[false,false,false,false,false,false],trainable_statistics:false,use_global_stats:true} : (custom_device_tensor<-1x2048x7x7xf32>, custom_device_tensor<2048xf32>, custom_device_tensor<2048xf32>, custom_device_tensor<2048xf32>, custom_device_tensor<2048xf32>) -> custom_device_tensor<-1x2048x7x7xf32>, custom_device_tensor<2048xf32>, custom_device_tensor<2048xf32>, custom_device_tensor<2048xf32>, custom_device_tensor<2048xf32>, custom_device_tensor<-1xu8>
        (%1117) = "add(phi_kernel)" (%1111, %1093) {kernel_key:<backend:mlu|layout:NCHW|dtype:float32>,kernel_name:"add",op_name:"pd_op.add",origin_id:2817,stop_gradient:[false]} : (custom_device_tensor<-1x2048x7x7xf32>, custom_device_tensor<-1x2048x7x7xf32>) -> custom_device_tensor<-1x2048x7x7xf32>
        (%1118) = "relu(phi_kernel)" (%1117) {kernel_key:<backend:mlu|layout:NCHW|dtype:float32>,kernel_name:"relu",op_name:"pd_op.relu",origin_id:2818,stop_gradient:[false]} : (custom_device_tensor<-1x2048x7x7xf32>) -> custom_device_tensor<-1x2048x7x7xf32>
        (%1119) = "conv2d(phi_kernel)" (%1118, %78) {data_format:"NCHW",dilations:[1,1],groups:1,kernel_key:<backend:mlu|layout:NCHW|dtype:float32>,kernel_name:"conv2d",op_name:"pd_op.conv2d",origin_id:2819,padding_algorithm:"EXPLICIT",paddings:[0,0],stop_gradient:[false],strides:[1,1]} : (custom_device_tensor<-1x2048x7x7xf32>, custom_device_tensor<512x2048x1x1xf32>) -> custom_device_tensor<-1x512x7x7xf32>
        (%1120, %1121, %1122, %1123, %1124, %1125) = "batch_norm_(phi_kernel)" (%1119, %75, %74, %77, %76) {data_format:"NCHW",epsilon:1e-05,is_inplace:true,is_test:true,kernel_key:<backend:mlu|layout:NCHW|dtype:float32>,kernel_name:"batch_norm",momentum:0.9,op_name:"pd_op.batch_norm_",origin_id:2820,stop_gradient:[false,false,false,false,false,false],trainable_statistics:false,use_global_stats:true} : (custom_device_tensor<-1x512x7x7xf32>, custom_device_tensor<512xf32>, custom_device_tensor<512xf32>, custom_device_tensor<512xf32>, custom_device_tensor<512xf32>) -> custom_device_tensor<-1x512x7x7xf32>, custom_device_tensor<512xf32>, custom_device_tensor<512xf32>, custom_device_tensor<512xf32>, custom_device_tensor<512xf32>, custom_device_tensor<-1xu8>
        (%1126) = "relu(phi_kernel)" (%1120) {kernel_key:<backend:mlu|layout:NCHW|dtype:float32>,kernel_name:"relu",op_name:"pd_op.relu",origin_id:2821,stop_gradient:[false]} : (custom_device_tensor<-1x512x7x7xf32>) -> custom_device_tensor<-1x512x7x7xf32>
        (%1127) = "conv2d(phi_kernel)" (%1126, %73) {data_format:"NCHW",dilations:[1,1],groups:1,kernel_key:<backend:mlu|layout:NCHW|dtype:float32>,kernel_name:"conv2d",op_name:"pd_op.conv2d",origin_id:2822,padding_algorithm:"EXPLICIT",paddings:[1,1],stop_gradient:[false],strides:[1,1]} : (custom_device_tensor<-1x512x7x7xf32>, custom_device_tensor<512x512x3x3xf32>) -> custom_device_tensor<-1x512x7x7xf32>
        (%1128, %1129, %1130, %1131, %1132, %1133) = "batch_norm_(phi_kernel)" (%1127, %70, %69, %72, %71) {data_format:"NCHW",epsilon:1e-05,is_inplace:true,is_test:true,kernel_key:<backend:mlu|layout:NCHW|dtype:float32>,kernel_name:"batch_norm",momentum:0.9,op_name:"pd_op.batch_norm_",origin_id:2823,stop_gradient:[false,false,false,false,false,false],trainable_statistics:false,use_global_stats:true} : (custom_device_tensor<-1x512x7x7xf32>, custom_device_tensor<512xf32>, custom_device_tensor<512xf32>, custom_device_tensor<512xf32>, custom_device_tensor<512xf32>) -> custom_device_tensor<-1x512x7x7xf32>, custom_device_tensor<512xf32>, custom_device_tensor<512xf32>, custom_device_tensor<512xf32>, custom_device_tensor<512xf32>, custom_device_tensor<-1xu8>
        (%1134) = "relu(phi_kernel)" (%1128) {kernel_key:<backend:mlu|layout:NCHW|dtype:float32>,kernel_name:"relu",op_name:"pd_op.relu",origin_id:2824,stop_gradient:[false]} : (custom_device_tensor<-1x512x7x7xf32>) -> custom_device_tensor<-1x512x7x7xf32>
        (%1135) = "conv2d(phi_kernel)" (%1134, %68) {data_format:"NCHW",dilations:[1,1],groups:1,kernel_key:<backend:mlu|layout:NCHW|dtype:float32>,kernel_name:"conv2d",op_name:"pd_op.conv2d",origin_id:2825,padding_algorithm:"EXPLICIT",paddings:[0,0],stop_gradient:[false],strides:[1,1]} : (custom_device_tensor<-1x512x7x7xf32>, custom_device_tensor<2048x512x1x1xf32>) -> custom_device_tensor<-1x2048x7x7xf32>
        (%1136, %1137, %1138, %1139, %1140, %1141) = "batch_norm_(phi_kernel)" (%1135, %65, %64, %67, %66) {data_format:"NCHW",epsilon:1e-05,is_inplace:true,is_test:true,kernel_key:<backend:mlu|layout:NCHW|dtype:float32>,kernel_name:"batch_norm",momentum:0.9,op_name:"pd_op.batch_norm_",origin_id:2826,stop_gradient:[false,false,false,false,false,false],trainable_statistics:false,use_global_stats:true} : (custom_device_tensor<-1x2048x7x7xf32>, custom_device_tensor<2048xf32>, custom_device_tensor<2048xf32>, custom_device_tensor<2048xf32>, custom_device_tensor<2048xf32>) -> custom_device_tensor<-1x2048x7x7xf32>, custom_device_tensor<2048xf32>, custom_device_tensor<2048xf32>, custom_device_tensor<2048xf32>, custom_device_tensor<2048xf32>, custom_device_tensor<-1xu8>
        (%1142) = "add(phi_kernel)" (%1136, %1118) {kernel_key:<backend:mlu|layout:NCHW|dtype:float32>,kernel_name:"add",op_name:"pd_op.add",origin_id:2827,stop_gradient:[false]} : (custom_device_tensor<-1x2048x7x7xf32>, custom_device_tensor<-1x2048x7x7xf32>) -> custom_device_tensor<-1x2048x7x7xf32>
        (%1143) = "relu(phi_kernel)" (%1142) {kernel_key:<backend:mlu|layout:NCHW|dtype:float32>,kernel_name:"relu",op_name:"pd_op.relu",origin_id:2828,stop_gradient:[false]} : (custom_device_tensor<-1x2048x7x7xf32>) -> custom_device_tensor<-1x2048x7x7xf32>
        (%1144) = "conv2d_transpose(phi_kernel)" (%1143, %59, %15) {data_format:"NCHW",dilations:[1,1],groups:1,kernel_key:<backend:mlu|layout:NCHW|dtype:float32>,kernel_name:"conv2d_transpose",op_name:"pd_op.conv2d_transpose",origin_id:2829,output_padding:[],padding_algorithm:"EXPLICIT",paddings:[0,0],stop_gradient:[false],strides:[2,2]} : (custom_device_tensor<-1x2048x7x7xf32>, custom_device_tensor<2048x256x2x2xf32>, cpu_tensor<0xi64>) -> custom_device_tensor<-1x256x14x14xf32>
        (%1145) = "add(phi_kernel)" (%1144, %14) {kernel_key:<backend:mlu|layout:NCHW|dtype:float32>,kernel_name:"add",op_name:"pd_op.add",origin_id:2830,stop_gradient:[false]} : (custom_device_tensor<-1x256x14x14xf32>, custom_device_tensor<1x256x1x1xf32>) -> custom_device_tensor<-1x256x14x14xf32>
        (%1146) = "relu(phi_kernel)" (%1145) {kernel_key:<backend:mlu|layout:NCHW|dtype:float32>,kernel_name:"relu",op_name:"pd_op.relu",origin_id:2831,stop_gradient:[false]} : (custom_device_tensor<-1x256x14x14xf32>) -> custom_device_tensor<-1x256x14x14xf32>
        (%1147) = "conv2d(phi_kernel)" (%1146, %58) {data_format:"NCHW",dilations:[1,1],groups:1,kernel_key:<backend:mlu|layout:NCHW|dtype:float32>,kernel_name:"conv2d",op_name:"pd_op.conv2d",origin_id:2832,padding_algorithm:"EXPLICIT",paddings:[0,0],stop_gradient:[false],strides:[1,1]} : (custom_device_tensor<-1x256x14x14xf32>, custom_device_tensor<80x256x1x1xf32>) -> custom_device_tensor<-1x80x14x14xf32>
        (%1148) = "add(phi_kernel)" (%1147, %56) {kernel_key:<backend:mlu|layout:NCHW|dtype:float32>,kernel_name:"add",op_name:"pd_op.add",origin_id:2833,stop_gradient:[false]} : (custom_device_tensor<-1x80x14x14xf32>, custom_device_tensor<1x80x1x1xf32>) -> custom_device_tensor<-1x80x14x14xf32>
        (%1149) = "shape64(phi_kernel)" (%1148) {kernel_key:<backend:mlu|layout:NCHW|dtype:float32>,kernel_name:"shape64",op_name:"pd_op.shape64",origin_id:2834,stop_gradient:[true]} : (custom_device_tensor<-1x80x14x14xf32>) -> cpu_tensor<4xi64>
        (%1150) = "slice(phi_kernel)" (%1149, %44, %43) {axes:[0],decrease_axis:[0],infer_flags:[1],kernel_key:<backend:CPU|layout:NCHW|dtype:int64>,kernel_name:"slice",op_name:"pd_op.slice",origin_id:2835,stop_gradient:[true]} : (cpu_tensor<4xi64>, cpu_tensor<1xi64>, cpu_tensor<1xi64>) -> cpu_tensor<i64>
        (%1151) = "arange(phi_kernel)" (%42, %1150, %41) {dtype:int64,kernel_key:<backend:mlu|layout:Undefined(AnyLayout)|dtype:int64>,kernel_name:"arange",op_name:"pd_op.arange",origin_id:2836,place:Place(undefined:0),stop_gradient:[true]} : (cpu_tensor<1xi64>, cpu_tensor<i64>, cpu_tensor<1xi64>) -> custom_device_tensor<-1xi64>
        (%1152) = "cast(phi_kernel)" (%1151) {dtype:int32,kernel_key:<backend:mlu|layout:NCHW|dtype:int64>,kernel_name:"cast",op_name:"pd_op.cast",origin_id:2837,stop_gradient:[true]} : (custom_device_tensor<-1xi64>) -> custom_device_tensor<-1xi32>
        (%1153) = "builtin.combine" [id:2838] (%1152, %1058) {origin_id:855,stop_gradient:[false]} : (custom_device_tensor<-1xi32>, cpu_tensor<-1xi32>) -> vec[custom_device_tensor<-1xi32>,cpu_tensor<-1xi32>]
        (%1154) = "memcpy_d2h(phi_kernel)" (%1152) {dst_place_type:0,kernel_key:<backend:mlu|layout:NCHW|dtype:int32>,kernel_name:"memcpy_d2h",op_name:"pd_op.memcpy_d2h",origin_id:2839} : (custom_device_tensor<-1xi32>) -> cpu_tensor<-1xi32>
        (%1155) = "builtin.combine" [id:2840] (%1154, %1058) {origin_id:2840} : (cpu_tensor<-1xi32>, cpu_tensor<-1xi32>) -> vec[cpu_tensor<-1xi32>,cpu_tensor<-1xi32>]
        (%1156) = "broadcast_tensors(phi_kernel)" (%1155) {kernel_key:<backend:CPU|layout:NCHW|dtype:int32>,kernel_name:"broadcast_tensors",op_name:"pd_op.broadcast_tensors",origin_id:2841,stop_gradient:[false]} : (vec[cpu_tensor<-1xi32>,cpu_tensor<-1xi32>]) -> vec[cpu_tensor<-1xi32>,cpu_tensor<-1xi32>]
        (%1157, %1158) = "builtin.split" [id:2842] (%1156) {origin_id:857,stop_gradient:[false,false]} : (vec[cpu_tensor<-1xi32>,cpu_tensor<-1xi32>]) -> cpu_tensor<-1xi32>, cpu_tensor<-1xi32>
        (%1159) = "builtin.combine" [id:2843] (%1157, %1158) {origin_id:858,stop_gradient:[false]} : (cpu_tensor<-1xi32>, cpu_tensor<-1xi32>) -> vec[cpu_tensor<-1xi32>,cpu_tensor<-1xi32>]
        (%1160) = "stack(phi_kernel)" (%1159) {axis:-1,kernel_key:<backend:CPU|layout:NCHW|dtype:int32>,kernel_name:"stack",op_name:"pd_op.stack",origin_id:2844,stop_gradient:[false]} : (vec[cpu_tensor<-1xi32>,cpu_tensor<-1xi32>]) -> cpu_tensor<-1x2xi32>
        (%1161) = "memcpy_h2d(phi_kernel)" (%1160) {dst_place_type:1,kernel_key:<backend:CUSTOM|layout:NCHW|dtype:float32>,kernel_name:"memcpy_h2d",op_name:"pd_op.memcpy_h2d",origin_id:2845} : (cpu_tensor<-1x2xi32>) -> custom_device_tensor<-1x2xi32>
        (%1162) = "gather_nd(phi_kernel)" (%1148, %1161) {kernel_key:<backend:mlu|layout:NCHW|dtype:float32>,kernel_name:"gather_nd",op_name:"pd_op.gather_nd",origin_id:2846,stop_gradient:[false]} : (custom_device_tensor<-1x80x14x14xf32>, custom_device_tensor<-1x2xi32>) -> custom_device_tensor<-1x14x14xf32>
        (%1163) = "shape64(phi_kernel)" (%1152) {kernel_key:<backend:mlu|layout:NCHW|dtype:int32>,kernel_name:"shape64",op_name:"pd_op.shape64",origin_id:2847,stop_gradient:[true]} : (custom_device_tensor<-1xi32>) -> cpu_tensor<1xi64>
        (%1164) = "slice(phi_kernel)" (%1163, %44, %43) {axes:[0],decrease_axis:[0],infer_flags:[1],kernel_key:<backend:CPU|layout:NCHW|dtype:int64>,kernel_name:"slice",op_name:"pd_op.slice",origin_id:2848,stop_gradient:[true]} : (cpu_tensor<1xi64>, cpu_tensor<1xi64>, cpu_tensor<1xi64>) -> cpu_tensor<i64>
        (%1165) = "builtin.combine" [id:2849] (%1164, %13, %13) {origin_id:871,stop_gradient:[true]} : (cpu_tensor<i64>, cpu_tensor<i64>, cpu_tensor<i64>) -> vec[cpu_tensor<i64>,cpu_tensor<i64>,cpu_tensor<i64>]
        (%1166) = "(phi_kernel)" (%1165) {axis:0,kernel_key:<backend:CPU|layout:NCHW|dtype:int64>,kernel_name:"stack",op_name:"pd_op.stack",origin_id:2850,stop_gradient:[true]} : (vec[cpu_tensor<i64>,cpu_tensor<i64>,cpu_tensor<i64>]) -> cpu_tensor<3xi64>
        (%1167) = "reshape(phi_kernel)" (%1162, %1166) {kernel_key:<backend:mlu|layout:NCHW|dtype:float32>,kernel_name:"reshape",op_name:"pd_op.reshape",origin_id:2851,stop_gradient:[false]} : (custom_device_tensor<-1x14x14xf32>, cpu_tensor<3xi64>) -> custom_device_tensor<-1x14x14xf32>
        (%1168) = "sigmoid(phi_kernel)" (%1167) {kernel_key:<backend:mlu|layout:NCHW|dtype:float32>,kernel_name:"sigmoid",op_name:"pd_op.sigmoid",origin_id:2852,stop_gradient:[false]} : (custom_device_tensor<-1x14x14xf32>) -> custom_device_tensor<-1x14x14xf32>
        () = "cf.yield" [id:2853] (%1168) {origin_id:875} : (custom_device_tensor<-1x14x14xf32>) -> 
    }
    (%1169) = "shape64(phi_kernel)" (%1050) {kernel_key:<backend:CPU|layout:NCHW|dtype:int32>,kernel_name:"shape64",op_name:"pd_op.shape64",origin_id:2854,stop_gradient:[true]} : (cpu_tensor<-1xi32>) -> cpu_tensor<1xi64>
    (%1170) = "slice(phi_kernel)" (%1169, %44, %43) {axes:[0],decrease_axis:[0],infer_flags:[1],kernel_key:<backend:CPU|layout:NCHW|dtype:int64>,kernel_name:"slice",op_name:"pd_op.slice",origin_id:2855,stop_gradient:[true]} : (cpu_tensor<1xi64>, cpu_tensor<1xi64>, cpu_tensor<1xi64>) -> cpu_tensor<i64>
    (%1171) = "arange(phi_kernel)" (%42, %1170, %41) {dtype:int64,kernel_key:<backend:mlu|layout:Undefined(AnyLayout)|dtype:int64>,kernel_name:"arange",op_name:"pd_op.arange",origin_id:2856,place:Place(undefined:0),stop_gradient:[true]} : (cpu_tensor<1xi64>, cpu_tensor<i64>, cpu_tensor<1xi64>) -> custom_device_tensor<-1xi64>
    (%1172) = "shape64(phi_kernel)" (%1171) {kernel_key:<backend:mlu|layout:NCHW|dtype:int64>,kernel_name:"shape64",op_name:"pd_op.shape64",origin_id:2857,stop_gradient:[true]} : (custom_device_tensor<-1xi64>) -> cpu_tensor<1xi64>
    (%1173) = "slice(phi_kernel)" (%1172, %44, %43) {axes:[0],decrease_axis:[0],infer_flags:[1],kernel_key:<backend:CPU|layout:NCHW|dtype:int64>,kernel_name:"slice",op_name:"pd_op.slice",origin_id:2858,stop_gradient:[true]} : (cpu_tensor<1xi64>, cpu_tensor<1xi64>, cpu_tensor<1xi64>) -> cpu_tensor<i64>
    (%1174) = "create_array(phi_kernel)" () {dtype:Undefined,kernel_key:<backend:CPU|layout:Undefined(AnyLayout)|dtype:float32>,kernel_name:"create_array",op_name:"pd_op.create_array",origin_id:2859,stop_gradient:[true]} : () -> cpu_tensor_array<f32>
    (%1175) = "create_array(phi_kernel)" () {dtype:Undefined,kernel_key:<backend:CPU|layout:Undefined(AnyLayout)|dtype:int32>,kernel_name:"create_array",op_name:"pd_op.create_array",origin_id:2860,stop_gradient:[true]} : () -> cpu_tensor_array<i32>
    (%1176) = "full(phi_kernel)" () {dtype:int64,kernel_key:<backend:mlu|layout:Undefined(AnyLayout)|dtype:int64>,kernel_name:"full",op_name:"pd_op.full",origin_id:2861,place:Place(undefined:0),shape:[],stop_gradient:[true],value:0} : () -> custom_device_tensor<i64>
    (%1177) = "full(phi_kernel)" () {dtype:int64,kernel_key:<backend:mlu|layout:Undefined(AnyLayout)|dtype:int64>,kernel_name:"full",op_name:"pd_op.full",origin_id:2862,place:Place(undefined:0),shape:[],stop_gradient:[true],value:0} : () -> custom_device_tensor<i64>
    (%1178) = "memcpy_h2d(phi_kernel)" (%1173) {dst_place_type:1,kernel_key:<backend:CUSTOM|layout:NCHW|dtype:int64>,kernel_name:"memcpy_h2d",op_name:"pd_op.memcpy_h2d",origin_id:2863} : (cpu_tensor<i64>) -> custom_device_tensor<i64>
    (%1179) = "less_than(phi_kernel)" (%1176, %1178) {kernel_key:<backend:mlu|layout:NCHW|dtype:int64>,kernel_name:"less_than",op_name:"pd_op.less_than",origin_id:2864,stop_gradient:[true]} : (custom_device_tensor<i64>, custom_device_tensor<i64>) -> custom_device_tensor<b>
    (%1180) = "full(phi_kernel)" () {dtype:int32,kernel_key:<backend:mlu|layout:Undefined(AnyLayout)|dtype:int32>,kernel_name:"full",op_name:"pd_op.full",origin_id:2865,place:Place(undefined:0),shape:[],stop_gradient:[true],value:0} : () -> custom_device_tensor<-1xi32>
    (%1181) = "full(phi_kernel)" () {dtype:float32,kernel_key:<backend:mlu|layout:Undefined(AnyLayout)|dtype:float32>,kernel_name:"full",op_name:"pd_op.full",origin_id:2866,place:Place(undefined:0),shape:[],stop_gradient:[true],value:0} : () -> custom_device_tensor<-1x6xf32>
    (%1182) = "full(phi_kernel)" () {dtype:int64,kernel_key:<backend:mlu|layout:Undefined(AnyLayout)|dtype:int64>,kernel_name:"full",op_name:"pd_op.full",origin_id:2867,place:Place(undefined:0),shape:[],stop_gradient:[true],value:0} : () -> custom_device_tensor<i64>
    (%1183, %1184, %1185, %1186, %1187) = "pd_op.while" [id:2868] (cond=%1179, inputs=%1176, %1177, %1180, %1181, %1182) { 
    ^%arg_14 {stop_gradient:true}, %arg_15 {stop_gradient:true}, %arg_16 {stop_gradient:true}, %arg_17 {stop_gradient:true}, %arg_18 {stop_gradient:true}
        (%1188) = "memcpy_d2h(phi_kernel)" (%arg_14) {dst_place_type:0,kernel_key:<backend:mlu|layout:NCHW|dtype:int64>,kernel_name:"memcpy_d2h",op_name:"pd_op.memcpy_d2h",origin_id:2869} : (custom_device_tensor<i64>) -> cpu_tensor<i64>
        (%1189) = "scale(phi_kernel)" (%1188, %12) {bias:1,bias_after_scale:true,kernel_key:<backend:CPU|layout:NCHW|dtype:int64>,kernel_name:"scale",op_name:"pd_op.scale",origin_id:2870,stop_gradient:[true]} : (cpu_tensor<i64>, cpu_tensor<1xf32>) -> cpu_tensor<i64>
        (%1190) = "builtin.combine" [id:2871] (%arg_14) {origin_id:902,stop_gradient:[true]} : (custom_device_tensor<i64>) -> vec[custom_device_tensor<i64>]
        (%1191) = "stack(phi_kernel)" (%1190) {axis:0,kernel_key:<backend:mlu|layout:NCHW|dtype:int64>,kernel_name:"stack",op_name:"pd_op.stack",origin_id:2872,stop_gradient:[true]} : (vec[custom_device_tensor<i64>]) -> custom_device_tensor<1xi64>
        (%1192) = "builtin.combine" [id:2873] (%1189) {origin_id:904,stop_gradient:[true]} : (cpu_tensor<i64>) -> vec[cpu_tensor<i64>]
        (%1193) = "stack(phi_kernel)" (%1192) {axis:0,kernel_key:<backend:CPU|layout:NCHW|dtype:int64>,kernel_name:"stack",op_name:"pd_op.stack",origin_id:2874,stop_gradient:[true]} : (vec[cpu_tensor<i64>]) -> cpu_tensor<1xi64>
        (%1194) = "slice(phi_kernel)" (%1171, %1191, %1193) {axes:[0],decrease_axis:[0],infer_flags:[-1],kernel_key:<backend:mlu|layout:NCHW|dtype:int64>,kernel_name:"slice",op_name:"pd_op.slice",origin_id:2875,stop_gradient:[true]} : (custom_device_tensor<-1xi64>, custom_device_tensor<1xi64>, cpu_tensor<1xi64>) -> custom_device_tensor<i64>
        (%1195) = "memcpy_d2h(phi_kernel)" (%1194) {dst_place_type:0,kernel_key:<backend:mlu|layout:NCHW|dtype:int64>,kernel_name:"memcpy_d2h",op_name:"pd_op.memcpy_d2h",origin_id:2876} : (custom_device_tensor<i64>) -> cpu_tensor<i64>
        (%1196) = "scale(phi_kernel)" (%1195, %12) {bias:1,bias_after_scale:true,kernel_key:<backend:CPU|layout:NCHW|dtype:int64>,kernel_name:"scale",op_name:"pd_op.scale",origin_id:2877,stop_gradient:[true]} : (cpu_tensor<i64>, cpu_tensor<1xf32>) -> cpu_tensor<i64>
        (%1197) = "builtin.combine" [id:2878] (%1194) {origin_id:909,stop_gradient:[true]} : (custom_device_tensor<i64>) -> vec[custom_device_tensor<i64>]
        (%1198) = "stack(phi_kernel)" (%1197) {axis:0,kernel_key:<backend:mlu|layout:NCHW|dtype:int64>,kernel_name:"stack",op_name:"pd_op.stack",origin_id:2879,stop_gradient:[true]} : (vec[custom_device_tensor<i64>]) -> custom_device_tensor<1xi64>
        (%1199) = "builtin.combine" [id:2880] (%1196) {origin_id:911,stop_gradient:[true]} : (cpu_tensor<i64>) -> vec[cpu_tensor<i64>]
        (%1200) = "stack(phi_kernel)" (%1199) {axis:0,kernel_key:<backend:CPU|layout:NCHW|dtype:int64>,kernel_name:"stack",op_name:"pd_op.stack",origin_id:2881,stop_gradient:[true]} : (vec[cpu_tensor<i64>]) -> cpu_tensor<1xi64>
        (%1201) = "slice(phi_kernel)" (%1050, %1198, %1200) {axes:[0],decrease_axis:[0],infer_flags:[-1],kernel_key:<backend:CPU|layout:NCHW|dtype:int32>,kernel_name:"slice",op_name:"pd_op.slice",origin_id:2882,stop_gradient:[false]} : (cpu_tensor<-1xi32>, custom_device_tensor<1xi64>, cpu_tensor<1xi64>) -> cpu_tensor<i32>
        (%1202) = "memcpy_h2d(phi_kernel)" (%1201) {dst_place_type:1,kernel_key:<backend:CUSTOM|layout:NCHW|dtype:int32>,kernel_name:"memcpy_h2d",op_name:"pd_op.memcpy_h2d",origin_id:2883} : (cpu_tensor<i32>) -> custom_device_tensor<i32>
        (%1203) = "equal(phi_kernel)" (%1202, %11) {kernel_key:<backend:mlu|layout:NCHW|dtype:int32>,kernel_name:"equal",op_name:"pd_op.equal",origin_id:2884,stop_gradient:[true]} : (custom_device_tensor<i32>, custom_device_tensor<i32>) -> custom_device_tensor<b>
        (%1204, %1205, %1206) = "pd_op.if" [id:2885] (%1203) {} -> custom_device_tensor<-1xi32>, custom_device_tensor<-1x6xf32>, custom_device_tensor<i64> {
            () = "cf.yield" [id:2886] (%27, %28, %arg_15) {origin_id:917} : (custom_device_tensor<1xi32>, custom_device_tensor<1x6xf32>, custom_device_tensor<i64>) -> 
        } else {
            (%1207) = "memcpy_d2h(phi_kernel)" (%1194) {dst_place_type:0,kernel_key:<backend:mlu|layout:NCHW|dtype:int64>,kernel_name:"memcpy_d2h",op_name:"pd_op.memcpy_d2h",origin_id:2887} : (custom_device_tensor<i64>) -> cpu_tensor<i64>
            (%1208) = "scale(phi_kernel)" (%1207, %12) {bias:1,bias_after_scale:true,kernel_key:<backend:CPU|layout:NCHW|dtype:int64>,kernel_name:"scale",op_name:"pd_op.scale",origin_id:2888,stop_gradient:[true]} : (cpu_tensor<i64>, cpu_tensor<1xf32>) -> cpu_tensor<i64>
            (%1209) = "builtin.combine" [id:2889] (%1194) {origin_id:920,stop_gradient:[true]} : (custom_device_tensor<i64>) -> vec[custom_device_tensor<i64>]
            (%1210) = "stack(phi_kernel)" (%1209) {axis:0,kernel_key:<backend:mlu|layout:NCHW|dtype:int64>,kernel_name:"stack",op_name:"pd_op.stack",origin_id:2890,stop_gradient:[true]} : (vec[custom_device_tensor<i64>]) -> custom_device_tensor<1xi64>
            (%1211) = "builtin.combine" [id:2891] (%1208) {origin_id:922,stop_gradient:[true]} : (cpu_tensor<i64>) -> vec[cpu_tensor<i64>]
            (%1212) = "stack(phi_kernel)" (%1211) {axis:0,kernel_key:<backend:CPU|layout:NCHW|dtype:int64>,kernel_name:"stack",op_name:"pd_op.stack",origin_id:2892,stop_gradient:[true]} : (vec[cpu_tensor<i64>]) -> cpu_tensor<1xi64>
            (%1213) = "slice(phi_kernel)" (%1050, %1210, %1212) {axes:[0],decrease_axis:[0],infer_flags:[-1],kernel_key:<backend:CPU|layout:NCHW|dtype:int32>,kernel_name:"slice",op_name:"pd_op.slice",origin_id:2893,stop_gradient:[false]} : (cpu_tensor<-1xi32>, custom_device_tensor<1xi64>, cpu_tensor<1xi64>) -> cpu_tensor<i32>
            (%1214) = "cast(phi_kernel)" (%1213) {dtype:int64,kernel_key:<backend:CPU|layout:NCHW|dtype:int32>,kernel_name:"cast",op_name:"pd_op.cast",origin_id:2894,stop_gradient:[false]} : (cpu_tensor<i32>) -> cpu_tensor<i64>
            (%1215) = "memcpy_h2d(phi_kernel)" (%1214) {dst_place_type:1,kernel_key:<backend:CUSTOM|layout:NCHW|dtype:int64>,kernel_name:"memcpy_h2d",op_name:"pd_op.memcpy_h2d",origin_id:2895} : (cpu_tensor<i64>) -> custom_device_tensor<i64>
            (%1216) = "add(phi_kernel)" (%arg_15, %1215) {kernel_key:<backend:mlu|layout:NCHW|dtype:int64>,kernel_name:"add",op_name:"pd_op.add",origin_id:2896,stop_gradient:[true]} : (custom_device_tensor<i64>, custom_device_tensor<i64>) -> custom_device_tensor<i64>
            (%1217) = "builtin.combine" [id:2897] (%arg_15) {origin_id:927,stop_gradient:[true]} : (custom_device_tensor<i64>) -> vec[custom_device_tensor<i64>]
            (%1218) = "stack(phi_kernel)" (%1217) {axis:0,kernel_key:<backend:mlu|layout:NCHW|dtype:int64>,kernel_name:"stack",op_name:"pd_op.stack",origin_id:2898,stop_gradient:[true]} : (vec[custom_device_tensor<i64>]) -> custom_device_tensor<1xi64>
            (%1219) = "builtin.combine" [id:2899] (%1216) {origin_id:929,stop_gradient:[true]} : (custom_device_tensor<i64>) -> vec[custom_device_tensor<i64>]
            (%1220) = "stack(phi_kernel)" (%1219) {axis:0,kernel_key:<backend:mlu|layout:NCHW|dtype:int64>,kernel_name:"stack",op_name:"pd_op.stack",origin_id:2900,stop_gradient:[true]} : (vec[custom_device_tensor<i64>]) -> custom_device_tensor<1xi64>
            (%1221) = "slice(phi_kernel)" (%1048, %1218, %1220) {axes:[0],decrease_axis:[],infer_flags:[-1],kernel_key:<backend:CPU|layout:NCHW|dtype:float32>,kernel_name:"slice",op_name:"pd_op.slice",origin_id:2901,stop_gradient:[false]} : (cpu_tensor<-1x6xf32>, custom_device_tensor<1xi64>, custom_device_tensor<1xi64>) -> cpu_tensor<-1x6xf32>
            (%1222) = "memcpy_d2h(phi_kernel)" (%1194) {dst_place_type:0,kernel_key:<backend:mlu|layout:NCHW|dtype:int64>,kernel_name:"memcpy_d2h",op_name:"pd_op.memcpy_d2h",origin_id:2902} : (custom_device_tensor<i64>) -> cpu_tensor<i64>
            (%1223) = "scale(phi_kernel)" (%1222, %12) {bias:1,bias_after_scale:true,kernel_key:<backend:CPU|layout:NCHW|dtype:int64>,kernel_name:"scale",op_name:"pd_op.scale",origin_id:2903,stop_gradient:[true]} : (cpu_tensor<i64>, cpu_tensor<1xf32>) -> cpu_tensor<i64>
            (%1224) = "builtin.combine" [id:2904] (%1194) {origin_id:934,stop_gradient:[true]} : (custom_device_tensor<i64>) -> vec[custom_device_tensor<i64>]
            (%1225) = "stack(phi_kernel)" (%1224) {axis:0,kernel_key:<backend:mlu|layout:NCHW|dtype:int64>,kernel_name:"stack",op_name:"pd_op.stack",origin_id:2905,stop_gradient:[true]} : (vec[custom_device_tensor<i64>]) -> custom_device_tensor<1xi64>
            (%1226) = "builtin.combine" [id:2906] (%1223) {origin_id:936,stop_gradient:[true]} : (cpu_tensor<i64>) -> vec[cpu_tensor<i64>]
            (%1227) = "stack(phi_kernel)" (%1226) {axis:0,kernel_key:<backend:CPU|layout:NCHW|dtype:int64>,kernel_name:"stack",op_name:"pd_op.stack",origin_id:2907,stop_gradient:[true]} : (vec[cpu_tensor<i64>]) -> cpu_tensor<1xi64>
            (%1228) = "slice(phi_kernel)" (%1050, %1225, %1227) {axes:[0],decrease_axis:[],infer_flags:[-1],kernel_key:<backend:CPU|layout:NCHW|dtype:int32>,kernel_name:"slice",op_name:"pd_op.slice",origin_id:2908,stop_gradient:[false]} : (cpu_tensor<-1xi32>, custom_device_tensor<1xi64>, cpu_tensor<1xi64>) -> cpu_tensor<-1xi32>
            (%1229) = "memcpy_d2h(phi_kernel)" (%1194) {dst_place_type:0,kernel_key:<backend:mlu|layout:NCHW|dtype:int64>,kernel_name:"memcpy_d2h",op_name:"pd_op.memcpy_d2h",origin_id:2909} : (custom_device_tensor<i64>) -> cpu_tensor<i64>
            (%1230) = "scale(phi_kernel)" (%1229, %12) {bias:1,bias_after_scale:true,kernel_key:<backend:CPU|layout:NCHW|dtype:int64>,kernel_name:"scale",op_name:"pd_op.scale",origin_id:2910,stop_gradient:[true]} : (cpu_tensor<i64>, cpu_tensor<1xf32>) -> cpu_tensor<i64>
            (%1231) = "builtin.combine" [id:2911] (%1194) {origin_id:941,stop_gradient:[true]} : (custom_device_tensor<i64>) -> vec[custom_device_tensor<i64>]
            (%1232) = "stack(phi_kernel)" (%1231) {axis:0,kernel_key:<backend:mlu|layout:NCHW|dtype:int64>,kernel_name:"stack",op_name:"pd_op.stack",origin_id:2912,stop_gradient:[true]} : (vec[custom_device_tensor<i64>]) -> custom_device_tensor<1xi64>
            (%1233) = "builtin.combine" [id:2913] (%1230) {origin_id:943,stop_gradient:[true]} : (cpu_tensor<i64>) -> vec[cpu_tensor<i64>]
            (%1234) = "stack(phi_kernel)" (%1233) {axis:0,kernel_key:<backend:CPU|layout:NCHW|dtype:int64>,kernel_name:"stack",op_name:"pd_op.stack",origin_id:2914,stop_gradient:[true]} : (vec[cpu_tensor<i64>]) -> cpu_tensor<1xi64>
            (%1235) = "slice(phi_kernel)" (%1050, %1232, %1234) {axes:[0],decrease_axis:[0],infer_flags:[-1],kernel_key:<backend:CPU|layout:NCHW|dtype:int32>,kernel_name:"slice",op_name:"pd_op.slice",origin_id:2915,stop_gradient:[false]} : (cpu_tensor<-1xi32>, custom_device_tensor<1xi64>, cpu_tensor<1xi64>) -> cpu_tensor<i32>
            (%1236) = "cast(phi_kernel)" (%1235) {dtype:int64,kernel_key:<backend:CPU|layout:NCHW|dtype:int32>,kernel_name:"cast",op_name:"pd_op.cast",origin_id:2916,stop_gradient:[false]} : (cpu_tensor<i32>) -> cpu_tensor<i64>
            (%1237) = "memcpy_h2d(phi_kernel)" (%1236) {dst_place_type:1,kernel_key:<backend:CUSTOM|layout:NCHW|dtype:int64>,kernel_name:"memcpy_h2d",op_name:"pd_op.memcpy_h2d",origin_id:2917} : (cpu_tensor<i64>) -> custom_device_tensor<i64>
            (%1238) = "add(phi_kernel)" (%arg_15, %1237) {kernel_key:<backend:mlu|layout:NCHW|dtype:int64>,kernel_name:"add",op_name:"pd_op.add",origin_id:2918,stop_gradient:[false]} : (custom_device_tensor<i64>, custom_device_tensor<i64>) -> custom_device_tensor<i64>
            (%1239) = "memcpy_h2d(phi_kernel)" (%1228) {dst_place_type:1,kernel_key:<backend:CUSTOM|layout:Undefined(AnyLayout)|dtype:int32>,kernel_name:"memcpy_h2d",op_name:"pd_op.memcpy_h2d",origin_id:2919} : (cpu_tensor<-1xi32>) -> custom_device_tensor<-1xi32>
            (%1240) = "memcpy_h2d(phi_kernel)" (%1221) {dst_place_type:1,kernel_key:<backend:CUSTOM|layout:Undefined(AnyLayout)|dtype:float32>,kernel_name:"memcpy_h2d",op_name:"pd_op.memcpy_h2d",origin_id:2920} : (cpu_tensor<-1x6xf32>) -> custom_device_tensor<-1x6xf32>
            () = "cf.yield" [id:2921] (%1239, %1240, %1238) {origin_id:948} : (custom_device_tensor<-1xi32>, custom_device_tensor<-1x6xf32>, custom_device_tensor<i64>) -> 
        }
        (%1241) = "array_length(phi_kernel)" (%1174) {kernel_key:<backend:CPU|layout:Undefined(AnyLayout)|dtype:int64>,kernel_name:"array_length",op_name:"pd_op.array_length",origin_id:2922} : (cpu_tensor_array<f32>) -> cpu_tensor<1xi64>
        (%1242) = "memcpy_d2h(phi_kernel)" (%1205) {dst_place_type:0,kernel_key:<backend:mlu|layout:Undefined(AnyLayout)|dtype:float32>,kernel_name:"memcpy_d2h",op_name:"pd_op.memcpy_d2h",origin_id:2923} : (custom_device_tensor<-1x6xf32>) -> cpu_tensor<-1x6xf32>
        (%1243) = "array_write_(phi_kernel)" (%1174, %1242, %1241) {is_inplace:true,kernel_key:<backend:CPU|layout:Undefined(AnyLayout)|dtype:float32>,kernel_name:"array_write",op_name:"pd_op.array_write_",origin_id:2924} : (cpu_tensor_array<f32>, cpu_tensor<-1x6xf32>, cpu_tensor<1xi64>) -> cpu_tensor_array<f32>
        (%1244) = "array_length(phi_kernel)" (%1175) {kernel_key:<backend:CPU|layout:Undefined(AnyLayout)|dtype:int64>,kernel_name:"array_length",op_name:"pd_op.array_length",origin_id:2925} : (cpu_tensor_array<i32>) -> cpu_tensor<1xi64>
        (%1245) = "memcpy_d2h(phi_kernel)" (%1204) {dst_place_type:0,kernel_key:<backend:mlu|layout:Undefined(AnyLayout)|dtype:int32>,kernel_name:"memcpy_d2h",op_name:"pd_op.memcpy_d2h",origin_id:2926} : (custom_device_tensor<-1xi32>) -> cpu_tensor<-1xi32>
        (%1246) = "array_write_(phi_kernel)" (%1175, %1245, %1244) {is_inplace:true,kernel_key:<backend:CPU|layout:Undefined(AnyLayout)|dtype:int32>,kernel_name:"array_write",op_name:"pd_op.array_write_",origin_id:2927} : (cpu_tensor_array<i32>, cpu_tensor<-1xi32>, cpu_tensor<1xi64>) -> cpu_tensor_array<i32>
        (%1247) = "memcpy_d2h(phi_kernel)" (%arg_14) {dst_place_type:0,kernel_key:<backend:mlu|layout:NCHW|dtype:int64>,kernel_name:"memcpy_d2h",op_name:"pd_op.memcpy_d2h",origin_id:2928} : (custom_device_tensor<i64>) -> cpu_tensor<i64>
        (%1248) = "scale(phi_kernel)" (%1247, %12) {bias:1,bias_after_scale:true,kernel_key:<backend:CPU|layout:NCHW|dtype:int64>,kernel_name:"scale",op_name:"pd_op.scale",origin_id:2929,stop_gradient:[true]} : (cpu_tensor<i64>, cpu_tensor<1xf32>) -> cpu_tensor<i64>
        (%1249) = "less_than(phi_kernel)" (%1248, %1173) {kernel_key:<backend:CPU|layout:NCHW|dtype:int64>,kernel_name:"less_than",op_name:"pd_op.less_than",origin_id:2930,stop_gradient:[true]} : (cpu_tensor<i64>, cpu_tensor<i64>) -> cpu_tensor<b>
        (%1250) = "memcpy_h2d(phi_kernel)" (%1249) {dst_place_type:1,kernel_key:<backend:CUSTOM|layout:Undefined(AnyLayout)|dtype:bool>,kernel_name:"memcpy_h2d",op_name:"pd_op.memcpy_h2d",origin_id:2931} : (cpu_tensor<b>) -> custom_device_tensor<b>
        (%1251) = "memcpy_h2d(phi_kernel)" (%1248) {dst_place_type:1,kernel_key:<backend:CUSTOM|layout:Undefined(AnyLayout)|dtype:int64>,kernel_name:"memcpy_h2d",op_name:"pd_op.memcpy_h2d",origin_id:2932} : (cpu_tensor<i64>) -> custom_device_tensor<i64>
        () = "cf.yield" [id:2933] (%1250, %1251, %1206, %1204, %1205, %1194) {origin_id:956} : (custom_device_tensor<b>, custom_device_tensor<i64>, custom_device_tensor<i64>, custom_device_tensor<-1xi32>, custom_device_tensor<-1x6xf32>, custom_device_tensor<i64>) -> 
    }
    (%1252, %1253) = "array_to_tensor(phi_kernel)" (%1174) {axis:0,kernel_key:<backend:CPU|layout:NCHW|dtype:float32>,kernel_name:"array_to_tensor",op_name:"pd_op.array_to_tensor",origin_id:2934,stop_gradient:[true,true],use_stack:false} : (cpu_tensor_array<f32>) -> cpu_tensor<-1x6xf32>, cpu_tensor<-1xi32>
    (%1254, %1255) = "array_to_tensor(phi_kernel)" (%1175) {axis:0,kernel_key:<backend:CPU|layout:NCHW|dtype:int32>,kernel_name:"array_to_tensor",op_name:"pd_op.array_to_tensor",origin_id:2935,stop_gradient:[true,true],use_stack:false} : (cpu_tensor_array<i32>) -> cpu_tensor<-1xi32>, cpu_tensor<-1xi32>
    (%1256) = "divide(phi_kernel)" (%333, %337) {kernel_key:<backend:mlu|layout:NCHW|dtype:float32>,kernel_name:"divide",op_name:"pd_op.divide",origin_id:2936,stop_gradient:[false]} : (custom_device_tensor<-1x2xf32>, custom_device_tensor<-1x2xf32>) -> custom_device_tensor<-1x2xf32>
    (%1257) = "scale(phi_kernel)" (%1256, %26) {bias:0.5,bias_after_scale:true,kernel_key:<backend:mlu|layout:NCHW|dtype:float32>,kernel_name:"scale",op_name:"pd_op.scale",origin_id:2937,stop_gradient:[false]} : (custom_device_tensor<-1x2xf32>, cpu_tensor<1xf32>) -> custom_device_tensor<-1x2xf32>
    (%1258) = "floor(phi_kernel)" (%1257) {kernel_key:<backend:mlu|layout:NCHW|dtype:float32>,kernel_name:"floor",op_name:"pd_op.floor",origin_id:2938,stop_gradient:[false]} : (custom_device_tensor<-1x2xf32>) -> custom_device_tensor<-1x2xf32>
    (%1259) = "shape64(phi_kernel)" (%1254) {kernel_key:<backend:CPU|layout:NCHW|dtype:int32>,kernel_name:"shape64",op_name:"pd_op.shape64",origin_id:2939,stop_gradient:[true]} : (cpu_tensor<-1xi32>) -> cpu_tensor<1xi64>
    (%1260) = "slice(phi_kernel)" (%1259, %44, %43) {axes:[0],decrease_axis:[0],infer_flags:[1],kernel_key:<backend:CPU|layout:NCHW|dtype:int64>,kernel_name:"slice",op_name:"pd_op.slice",origin_id:2940,stop_gradient:[true]} : (cpu_tensor<1xi64>, cpu_tensor<1xi64>, cpu_tensor<1xi64>) -> cpu_tensor<i64>
    (%1261) = "arange(phi_kernel)" (%42, %1260, %41) {dtype:int64,kernel_key:<backend:mlu|layout:Undefined(AnyLayout)|dtype:int64>,kernel_name:"arange",op_name:"pd_op.arange",origin_id:2941,place:Place(undefined:0),stop_gradient:[true]} : (cpu_tensor<1xi64>, cpu_tensor<i64>, cpu_tensor<1xi64>) -> custom_device_tensor<-1xi64>
    (%1262) = "shape64(phi_kernel)" (%1261) {kernel_key:<backend:mlu|layout:NCHW|dtype:int64>,kernel_name:"shape64",op_name:"pd_op.shape64",origin_id:2942,stop_gradient:[true]} : (custom_device_tensor<-1xi64>) -> cpu_tensor<1xi64>
    (%1263) = "slice(phi_kernel)" (%1262, %44, %43) {axes:[0],decrease_axis:[0],infer_flags:[1],kernel_key:<backend:CPU|layout:NCHW|dtype:int64>,kernel_name:"slice",op_name:"pd_op.slice",origin_id:2943,stop_gradient:[true]} : (cpu_tensor<1xi64>, cpu_tensor<1xi64>, cpu_tensor<1xi64>) -> cpu_tensor<i64>
    (%1264) = "create_array(phi_kernel)" () {dtype:Undefined,kernel_key:<backend:CPU|layout:Undefined(AnyLayout)|dtype:float32>,kernel_name:"create_array",op_name:"pd_op.create_array",origin_id:2944,stop_gradient:[true]} : () -> cpu_tensor_array<f32>
    (%1265) = "create_array(phi_kernel)" () {dtype:Undefined,kernel_key:<backend:CPU|layout:Undefined(AnyLayout)|dtype:float32>,kernel_name:"create_array",op_name:"pd_op.create_array",origin_id:2945,stop_gradient:[true]} : () -> cpu_tensor_array<f32>
    (%1266) = "full(phi_kernel)" () {dtype:int64,kernel_key:<backend:mlu|layout:Undefined(AnyLayout)|dtype:int64>,kernel_name:"full",op_name:"pd_op.full",origin_id:2946,place:Place(undefined:0),shape:[],stop_gradient:[true],value:0} : () -> custom_device_tensor<i64>
    (%1267) = "memcpy_h2d(phi_kernel)" (%1263) {dst_place_type:1,kernel_key:<backend:CUSTOM|layout:NCHW|dtype:int64>,kernel_name:"memcpy_h2d",op_name:"pd_op.memcpy_h2d",origin_id:2947} : (cpu_tensor<i64>) -> custom_device_tensor<i64>
    (%1268) = "less_than(phi_kernel)" (%1266, %1267) {kernel_key:<backend:mlu|layout:NCHW|dtype:int64>,kernel_name:"less_than",op_name:"pd_op.less_than",origin_id:2948,stop_gradient:[true]} : (custom_device_tensor<i64>, custom_device_tensor<i64>) -> custom_device_tensor<b>
    (%1269) = "full(phi_kernel)" () {dtype:float32,kernel_key:<backend:mlu|layout:Undefined(AnyLayout)|dtype:float32>,kernel_name:"full",op_name:"pd_op.full",origin_id:2949,place:Place(undefined:0),shape:[],stop_gradient:[false],value:0} : () -> custom_device_tensor<-1x4xf32>
    (%1270) = "full(phi_kernel)" () {dtype:float32,kernel_key:<backend:mlu|layout:Undefined(AnyLayout)|dtype:float32>,kernel_name:"full",op_name:"pd_op.full",origin_id:2950,place:Place(undefined:0),shape:[],stop_gradient:[false],value:0} : () -> custom_device_tensor<-1x2xf32>
    (%1271) = "full(phi_kernel)" () {dtype:float32,kernel_key:<backend:mlu|layout:Undefined(AnyLayout)|dtype:float32>,kernel_name:"full",op_name:"pd_op.full",origin_id:2951,place:Place(undefined:0),shape:[],stop_gradient:[false],value:0} : () -> custom_device_tensor<4xf32>
    (%1272) = "full(phi_kernel)" () {dtype:float32,kernel_key:<backend:mlu|layout:Undefined(AnyLayout)|dtype:float32>,kernel_name:"full",op_name:"pd_op.full",origin_id:2952,place:Place(undefined:0),shape:[],stop_gradient:[false],value:0} : () -> custom_device_tensor<1xf32>
    (%1273) = "full(phi_kernel)" () {dtype:float32,kernel_key:<backend:mlu|layout:Undefined(AnyLayout)|dtype:float32>,kernel_name:"full",op_name:"pd_op.full",origin_id:2953,place:Place(undefined:0),shape:[],stop_gradient:[false],value:0} : () -> custom_device_tensor<1xf32>
    (%1274, %1275, %1276, %1277, %1278, %1279, %1280) = "pd_op.while" [id:2954] (cond=%1268, inputs=%1266, %1187, %1269, %1270, %1271, %1272, %1273) { 
    ^%arg_19 {stop_gradient:true}, %arg_20 {stop_gradient:true}, %arg_21 {stop_gradient:false}, %arg_22 {stop_gradient:false}, %arg_23 {stop_gradient:false}, %arg_24 {stop_gradient:false}, %arg_25 {stop_gradient:false}
        (%1281) = "memcpy_d2h(phi_kernel)" (%arg_19) {dst_place_type:0,kernel_key:<backend:mlu|layout:NCHW|dtype:int64>,kernel_name:"memcpy_d2h",op_name:"pd_op.memcpy_d2h",origin_id:2955} : (custom_device_tensor<i64>) -> cpu_tensor<i64>
        (%1282) = "scale(phi_kernel)" (%1281, %26) {bias:1,bias_after_scale:true,kernel_key:<backend:CPU|layout:NCHW|dtype:int64>,kernel_name:"scale",op_name:"pd_op.scale",origin_id:2956,stop_gradient:[true]} : (cpu_tensor<i64>, cpu_tensor<1xf32>) -> cpu_tensor<i64>
        (%1283) = "builtin.combine" [id:2957] (%arg_19) {origin_id:986,stop_gradient:[true]} : (custom_device_tensor<i64>) -> vec[custom_device_tensor<i64>]
        (%1284) = "stack(phi_kernel)" (%1283) {axis:0,kernel_key:<backend:mlu|layout:NCHW|dtype:int64>,kernel_name:"stack",op_name:"pd_op.stack",origin_id:2958,stop_gradient:[true]} : (vec[custom_device_tensor<i64>]) -> custom_device_tensor<1xi64>
        (%1285) = "builtin.combine" [id:2959] (%1282) {origin_id:988,stop_gradient:[true]} : (cpu_tensor<i64>) -> vec[cpu_tensor<i64>]
        (%1286) = "stack(phi_kernel)" (%1285) {axis:0,kernel_key:<backend:CPU|layout:NCHW|dtype:int64>,kernel_name:"stack",op_name:"pd_op.stack",origin_id:2960,stop_gradient:[true]} : (vec[cpu_tensor<i64>]) -> cpu_tensor<1xi64>
        (%1287) = "slice(phi_kernel)" (%1261, %1284, %1286) {axes:[0],decrease_axis:[0],infer_flags:[-1],kernel_key:<backend:mlu|layout:NCHW|dtype:int64>,kernel_name:"slice",op_name:"pd_op.slice",origin_id:2961,stop_gradient:[true]} : (custom_device_tensor<-1xi64>, custom_device_tensor<1xi64>, cpu_tensor<1xi64>) -> custom_device_tensor<i64>
        (%1288) = "memcpy_d2h(phi_kernel)" (%1287) {dst_place_type:0,kernel_key:<backend:mlu|layout:NCHW|dtype:int64>,kernel_name:"memcpy_d2h",op_name:"pd_op.memcpy_d2h",origin_id:2962} : (custom_device_tensor<i64>) -> cpu_tensor<i64>
        (%1289) = "scale(phi_kernel)" (%1288, %26) {bias:1,bias_after_scale:true,kernel_key:<backend:CPU|layout:NCHW|dtype:int64>,kernel_name:"scale",op_name:"pd_op.scale",origin_id:2963,stop_gradient:[true]} : (cpu_tensor<i64>, cpu_tensor<1xf32>) -> cpu_tensor<i64>
        (%1290) = "builtin.combine" [id:2964] (%1287) {origin_id:993,stop_gradient:[true]} : (custom_device_tensor<i64>) -> vec[custom_device_tensor<i64>]
        (%1291) = "stack(phi_kernel)" (%1290) {axis:0,kernel_key:<backend:mlu|layout:NCHW|dtype:int64>,kernel_name:"stack",op_name:"pd_op.stack",origin_id:2965,stop_gradient:[true]} : (vec[custom_device_tensor<i64>]) -> custom_device_tensor<1xi64>
        (%1292) = "builtin.combine" [id:2966] (%1289) {origin_id:995,stop_gradient:[true]} : (cpu_tensor<i64>) -> vec[cpu_tensor<i64>]
        (%1293) = "stack(phi_kernel)" (%1292) {axis:0,kernel_key:<backend:CPU|layout:NCHW|dtype:int64>,kernel_name:"stack",op_name:"pd_op.stack",origin_id:2967,stop_gradient:[true]} : (vec[cpu_tensor<i64>]) -> cpu_tensor<1xi64>
        (%1294) = "slice(phi_kernel)" (%1258, %1291, %1293) {axes:[0],decrease_axis:[],infer_flags:[-1],kernel_key:<backend:mlu|layout:NCHW|dtype:float32>,kernel_name:"slice",op_name:"pd_op.slice",origin_id:2968,stop_gradient:[false]} : (custom_device_tensor<-1x2xf32>, custom_device_tensor<1xi64>, cpu_tensor<1xi64>) -> custom_device_tensor<-1x2xf32>
        (%1295) = "memcpy_d2h(phi_kernel)" (%1287) {dst_place_type:0,kernel_key:<backend:mlu|layout:NCHW|dtype:int64>,kernel_name:"memcpy_d2h",op_name:"pd_op.memcpy_d2h",origin_id:2969} : (custom_device_tensor<i64>) -> cpu_tensor<i64>
        (%1296) = "scale(phi_kernel)" (%1295, %26) {bias:1,bias_after_scale:true,kernel_key:<backend:CPU|layout:NCHW|dtype:int64>,kernel_name:"scale",op_name:"pd_op.scale",origin_id:2970,stop_gradient:[true]} : (cpu_tensor<i64>, cpu_tensor<1xf32>) -> cpu_tensor<i64>
        (%1297) = "builtin.combine" [id:2971] (%1287) {origin_id:1000,stop_gradient:[true]} : (custom_device_tensor<i64>) -> vec[custom_device_tensor<i64>]
        (%1298) = "stack(phi_kernel)" (%1297) {axis:0,kernel_key:<backend:mlu|layout:NCHW|dtype:int64>,kernel_name:"stack",op_name:"pd_op.stack",origin_id:2972,stop_gradient:[true]} : (vec[custom_device_tensor<i64>]) -> custom_device_tensor<1xi64>
        (%1299) = "builtin.combine" [id:2973] (%1296) {origin_id:1002,stop_gradient:[true]} : (cpu_tensor<i64>) -> vec[cpu_tensor<i64>]
        (%1300) = "stack(phi_kernel)" (%1299) {axis:0,kernel_key:<backend:CPU|layout:NCHW|dtype:int64>,kernel_name:"stack",op_name:"pd_op.stack",origin_id:2974,stop_gradient:[true]} : (vec[cpu_tensor<i64>]) -> cpu_tensor<1xi64>
        (%1301) = "slice(phi_kernel)" (%1254, %1298, %1300) {axes:[0],decrease_axis:[],infer_flags:[-1],kernel_key:<backend:CPU|layout:NCHW|dtype:int32>,kernel_name:"slice",op_name:"pd_op.slice",origin_id:2975,stop_gradient:[true]} : (cpu_tensor<-1xi32>, custom_device_tensor<1xi64>, cpu_tensor<1xi64>) -> cpu_tensor<-1xi32>
        (%1302) = "cast(phi_kernel)" (%1301) {dtype:int64,kernel_key:<backend:CPU|layout:NCHW|dtype:int32>,kernel_name:"cast",op_name:"pd_op.cast",origin_id:2976,stop_gradient:[true]} : (cpu_tensor<-1xi32>) -> cpu_tensor<-1xi64>
        (%1303) = "reshape(phi_kernel)" (%1302, %10) {kernel_key:<backend:CPU|layout:NCHW|dtype:int64>,kernel_name:"reshape",op_name:"pd_op.reshape",origin_id:2977,stop_gradient:[true]} : (cpu_tensor<-1xi64>, cpu_tensor<0xi64>) -> cpu_tensor<i64>
        (%1304) = "builtin.combine" [id:2978] (%1303, %9) {origin_id:1009,stop_gradient:[true]} : (cpu_tensor<i64>, cpu_tensor<i64>) -> vec[cpu_tensor<i64>,cpu_tensor<i64>]
        (%1305) = "stack(phi_kernel)" (%1304) {axis:0,kernel_key:<backend:CPU|layout:NCHW|dtype:int64>,kernel_name:"stack",op_name:"pd_op.stack",origin_id:2979,stop_gradient:[true]} : (vec[cpu_tensor<i64>,cpu_tensor<i64>]) -> cpu_tensor<2xi64>
        (%1306) = "expand(phi_kernel)" (%1294, %1305) {kernel_key:<backend:mlu|layout:NCHW|dtype:float32>,kernel_name:"expand",op_name:"pd_op.expand",origin_id:2980,stop_gradient:[false]} : (custom_device_tensor<-1x2xf32>, cpu_tensor<2xi64>) -> custom_device_tensor<-1x2xf32>
        (%1307) = "memcpy_d2h(phi_kernel)" (%1287) {dst_place_type:0,kernel_key:<backend:mlu|layout:NCHW|dtype:int64>,kernel_name:"memcpy_d2h",op_name:"pd_op.memcpy_d2h",origin_id:2981} : (custom_device_tensor<i64>) -> cpu_tensor<i64>
        (%1308) = "scale(phi_kernel)" (%1307, %26) {bias:1,bias_after_scale:true,kernel_key:<backend:CPU|layout:NCHW|dtype:int64>,kernel_name:"scale",op_name:"pd_op.scale",origin_id:2982,stop_gradient:[true]} : (cpu_tensor<i64>, cpu_tensor<1xf32>) -> cpu_tensor<i64>
        (%1309) = "builtin.combine" [id:2983] (%1287, %8) {origin_id:1020,stop_gradient:[true]} : (custom_device_tensor<i64>, cpu_tensor<i64>) -> vec[custom_device_tensor<i64>,cpu_tensor<i64>]
        (%1310) = "memcpy_h2d(phi_kernel)" (%8) {dst_place_type:1,kernel_key:<backend:CUSTOM|layout:NCHW|dtype:int64>,kernel_name:"memcpy_h2d",op_name:"pd_op.memcpy_h2d",origin_id:2984,persistable:[true]} : (cpu_tensor<i64>) -> custom_device_tensor<i64>
        (%1311) = "builtin.combine" [id:2985] (%1287, %1310) {origin_id:2985} : (custom_device_tensor<i64>, custom_device_tensor<i64>) -> vec[custom_device_tensor<i64>,custom_device_tensor<i64>]
        (%1312) = "stack(phi_kernel)" (%1311) {axis:0,kernel_key:<backend:mlu|layout:NCHW|dtype:int64>,kernel_name:"stack",op_name:"pd_op.stack",origin_id:2986,stop_gradient:[true]} : (vec[custom_device_tensor<i64>,custom_device_tensor<i64>]) -> custom_device_tensor<2xi64>
        (%1313) = "builtin.combine" [id:2987] (%1308, %7) {origin_id:1022,stop_gradient:[true]} : (cpu_tensor<i64>, cpu_tensor<i64>) -> vec[cpu_tensor<i64>,cpu_tensor<i64>]
        (%1314) = "stack(phi_kernel)" (%1313) {axis:0,kernel_key:<backend:CPU|layout:NCHW|dtype:int64>,kernel_name:"stack",op_name:"pd_op.stack",origin_id:2988,stop_gradient:[true]} : (vec[cpu_tensor<i64>,cpu_tensor<i64>]) -> cpu_tensor<2xi64>
        (%1315) = "slice(phi_kernel)" (%337, %1312, %1314) {axes:[0,1],decrease_axis:[0,1],infer_flags:[-1,1],kernel_key:<backend:mlu|layout:NCHW|dtype:float32>,kernel_name:"slice",op_name:"pd_op.slice",origin_id:2989,stop_gradient:[false]} : (custom_device_tensor<-1x2xf32>, custom_device_tensor<2xi64>, cpu_tensor<2xi64>) -> custom_device_tensor<f32>
        (%1316) = "memcpy_d2h(phi_kernel)" (%1287) {dst_place_type:0,kernel_key:<backend:mlu|layout:NCHW|dtype:int64>,kernel_name:"memcpy_d2h",op_name:"pd_op.memcpy_d2h",origin_id:2990} : (custom_device_tensor<i64>) -> cpu_tensor<i64>
        (%1317) = "scale(phi_kernel)" (%1316, %26) {bias:1,bias_after_scale:true,kernel_key:<backend:CPU|layout:NCHW|dtype:int64>,kernel_name:"scale",op_name:"pd_op.scale",origin_id:2991,stop_gradient:[true]} : (cpu_tensor<i64>, cpu_tensor<1xf32>) -> cpu_tensor<i64>
        (%1318) = "builtin.combine" [id:2992] (%1287, %7) {origin_id:1033,stop_gradient:[true]} : (custom_device_tensor<i64>, cpu_tensor<i64>) -> vec[custom_device_tensor<i64>,cpu_tensor<i64>]
        (%1319) = "memcpy_h2d(phi_kernel)" (%7) {dst_place_type:1,kernel_key:<backend:CUSTOM|layout:NCHW|dtype:int64>,kernel_name:"memcpy_h2d",op_name:"pd_op.memcpy_h2d",origin_id:2993,persistable:[true]} : (cpu_tensor<i64>) -> custom_device_tensor<i64>
        (%1320) = "builtin.combine" [id:2994] (%1287, %1319) {origin_id:2994} : (custom_device_tensor<i64>, custom_device_tensor<i64>) -> vec[custom_device_tensor<i64>,custom_device_tensor<i64>]
        (%1321) = "stack(phi_kernel)" (%1320) {axis:0,kernel_key:<backend:mlu|layout:NCHW|dtype:int64>,kernel_name:"stack",op_name:"pd_op.stack",origin_id:2995,stop_gradient:[true]} : (vec[custom_device_tensor<i64>,custom_device_tensor<i64>]) -> custom_device_tensor<2xi64>
        (%1322) = "builtin.combine" [id:2996] (%1317, %6) {origin_id:1035,stop_gradient:[true]} : (cpu_tensor<i64>, cpu_tensor<i64>) -> vec[cpu_tensor<i64>,cpu_tensor<i64>]
        (%1323) = "stack(phi_kernel)" (%1322) {axis:0,kernel_key:<backend:CPU|layout:NCHW|dtype:int64>,kernel_name:"stack",op_name:"pd_op.stack",origin_id:2997,stop_gradient:[true]} : (vec[cpu_tensor<i64>,cpu_tensor<i64>]) -> cpu_tensor<2xi64>
        (%1324) = "slice(phi_kernel)" (%337, %1321, %1323) {axes:[0,1],decrease_axis:[0,1],infer_flags:[-1,1],kernel_key:<backend:mlu|layout:NCHW|dtype:float32>,kernel_name:"slice",op_name:"pd_op.slice",origin_id:2998,stop_gradient:[false]} : (custom_device_tensor<-1x2xf32>, custom_device_tensor<2xi64>, cpu_tensor<2xi64>) -> custom_device_tensor<f32>
        (%1325) = "unsqueeze(phi_kernel)" (%1315, %44) {kernel_key:<backend:mlu|layout:NCHW|dtype:float32>,kernel_name:"unsqueeze",op_name:"pd_op.unsqueeze",origin_id:2999,stop_gradient:[false]} : (custom_device_tensor<f32>, cpu_tensor<1xi64>) -> custom_device_tensor<1xf32>
        (%1326) = "unsqueeze(phi_kernel)" (%1324, %44) {kernel_key:<backend:mlu|layout:NCHW|dtype:float32>,kernel_name:"unsqueeze",op_name:"pd_op.unsqueeze",origin_id:3000,stop_gradient:[false]} : (custom_device_tensor<f32>, cpu_tensor<1xi64>) -> custom_device_tensor<1xf32>
        (%1327) = "builtin.combine" [id:3001] (%1326, %1325, %1326, %1325) {origin_id:1043,stop_gradient:[false]} : (custom_device_tensor<1xf32>, custom_device_tensor<1xf32>, custom_device_tensor<1xf32>, custom_device_tensor<1xf32>) -> vec[custom_device_tensor<1xf32>,custom_device_tensor<1xf32>,custom_device_tensor<1xf32>,custom_device_tensor<1xf32>]
        (%1328) = "concat(phi_kernel)" (%1327, %5) {kernel_key:<backend:mlu|layout:NCHW|dtype:float32>,kernel_name:"concat",op_name:"pd_op.concat",origin_id:3002,stop_gradient:[false]} : (vec[custom_device_tensor<1xf32>,custom_device_tensor<1xf32>,custom_device_tensor<1xf32>,custom_device_tensor<1xf32>], cpu_tensor<1xi32>) -> custom_device_tensor<4xf32>
        (%1329) = "memcpy_d2h(phi_kernel)" (%1287) {dst_place_type:0,kernel_key:<backend:mlu|layout:NCHW|dtype:int64>,kernel_name:"memcpy_d2h",op_name:"pd_op.memcpy_d2h",origin_id:3003} : (custom_device_tensor<i64>) -> cpu_tensor<i64>
        (%1330) = "scale(phi_kernel)" (%1329, %26) {bias:1,bias_after_scale:true,kernel_key:<backend:CPU|layout:NCHW|dtype:int64>,kernel_name:"scale",op_name:"pd_op.scale",origin_id:3004,stop_gradient:[true]} : (cpu_tensor<i64>, cpu_tensor<1xf32>) -> cpu_tensor<i64>
        (%1331) = "builtin.combine" [id:3005] (%1287) {origin_id:1047,stop_gradient:[true]} : (custom_device_tensor<i64>) -> vec[custom_device_tensor<i64>]
        (%1332) = "stack(phi_kernel)" (%1331) {axis:0,kernel_key:<backend:mlu|layout:NCHW|dtype:int64>,kernel_name:"stack",op_name:"pd_op.stack",origin_id:3006,stop_gradient:[true]} : (vec[custom_device_tensor<i64>]) -> custom_device_tensor<1xi64>
        (%1333) = "builtin.combine" [id:3007] (%1330) {origin_id:1049,stop_gradient:[true]} : (cpu_tensor<i64>) -> vec[cpu_tensor<i64>]
        (%1334) = "stack(phi_kernel)" (%1333) {axis:0,kernel_key:<backend:CPU|layout:NCHW|dtype:int64>,kernel_name:"stack",op_name:"pd_op.stack",origin_id:3008,stop_gradient:[true]} : (vec[cpu_tensor<i64>]) -> cpu_tensor<1xi64>
        (%1335) = "slice(phi_kernel)" (%1254, %1332, %1334) {axes:[0],decrease_axis:[],infer_flags:[-1],kernel_key:<backend:CPU|layout:NCHW|dtype:int32>,kernel_name:"slice",op_name:"pd_op.slice",origin_id:3009,stop_gradient:[true]} : (cpu_tensor<-1xi32>, custom_device_tensor<1xi64>, cpu_tensor<1xi64>) -> cpu_tensor<-1xi32>
        (%1336) = "cast(phi_kernel)" (%1335) {dtype:int64,kernel_key:<backend:CPU|layout:NCHW|dtype:int32>,kernel_name:"cast",op_name:"pd_op.cast",origin_id:3010,stop_gradient:[true]} : (cpu_tensor<-1xi32>) -> cpu_tensor<-1xi64>
        (%1337) = "reshape(phi_kernel)" (%1336, %10) {kernel_key:<backend:CPU|layout:NCHW|dtype:int64>,kernel_name:"reshape",op_name:"pd_op.reshape",origin_id:3011,stop_gradient:[true]} : (cpu_tensor<-1xi64>, cpu_tensor<0xi64>) -> cpu_tensor<i64>
        (%1338) = "builtin.combine" [id:3012] (%1337, %30) {origin_id:1056,stop_gradient:[true]} : (cpu_tensor<i64>, cpu_tensor<i64>) -> vec[cpu_tensor<i64>,cpu_tensor<i64>]
        (%1339) = "stack(phi_kernel)" (%1338) {axis:0,kernel_key:<backend:CPU|layout:NCHW|dtype:int64>,kernel_name:"stack",op_name:"pd_op.stack",origin_id:3013,stop_gradient:[true]} : (vec[cpu_tensor<i64>,cpu_tensor<i64>]) -> cpu_tensor<2xi64>
        (%1340) = "expand(phi_kernel)" (%1328, %1339) {kernel_key:<backend:mlu|layout:NCHW|dtype:float32>,kernel_name:"expand",op_name:"pd_op.expand",origin_id:3014,stop_gradient:[false]} : (custom_device_tensor<4xf32>, cpu_tensor<2xi64>) -> custom_device_tensor<-1x4xf32>
        (%1341) = "array_length(phi_kernel)" (%1264) {kernel_key:<backend:CPU|layout:Undefined(AnyLayout)|dtype:int64>,kernel_name:"array_length",op_name:"pd_op.array_length",origin_id:3015} : (cpu_tensor_array<f32>) -> cpu_tensor<1xi64>
        (%1342) = "memcpy_d2h(phi_kernel)" (%1306) {dst_place_type:0,kernel_key:<backend:mlu|layout:Undefined(AnyLayout)|dtype:float32>,kernel_name:"memcpy_d2h",op_name:"pd_op.memcpy_d2h",origin_id:3016} : (custom_device_tensor<-1x2xf32>) -> cpu_tensor<-1x2xf32>
        (%1343) = "array_write_(phi_kernel)" (%1264, %1342, %1341) {is_inplace:true,kernel_key:<backend:CPU|layout:Undefined(AnyLayout)|dtype:float32>,kernel_name:"array_write",op_name:"pd_op.array_write_",origin_id:3017} : (cpu_tensor_array<f32>, cpu_tensor<-1x2xf32>, cpu_tensor<1xi64>) -> cpu_tensor_array<f32>
        (%1344) = "array_length(phi_kernel)" (%1265) {kernel_key:<backend:CPU|layout:Undefined(AnyLayout)|dtype:int64>,kernel_name:"array_length",op_name:"pd_op.array_length",origin_id:3018} : (cpu_tensor_array<f32>) -> cpu_tensor<1xi64>
        (%1345) = "memcpy_d2h(phi_kernel)" (%1340) {dst_place_type:0,kernel_key:<backend:mlu|layout:Undefined(AnyLayout)|dtype:float32>,kernel_name:"memcpy_d2h",op_name:"pd_op.memcpy_d2h",origin_id:3019} : (custom_device_tensor<-1x4xf32>) -> cpu_tensor<-1x4xf32>
        (%1346) = "array_write_(phi_kernel)" (%1265, %1345, %1344) {is_inplace:true,kernel_key:<backend:CPU|layout:Undefined(AnyLayout)|dtype:float32>,kernel_name:"array_write",op_name:"pd_op.array_write_",origin_id:3020} : (cpu_tensor_array<f32>, cpu_tensor<-1x4xf32>, cpu_tensor<1xi64>) -> cpu_tensor_array<f32>
        (%1347) = "memcpy_d2h(phi_kernel)" (%arg_19) {dst_place_type:0,kernel_key:<backend:mlu|layout:NCHW|dtype:int64>,kernel_name:"memcpy_d2h",op_name:"pd_op.memcpy_d2h",origin_id:3021} : (custom_device_tensor<i64>) -> cpu_tensor<i64>
        (%1348) = "scale(phi_kernel)" (%1347, %26) {bias:1,bias_after_scale:true,kernel_key:<backend:CPU|layout:NCHW|dtype:int64>,kernel_name:"scale",op_name:"pd_op.scale",origin_id:3022,stop_gradient:[true]} : (cpu_tensor<i64>, cpu_tensor<1xf32>) -> cpu_tensor<i64>
        (%1349) = "less_than(phi_kernel)" (%1348, %1263) {kernel_key:<backend:CPU|layout:NCHW|dtype:int64>,kernel_name:"less_than",op_name:"pd_op.less_than",origin_id:3023,stop_gradient:[true]} : (cpu_tensor<i64>, cpu_tensor<i64>) -> cpu_tensor<b>
        (%1350) = "memcpy_h2d(phi_kernel)" (%1349) {dst_place_type:1,kernel_key:<backend:CUSTOM|layout:Undefined(AnyLayout)|dtype:bool>,kernel_name:"memcpy_h2d",op_name:"pd_op.memcpy_h2d",origin_id:3024} : (cpu_tensor<b>) -> custom_device_tensor<b>
        (%1351) = "memcpy_h2d(phi_kernel)" (%1348) {dst_place_type:1,kernel_key:<backend:CUSTOM|layout:Undefined(AnyLayout)|dtype:int64>,kernel_name:"memcpy_h2d",op_name:"pd_op.memcpy_h2d",origin_id:3025} : (cpu_tensor<i64>) -> custom_device_tensor<i64>
        () = "cf.yield" [id:3026] (%1350, %1351, %1287, %1340, %1306, %1328, %1326, %1325) {origin_id:1066} : (custom_device_tensor<b>, custom_device_tensor<i64>, custom_device_tensor<i64>, custom_device_tensor<-1x4xf32>, custom_device_tensor<-1x2xf32>, custom_device_tensor<4xf32>, custom_device_tensor<1xf32>, custom_device_tensor<1xf32>) -> 
    }
    (%1352, %1353) = "array_to_tensor(phi_kernel)" (%1264) {axis:0,kernel_key:<backend:CPU|layout:NCHW|dtype:float32>,kernel_name:"array_to_tensor",op_name:"pd_op.array_to_tensor",origin_id:3027,stop_gradient:[true,true],use_stack:false} : (cpu_tensor_array<f32>) -> cpu_tensor<-1x2xf32>, cpu_tensor<-1xi32>
    (%1354, %1355) = "array_to_tensor(phi_kernel)" (%1265) {axis:0,kernel_key:<backend:CPU|layout:NCHW|dtype:float32>,kernel_name:"array_to_tensor",op_name:"pd_op.array_to_tensor",origin_id:3028,stop_gradient:[true,true],use_stack:false} : (cpu_tensor_array<f32>) -> cpu_tensor<-1x4xf32>, cpu_tensor<-1xi32>
    (%1356) = "slice(phi_kernel)" (%1252, %44, %43) {axes:[1],decrease_axis:[],infer_flags:[1],kernel_key:<backend:CPU|layout:NCHW|dtype:float32>,kernel_name:"slice",op_name:"pd_op.slice",origin_id:3029,stop_gradient:[true]} : (cpu_tensor<-1x6xf32>, cpu_tensor<1xi64>, cpu_tensor<1xi64>) -> cpu_tensor<-1x1xf32>
    (%1357) = "slice(phi_kernel)" (%1252, %43, %52) {axes:[1],decrease_axis:[],infer_flags:[1],kernel_key:<backend:CPU|layout:NCHW|dtype:float32>,kernel_name:"slice",op_name:"pd_op.slice",origin_id:3030,stop_gradient:[true]} : (cpu_tensor<-1x6xf32>, cpu_tensor<1xi64>, cpu_tensor<1xi64>) -> cpu_tensor<-1x1xf32>
    (%1358) = "slice(phi_kernel)" (%1252, %52, %36) {axes:[1],decrease_axis:[],infer_flags:[1],kernel_key:<backend:CPU|layout:NCHW|dtype:float32>,kernel_name:"slice",op_name:"pd_op.slice",origin_id:3031,stop_gradient:[true]} : (cpu_tensor<-1x6xf32>, cpu_tensor<1xi64>, cpu_tensor<1xi64>) -> cpu_tensor<-1x4xf32>
    (%1359) = "divide(phi_kernel)" (%1358, %1354) {kernel_key:<backend:CPU|layout:NCHW|dtype:float32>,kernel_name:"divide",op_name:"pd_op.divide",origin_id:3032,stop_gradient:[true]} : (cpu_tensor<-1x4xf32>, cpu_tensor<-1x4xf32>) -> cpu_tensor<-1x4xf32>
    (%1360) = "slice(phi_kernel)" (%1352, %44, %43) {axes:[1],decrease_axis:[1],infer_flags:[1],kernel_key:<backend:CPU|layout:NCHW|dtype:float32>,kernel_name:"slice",op_name:"pd_op.slice",origin_id:3033,stop_gradient:[true]} : (cpu_tensor<-1x2xf32>, cpu_tensor<1xi64>, cpu_tensor<1xi64>) -> cpu_tensor<-1xf32>
    (%1361) = "slice(phi_kernel)" (%1352, %43, %52) {axes:[1],decrease_axis:[1],infer_flags:[1],kernel_key:<backend:CPU|layout:NCHW|dtype:float32>,kernel_name:"slice",op_name:"pd_op.slice",origin_id:3034,stop_gradient:[true]} : (cpu_tensor<-1x2xf32>, cpu_tensor<1xi64>, cpu_tensor<1xi64>) -> cpu_tensor<-1xf32>
    (%1362) = "full_like(phi_kernel)" (%1360, %706) {dtype:float32,kernel_key:<backend:CPU|layout:Undefined(AnyLayout)|dtype:float32>,kernel_name:"full_like",op_name:"pd_op.full_like",origin_id:3035,place:Place(undefined:0),stop_gradient:[true]} : (cpu_tensor<-1xf32>, cpu_tensor<1xf32>) -> cpu_tensor<-1xf32>
    (%1363) = "slice(phi_kernel)" (%1359, %44, %43) {axes:[1],decrease_axis:[1],infer_flags:[1],kernel_key:<backend:CPU|layout:NCHW|dtype:float32>,kernel_name:"slice",op_name:"pd_op.slice",origin_id:3036,stop_gradient:[true]} : (cpu_tensor<-1x4xf32>, cpu_tensor<1xi64>, cpu_tensor<1xi64>) -> cpu_tensor<-1xf32>
    (%1364) = "minimum(phi_kernel)" (%1363, %1361) {kernel_key:<backend:CPU|layout:NCHW|dtype:float32>,kernel_name:"minimum",op_name:"pd_op.minimum",origin_id:3037,stop_gradient:[true]} : (cpu_tensor<-1xf32>, cpu_tensor<-1xf32>) -> cpu_tensor<-1xf32>
    (%1365) = "maximum(phi_kernel)" (%1364, %1362) {kernel_key:<backend:CPU|layout:NCHW|dtype:float32>,kernel_name:"maximum",op_name:"pd_op.maximum",origin_id:3038,stop_gradient:[true]} : (cpu_tensor<-1xf32>, cpu_tensor<-1xf32>) -> cpu_tensor<-1xf32>
    (%1366) = "slice(phi_kernel)" (%1359, %43, %52) {axes:[1],decrease_axis:[1],infer_flags:[1],kernel_key:<backend:CPU|layout:NCHW|dtype:float32>,kernel_name:"slice",op_name:"pd_op.slice",origin_id:3039,stop_gradient:[true]} : (cpu_tensor<-1x4xf32>, cpu_tensor<1xi64>, cpu_tensor<1xi64>) -> cpu_tensor<-1xf32>
    (%1367) = "minimum(phi_kernel)" (%1366, %1360) {kernel_key:<backend:CPU|layout:NCHW|dtype:float32>,kernel_name:"minimum",op_name:"pd_op.minimum",origin_id:3040,stop_gradient:[true]} : (cpu_tensor<-1xf32>, cpu_tensor<-1xf32>) -> cpu_tensor<-1xf32>
    (%1368) = "maximum(phi_kernel)" (%1367, %1362) {kernel_key:<backend:CPU|layout:NCHW|dtype:float32>,kernel_name:"maximum",op_name:"pd_op.maximum",origin_id:3041,stop_gradient:[true]} : (cpu_tensor<-1xf32>, cpu_tensor<-1xf32>) -> cpu_tensor<-1xf32>
    (%1369) = "slice(phi_kernel)" (%1359, %52, %51) {axes:[1],decrease_axis:[1],infer_flags:[1],kernel_key:<backend:CPU|layout:NCHW|dtype:float32>,kernel_name:"slice",op_name:"pd_op.slice",origin_id:3042,stop_gradient:[true]} : (cpu_tensor<-1x4xf32>, cpu_tensor<1xi64>, cpu_tensor<1xi64>) -> cpu_tensor<-1xf32>
    (%1370) = "minimum(phi_kernel)" (%1369, %1361) {kernel_key:<backend:CPU|layout:NCHW|dtype:float32>,kernel_name:"minimum",op_name:"pd_op.minimum",origin_id:3043,stop_gradient:[true]} : (cpu_tensor<-1xf32>, cpu_tensor<-1xf32>) -> cpu_tensor<-1xf32>
    (%1371) = "maximum(phi_kernel)" (%1370, %1362) {kernel_key:<backend:CPU|layout:NCHW|dtype:float32>,kernel_name:"maximum",op_name:"pd_op.maximum",origin_id:3044,stop_gradient:[true]} : (cpu_tensor<-1xf32>, cpu_tensor<-1xf32>) -> cpu_tensor<-1xf32>
    (%1372) = "slice(phi_kernel)" (%1359, %51, %50) {axes:[1],decrease_axis:[1],infer_flags:[1],kernel_key:<backend:CPU|layout:NCHW|dtype:float32>,kernel_name:"slice",op_name:"pd_op.slice",origin_id:3045,stop_gradient:[true]} : (cpu_tensor<-1x4xf32>, cpu_tensor<1xi64>, cpu_tensor<1xi64>) -> cpu_tensor<-1xf32>
    (%1373) = "minimum(phi_kernel)" (%1372, %1360) {kernel_key:<backend:CPU|layout:NCHW|dtype:float32>,kernel_name:"minimum",op_name:"pd_op.minimum",origin_id:3046,stop_gradient:[true]} : (cpu_tensor<-1xf32>, cpu_tensor<-1xf32>) -> cpu_tensor<-1xf32>
    (%1374) = "maximum(phi_kernel)" (%1373, %1362) {kernel_key:<backend:CPU|layout:NCHW|dtype:float32>,kernel_name:"maximum",op_name:"pd_op.maximum",origin_id:3047,stop_gradient:[true]} : (cpu_tensor<-1xf32>, cpu_tensor<-1xf32>) -> cpu_tensor<-1xf32>
    (%1375) = "builtin.combine" [id:3048] (%1365, %1368, %1371, %1374) {origin_id:1107,stop_gradient:[true]} : (cpu_tensor<-1xf32>, cpu_tensor<-1xf32>, cpu_tensor<-1xf32>, cpu_tensor<-1xf32>) -> vec[cpu_tensor<-1xf32>,cpu_tensor<-1xf32>,cpu_tensor<-1xf32>,cpu_tensor<-1xf32>]
    (%1376) = "stack(phi_kernel)" (%1375) {axis:-1,kernel_key:<backend:CPU|layout:NCHW|dtype:float32>,kernel_name:"stack",op_name:"pd_op.stack",origin_id:3049,stop_gradient:[true]} : (vec[cpu_tensor<-1xf32>,cpu_tensor<-1xf32>,cpu_tensor<-1xf32>,cpu_tensor<-1xf32>]) -> cpu_tensor<-1x4xf32>
    (%1377) = "slice(phi_kernel)" (%1376, %52, %51) {axes:[1],decrease_axis:[1],infer_flags:[1],kernel_key:<backend:CPU|layout:NCHW|dtype:float32>,kernel_name:"slice",op_name:"pd_op.slice",origin_id:3050,stop_gradient:[true]} : (cpu_tensor<-1x4xf32>, cpu_tensor<1xi64>, cpu_tensor<1xi64>) -> cpu_tensor<-1xf32>
    (%1378) = "slice(phi_kernel)" (%1376, %44, %43) {axes:[1],decrease_axis:[1],infer_flags:[1],kernel_key:<backend:CPU|layout:NCHW|dtype:float32>,kernel_name:"slice",op_name:"pd_op.slice",origin_id:3051,stop_gradient:[true]} : (cpu_tensor<-1x4xf32>, cpu_tensor<1xi64>, cpu_tensor<1xi64>) -> cpu_tensor<-1xf32>
    (%1379) = "subtract(phi_kernel)" (%1377, %1378) {kernel_key:<backend:CPU|layout:NCHW|dtype:float32>,kernel_name:"subtract",op_name:"pd_op.subtract",origin_id:3052,stop_gradient:[true]} : (cpu_tensor<-1xf32>, cpu_tensor<-1xf32>) -> cpu_tensor<-1xf32>
    (%1380) = "slice(phi_kernel)" (%1376, %51, %50) {axes:[1],decrease_axis:[1],infer_flags:[1],kernel_key:<backend:CPU|layout:NCHW|dtype:float32>,kernel_name:"slice",op_name:"pd_op.slice",origin_id:3053,stop_gradient:[true]} : (cpu_tensor<-1x4xf32>, cpu_tensor<1xi64>, cpu_tensor<1xi64>) -> cpu_tensor<-1xf32>
    (%1381) = "slice(phi_kernel)" (%1376, %43, %52) {axes:[1],decrease_axis:[1],infer_flags:[1],kernel_key:<backend:CPU|layout:NCHW|dtype:float32>,kernel_name:"slice",op_name:"pd_op.slice",origin_id:3054,stop_gradient:[true]} : (cpu_tensor<-1x4xf32>, cpu_tensor<1xi64>, cpu_tensor<1xi64>) -> cpu_tensor<-1xf32>
    (%1382) = "subtract(phi_kernel)" (%1380, %1381) {kernel_key:<backend:CPU|layout:NCHW|dtype:float32>,kernel_name:"subtract",op_name:"pd_op.subtract",origin_id:3055,stop_gradient:[true]} : (cpu_tensor<-1xf32>, cpu_tensor<-1xf32>) -> cpu_tensor<-1xf32>
    (%1383) = "memcpy_h2d(phi_kernel)" (%1382) {dst_place_type:1,kernel_key:<backend:CUSTOM|layout:NCHW|dtype:float32>,kernel_name:"memcpy_h2d",op_name:"pd_op.memcpy_h2d",origin_id:3056} : (cpu_tensor<-1xf32>) -> custom_device_tensor<-1xf32>
    (%1384) = "greater_than(phi_kernel)" (%1383, %25) {kernel_key:<backend:mlu|layout:NCHW|dtype:float32>,kernel_name:"greater_than",op_name:"pd_op.greater_than",origin_id:3057,stop_gradient:[true]} : (custom_device_tensor<-1xf32>, custom_device_tensor<f32>) -> custom_device_tensor<-1xb>
    (%1385) = "memcpy_h2d(phi_kernel)" (%1379) {dst_place_type:1,kernel_key:<backend:CUSTOM|layout:NCHW|dtype:float32>,kernel_name:"memcpy_h2d",op_name:"pd_op.memcpy_h2d",origin_id:3058} : (cpu_tensor<-1xf32>) -> custom_device_tensor<-1xf32>
    (%1386) = "greater_than(phi_kernel)" (%1385, %25) {kernel_key:<backend:mlu|layout:NCHW|dtype:float32>,kernel_name:"greater_than",op_name:"pd_op.greater_than",origin_id:3059,stop_gradient:[true]} : (custom_device_tensor<-1xf32>, custom_device_tensor<f32>) -> custom_device_tensor<-1xb>
    (%1387) = "logical_and(phi_kernel)" (%1384, %1386) {kernel_key:<backend:mlu|layout:Undefined(AnyLayout)|dtype:bool>,kernel_name:"logical_and",op_name:"pd_op.logical_and",origin_id:3060,stop_gradient:[true]} : (custom_device_tensor<-1xb>, custom_device_tensor<-1xb>) -> custom_device_tensor<-1xb>
    (%1388) = "unsqueeze(phi_kernel)" (%1387, %43) {kernel_key:<backend:mlu|layout:NCHW|dtype:bool>,kernel_name:"unsqueeze",op_name:"pd_op.unsqueeze",origin_id:3061,stop_gradient:[true]} : (custom_device_tensor<-1xb>, cpu_tensor<1xi64>) -> custom_device_tensor<-1x1xb>
    (%1389) = "full_like(phi_kernel)" (%1356, %26) {dtype:float32,kernel_key:<backend:CPU|layout:Undefined(AnyLayout)|dtype:float32>,kernel_name:"full_like",op_name:"pd_op.full_like",origin_id:3062,place:Place(undefined:0),stop_gradient:[true]} : (cpu_tensor<-1x1xf32>, cpu_tensor<1xf32>) -> cpu_tensor<-1x1xf32>
    (%1390) = "scale(phi_kernel)" (%1389, %24) {bias:0,bias_after_scale:true,kernel_key:<backend:CPU|layout:NCHW|dtype:float32>,kernel_name:"scale",op_name:"pd_op.scale",origin_id:3063,stop_gradient:[true]} : (cpu_tensor<-1x1xf32>, cpu_tensor<1xf32>) -> cpu_tensor<-1x1xf32>
    (%1391) = "memcpy_h2d(phi_kernel)" (%1356) {dst_place_type:1,kernel_key:<backend:CUSTOM|layout:NCHW|dtype:float32>,kernel_name:"memcpy_h2d",op_name:"pd_op.memcpy_h2d",origin_id:3064} : (cpu_tensor<-1x1xf32>) -> custom_device_tensor<-1x1xf32>
    (%1392) = "memcpy_h2d(phi_kernel)" (%1390) {dst_place_type:1,kernel_key:<backend:CUSTOM|layout:NCHW|dtype:float32>,kernel_name:"memcpy_h2d",op_name:"pd_op.memcpy_h2d",origin_id:3065} : (cpu_tensor<-1x1xf32>) -> custom_device_tensor<-1x1xf32>
    (%1393) = "where(phi_kernel)" (%1388, %1391, %1392) {kernel_key:<backend:mlu|layout:NCHW|dtype:float32>,kernel_name:"where",op_name:"pd_op.where",origin_id:3066,stop_gradient:[true]} : (custom_device_tensor<-1x1xb>, custom_device_tensor<-1x1xf32>, custom_device_tensor<-1x1xf32>) -> custom_device_tensor<-1x1xf32>
    (%1394) = "builtin.combine" [id:3067] (%1393, %1357, %1376) {origin_id:1136,stop_gradient:[true]} : (custom_device_tensor<-1x1xf32>, cpu_tensor<-1x1xf32>, cpu_tensor<-1x4xf32>) -> vec[custom_device_tensor<-1x1xf32>,cpu_tensor<-1x1xf32>,cpu_tensor<-1x4xf32>]
    (%1395) = "memcpy_h2d(phi_kernel)" (%1357) {dst_place_type:1,kernel_key:<backend:CUSTOM|layout:NCHW|dtype:float32>,kernel_name:"memcpy_h2d",op_name:"pd_op.memcpy_h2d",origin_id:3068} : (cpu_tensor<-1x1xf32>) -> custom_device_tensor<-1x1xf32>
    (%1396) = "memcpy_h2d(phi_kernel)" (%1376) {dst_place_type:1,kernel_key:<backend:CUSTOM|layout:NCHW|dtype:float32>,kernel_name:"memcpy_h2d",op_name:"pd_op.memcpy_h2d",origin_id:3069} : (cpu_tensor<-1x4xf32>) -> custom_device_tensor<-1x4xf32>
    (%1397) = "builtin.combine" [id:3070] (%1393, %1395, %1396) {origin_id:3070} : (custom_device_tensor<-1x1xf32>, custom_device_tensor<-1x1xf32>, custom_device_tensor<-1x4xf32>) -> vec[custom_device_tensor<-1x1xf32>,custom_device_tensor<-1x1xf32>,custom_device_tensor<-1x4xf32>]
    (%1398) = "concat(phi_kernel)" (%1397, %23) {kernel_key:<backend:mlu|layout:NCHW|dtype:float32>,kernel_name:"concat",op_name:"pd_op.concat",origin_id:3071,stop_gradient:[true]} : (vec[custom_device_tensor<-1x1xf32>,custom_device_tensor<-1x1xf32>,custom_device_tensor<-1x4xf32>], cpu_tensor<1xi32>) -> custom_device_tensor<-1x6xf32>
    (%1399) = "shape64(phi_kernel)" (%1055) {kernel_key:<backend:mlu|layout:NCHW|dtype:float32>,kernel_name:"shape64",op_name:"pd_op.shape64",origin_id:3072,stop_gradient:[true]} : (custom_device_tensor<-1x-1x-1xf32>) -> cpu_tensor<3xi64>
    (%1400) = "slice(phi_kernel)" (%1399, %44, %43) {axes:[0],decrease_axis:[0],infer_flags:[1],kernel_key:<backend:CPU|layout:NCHW|dtype:int64>,kernel_name:"slice",op_name:"pd_op.slice",origin_id:3073,stop_gradient:[true]} : (cpu_tensor<3xi64>, cpu_tensor<1xi64>, cpu_tensor<1xi64>) -> cpu_tensor<i64>
    (%1401) = "cast(phi_kernel)" (%1352) {dtype:int32,kernel_key:<backend:CPU|layout:NCHW|dtype:float32>,kernel_name:"cast",op_name:"pd_op.cast",origin_id:3074,stop_gradient:[true]} : (cpu_tensor<-1x2xf32>) -> cpu_tensor<-1x2xi32>
    (%1402) = "slice(phi_kernel)" (%1401, %44, %43) {axes:[1],decrease_axis:[1],infer_flags:[1],kernel_key:<backend:CPU|layout:NCHW|dtype:int32>,kernel_name:"slice",op_name:"pd_op.slice",origin_id:3075,stop_gradient:[true]} : (cpu_tensor<-1x2xi32>, cpu_tensor<1xi64>, cpu_tensor<1xi64>) -> cpu_tensor<-1xi32>
    (%1403) = "max(phi_kernel)" (%1402, %22) {keepdim:false,kernel_key:<backend:CPU|layout:NCHW|dtype:int32>,kernel_name:"max",op_name:"pd_op.max",origin_id:3076,stop_gradient:[true]} : (cpu_tensor<-1xi32>, cpu_tensor<0xi64>) -> cpu_tensor<i32>
    (%1404) = "slice(phi_kernel)" (%1401, %43, %52) {axes:[1],decrease_axis:[1],infer_flags:[1],kernel_key:<backend:CPU|layout:NCHW|dtype:int32>,kernel_name:"slice",op_name:"pd_op.slice",origin_id:3077,stop_gradient:[true]} : (cpu_tensor<-1x2xi32>, cpu_tensor<1xi64>, cpu_tensor<1xi64>) -> cpu_tensor<-1xi32>
    (%1405) = "max(phi_kernel)" (%1404, %22) {keepdim:false,kernel_key:<backend:CPU|layout:NCHW|dtype:int32>,kernel_name:"max",op_name:"pd_op.max",origin_id:3078,stop_gradient:[true]} : (cpu_tensor<-1xi32>, cpu_tensor<0xi64>) -> cpu_tensor<i32>
    (%1406) = "cast(phi_kernel)" (%1403) {dtype:int64,kernel_key:<backend:CPU|layout:NCHW|dtype:int32>,kernel_name:"cast",op_name:"pd_op.cast",origin_id:3079,stop_gradient:[true]} : (cpu_tensor<i32>) -> cpu_tensor<i64>
    (%1407) = "cast(phi_kernel)" (%1405) {dtype:int64,kernel_key:<backend:CPU|layout:NCHW|dtype:int32>,kernel_name:"cast",op_name:"pd_op.cast",origin_id:3080,stop_gradient:[true]} : (cpu_tensor<i32>) -> cpu_tensor<i64>
    (%1408) = "builtin.combine" [id:3081] (%1400, %1406, %1407) {origin_id:1155,stop_gradient:[true]} : (cpu_tensor<i64>, cpu_tensor<i64>, cpu_tensor<i64>) -> vec[cpu_tensor<i64>,cpu_tensor<i64>,cpu_tensor<i64>]
    (%1409) = "stack(phi_kernel)" (%1408) {axis:0,kernel_key:<backend:CPU|layout:NCHW|dtype:int64>,kernel_name:"stack",op_name:"pd_op.stack",origin_id:3082,stop_gradient:[true]} : (vec[cpu_tensor<i64>,cpu_tensor<i64>,cpu_tensor<i64>]) -> cpu_tensor<3xi64>
    (%1410) = "full_with_tensor(phi_kernel)" (%706, %1409) {dtype:int32,kernel_key:<backend:mlu|layout:Undefined(AnyLayout)|dtype:int32>,kernel_name:"full_with_tensor",op_name:"pd_op.full_with_tensor",origin_id:3083,stop_gradient:[true]} : (cpu_tensor<1xf32>, cpu_tensor<3xi64>) -> custom_device_tensor<-1x-1x-1xi32>
    (%1411) = "memcpy_d2h(phi_kernel)" (%1410) {dst_place_type:0,kernel_key:<backend:mlu|layout:NCHW|dtype:int32>,kernel_name:"memcpy_d2h",op_name:"pd_op.memcpy_d2h",origin_id:3084} : (custom_device_tensor<-1x-1x-1xi32>) -> cpu_tensor<-1x-1x-1xi32>
    (%1412) = "scale(phi_kernel)" (%1411, %26) {bias:-1,bias_after_scale:true,kernel_key:<backend:CPU|layout:NCHW|dtype:int32>,kernel_name:"scale",op_name:"pd_op.scale",origin_id:3085,stop_gradient:[true]} : (cpu_tensor<-1x-1x-1xi32>, cpu_tensor<1xf32>) -> cpu_tensor<-1x-1x-1xi32>
    (%1413) = "shape64(phi_kernel)" (%1254) {kernel_key:<backend:CPU|layout:NCHW|dtype:int32>,kernel_name:"shape64",op_name:"pd_op.shape64",origin_id:3086,stop_gradient:[true]} : (cpu_tensor<-1xi32>) -> cpu_tensor<1xi64>
    (%1414) = "slice(phi_kernel)" (%1413, %44, %43) {axes:[0],decrease_axis:[0],infer_flags:[1],kernel_key:<backend:CPU|layout:NCHW|dtype:int64>,kernel_name:"slice",op_name:"pd_op.slice",origin_id:3087,stop_gradient:[true]} : (cpu_tensor<1xi64>, cpu_tensor<1xi64>, cpu_tensor<1xi64>) -> cpu_tensor<i64>
    (%1415) = "arange(phi_kernel)" (%42, %1414, %41) {dtype:int64,kernel_key:<backend:mlu|layout:Undefined(AnyLayout)|dtype:int64>,kernel_name:"arange",op_name:"pd_op.arange",origin_id:3088,place:Place(undefined:0),stop_gradient:[true]} : (cpu_tensor<1xi64>, cpu_tensor<i64>, cpu_tensor<1xi64>) -> custom_device_tensor<-1xi64>
    (%1416) = "shape64(phi_kernel)" (%1415) {kernel_key:<backend:mlu|layout:NCHW|dtype:int64>,kernel_name:"shape64",op_name:"pd_op.shape64",origin_id:3089,stop_gradient:[true]} : (custom_device_tensor<-1xi64>) -> cpu_tensor<1xi64>
    (%1417) = "slice(phi_kernel)" (%1416, %44, %43) {axes:[0],decrease_axis:[0],infer_flags:[1],kernel_key:<backend:CPU|layout:NCHW|dtype:int64>,kernel_name:"slice",op_name:"pd_op.slice",origin_id:3090,stop_gradient:[true]} : (cpu_tensor<1xi64>, cpu_tensor<1xi64>, cpu_tensor<1xi64>) -> cpu_tensor<i64>
    (%1418) = "full(phi_kernel)" () {dtype:int64,kernel_key:<backend:mlu|layout:Undefined(AnyLayout)|dtype:int64>,kernel_name:"full",op_name:"pd_op.full",origin_id:3091,place:Place(undefined:0),shape:[],stop_gradient:[true],value:0} : () -> custom_device_tensor<i64>
    (%1419) = "full(phi_kernel)" () {dtype:int64,kernel_key:<backend:mlu|layout:Undefined(AnyLayout)|dtype:int64>,kernel_name:"full",op_name:"pd_op.full",origin_id:3092,place:Place(undefined:0),shape:[],stop_gradient:[true],value:0} : () -> custom_device_tensor<i64>
    (%1420) = "memcpy_h2d(phi_kernel)" (%1417) {dst_place_type:1,kernel_key:<backend:CUSTOM|layout:NCHW|dtype:int64>,kernel_name:"memcpy_h2d",op_name:"pd_op.memcpy_h2d",origin_id:3093} : (cpu_tensor<i64>) -> custom_device_tensor<i64>
    (%1421) = "less_than(phi_kernel)" (%1418, %1420) {kernel_key:<backend:mlu|layout:NCHW|dtype:int64>,kernel_name:"less_than",op_name:"pd_op.less_than",origin_id:3094,stop_gradient:[true]} : (custom_device_tensor<i64>, custom_device_tensor<i64>) -> custom_device_tensor<b>
    (%1422) = "full(phi_kernel)" () {dtype:float32,kernel_key:<backend:mlu|layout:Undefined(AnyLayout)|dtype:float32>,kernel_name:"full",op_name:"pd_op.full",origin_id:3095,place:Place(undefined:0),shape:[],stop_gradient:[true],value:0} : () -> custom_device_tensor<-1x6xf32>
    (%1423) = "full(phi_kernel)" () {dtype:int64,kernel_key:<backend:mlu|layout:Undefined(AnyLayout)|dtype:int64>,kernel_name:"full",op_name:"pd_op.full",origin_id:3096,place:Place(undefined:0),shape:[],stop_gradient:[true],value:0} : () -> custom_device_tensor<i64>
    (%1424) = "full(phi_kernel)" () {dtype:int32,kernel_key:<backend:mlu|layout:Undefined(AnyLayout)|dtype:int32>,kernel_name:"full",op_name:"pd_op.full",origin_id:3097,place:Place(undefined:0),shape:[],stop_gradient:[true],value:0} : () -> custom_device_tensor<i32>
    (%1425) = "full(phi_kernel)" () {dtype:int32,kernel_key:<backend:mlu|layout:Undefined(AnyLayout)|dtype:int32>,kernel_name:"full",op_name:"pd_op.full",origin_id:3098,place:Place(undefined:0),shape:[],stop_gradient:[true],value:0} : () -> custom_device_tensor<i32>
    (%1426) = "full(phi_kernel)" () {dtype:float32,kernel_key:<backend:mlu|layout:Undefined(AnyLayout)|dtype:float32>,kernel_name:"full",op_name:"pd_op.full",origin_id:3099,place:Place(undefined:0),shape:[],stop_gradient:[true],value:0} : () -> custom_device_tensor<-1x-1x-1xf32>
    (%1427) = "full(phi_kernel)" () {dtype:int32,kernel_key:<backend:mlu|layout:Undefined(AnyLayout)|dtype:int32>,kernel_name:"full",op_name:"pd_op.full",origin_id:3100,place:Place(undefined:0),shape:[],stop_gradient:[true],value:0} : () -> custom_device_tensor<-1x-1x-1xi32>
    (%1428, %1429, %1430, %1431, %1432, %1433, %1434, %1435, %1436) = "pd_op.while" [id:3101] (cond=%1421, inputs=%1418, %1419, %1412, %1422, %1423, %1424, %1425, %1426, %1427) { 
    ^%arg_26 {stop_gradient:true}, %arg_27 {stop_gradient:true}, %arg_28 {stop_gradient:true}, %arg_29 {stop_gradient:true}, %arg_30 {stop_gradient:true}, %arg_31 {stop_gradient:true}, %arg_32 {stop_gradient:true}, %arg_33 {stop_gradient:true}, %arg_34 {stop_gradient:true}
        (%1437) = "memcpy_d2h(phi_kernel)" (%arg_26) {dst_place_type:0,kernel_key:<backend:mlu|layout:NCHW|dtype:int64>,kernel_name:"memcpy_d2h",op_name:"pd_op.memcpy_d2h",origin_id:3102} : (custom_device_tensor<i64>) -> cpu_tensor<i64>
        (%1438) = "scale(phi_kernel)" (%1437, %26) {bias:1,bias_after_scale:true,kernel_key:<backend:CPU|layout:NCHW|dtype:int64>,kernel_name:"scale",op_name:"pd_op.scale",origin_id:3103,stop_gradient:[true]} : (cpu_tensor<i64>, cpu_tensor<1xf32>) -> cpu_tensor<i64>
        (%1439) = "builtin.combine" [id:3104] (%arg_26) {origin_id:1184,stop_gradient:[true]} : (custom_device_tensor<i64>) -> vec[custom_device_tensor<i64>]
        (%1440) = "stack(phi_kernel)" (%1439) {axis:0,kernel_key:<backend:mlu|layout:NCHW|dtype:int64>,kernel_name:"stack",op_name:"pd_op.stack",origin_id:3105,stop_gradient:[true]} : (vec[custom_device_tensor<i64>]) -> custom_device_tensor<1xi64>
        (%1441) = "builtin.combine" [id:3106] (%1438) {origin_id:1186,stop_gradient:[true]} : (cpu_tensor<i64>) -> vec[cpu_tensor<i64>]
        (%1442) = "stack(phi_kernel)" (%1441) {axis:0,kernel_key:<backend:CPU|layout:NCHW|dtype:int64>,kernel_name:"stack",op_name:"pd_op.stack",origin_id:3107,stop_gradient:[true]} : (vec[cpu_tensor<i64>]) -> cpu_tensor<1xi64>
        (%1443) = "slice(phi_kernel)" (%1415, %1440, %1442) {axes:[0],decrease_axis:[0],infer_flags:[-1],kernel_key:<backend:mlu|layout:NCHW|dtype:int64>,kernel_name:"slice",op_name:"pd_op.slice",origin_id:3108,stop_gradient:[true]} : (custom_device_tensor<-1xi64>, custom_device_tensor<1xi64>, cpu_tensor<1xi64>) -> custom_device_tensor<i64>
        (%1444) = "memcpy_d2h(phi_kernel)" (%1443) {dst_place_type:0,kernel_key:<backend:mlu|layout:NCHW|dtype:int64>,kernel_name:"memcpy_d2h",op_name:"pd_op.memcpy_d2h",origin_id:3109} : (custom_device_tensor<i64>) -> cpu_tensor<i64>
        (%1445) = "scale(phi_kernel)" (%1444, %26) {bias:1,bias_after_scale:true,kernel_key:<backend:CPU|layout:NCHW|dtype:int64>,kernel_name:"scale",op_name:"pd_op.scale",origin_id:3110,stop_gradient:[true]} : (cpu_tensor<i64>, cpu_tensor<1xf32>) -> cpu_tensor<i64>
        (%1446) = "builtin.combine" [id:3111] (%1443) {origin_id:1191,stop_gradient:[true]} : (custom_device_tensor<i64>) -> vec[custom_device_tensor<i64>]
        (%1447) = "stack(phi_kernel)" (%1446) {axis:0,kernel_key:<backend:mlu|layout:NCHW|dtype:int64>,kernel_name:"stack",op_name:"pd_op.stack",origin_id:3112,stop_gradient:[true]} : (vec[custom_device_tensor<i64>]) -> custom_device_tensor<1xi64>
        (%1448) = "builtin.combine" [id:3113] (%1445) {origin_id:1193,stop_gradient:[true]} : (cpu_tensor<i64>) -> vec[cpu_tensor<i64>]
        (%1449) = "stack(phi_kernel)" (%1448) {axis:0,kernel_key:<backend:CPU|layout:NCHW|dtype:int64>,kernel_name:"stack",op_name:"pd_op.stack",origin_id:3114,stop_gradient:[true]} : (vec[cpu_tensor<i64>]) -> cpu_tensor<1xi64>
        (%1450) = "slice(phi_kernel)" (%1254, %1447, %1449) {axes:[0],decrease_axis:[0],infer_flags:[-1],kernel_key:<backend:CPU|layout:NCHW|dtype:int32>,kernel_name:"slice",op_name:"pd_op.slice",origin_id:3115,stop_gradient:[true]} : (cpu_tensor<-1xi32>, custom_device_tensor<1xi64>, cpu_tensor<1xi64>) -> cpu_tensor<i32>
        (%1451) = "cast(phi_kernel)" (%1450) {dtype:int64,kernel_key:<backend:CPU|layout:NCHW|dtype:int32>,kernel_name:"cast",op_name:"pd_op.cast",origin_id:3116,stop_gradient:[true]} : (cpu_tensor<i32>) -> cpu_tensor<i64>
        (%1452) = "memcpy_h2d(phi_kernel)" (%1451) {dst_place_type:1,kernel_key:<backend:CUSTOM|layout:NCHW|dtype:int64>,kernel_name:"memcpy_h2d",op_name:"pd_op.memcpy_h2d",origin_id:3117} : (cpu_tensor<i64>) -> custom_device_tensor<i64>
        (%1453) = "add(phi_kernel)" (%arg_27, %1452) {kernel_key:<backend:mlu|layout:NCHW|dtype:int64>,kernel_name:"add",op_name:"pd_op.add",origin_id:3118,stop_gradient:[true]} : (custom_device_tensor<i64>, custom_device_tensor<i64>) -> custom_device_tensor<i64>
        (%1454) = "builtin.combine" [id:3119] (%arg_27) {origin_id:1198,stop_gradient:[true]} : (custom_device_tensor<i64>) -> vec[custom_device_tensor<i64>]
        (%1455) = "stack(phi_kernel)" (%1454) {axis:0,kernel_key:<backend:mlu|layout:NCHW|dtype:int64>,kernel_name:"stack",op_name:"pd_op.stack",origin_id:3120,stop_gradient:[true]} : (vec[custom_device_tensor<i64>]) -> custom_device_tensor<1xi64>
        (%1456) = "builtin.combine" [id:3121] (%1453) {origin_id:1200,stop_gradient:[true]} : (custom_device_tensor<i64>) -> vec[custom_device_tensor<i64>]
        (%1457) = "stack(phi_kernel)" (%1456) {axis:0,kernel_key:<backend:mlu|layout:NCHW|dtype:int64>,kernel_name:"stack",op_name:"pd_op.stack",origin_id:3122,stop_gradient:[true]} : (vec[custom_device_tensor<i64>]) -> custom_device_tensor<1xi64>
        (%1458) = "slice(phi_kernel)" (%1398, %1455, %1457) {axes:[0],decrease_axis:[],infer_flags:[-1],kernel_key:<backend:mlu|layout:NCHW|dtype:float32>,kernel_name:"slice",op_name:"pd_op.slice",origin_id:3123,stop_gradient:[true]} : (custom_device_tensor<-1x6xf32>, custom_device_tensor<1xi64>, custom_device_tensor<1xi64>) -> custom_device_tensor<-1x6xf32>
        (%1459) = "memcpy_d2h(phi_kernel)" (%1443) {dst_place_type:0,kernel_key:<backend:mlu|layout:NCHW|dtype:int64>,kernel_name:"memcpy_d2h",op_name:"pd_op.memcpy_d2h",origin_id:3124} : (custom_device_tensor<i64>) -> cpu_tensor<i64>
        (%1460) = "scale(phi_kernel)" (%1459, %26) {bias:1,bias_after_scale:true,kernel_key:<backend:CPU|layout:NCHW|dtype:int64>,kernel_name:"scale",op_name:"pd_op.scale",origin_id:3125,stop_gradient:[true]} : (cpu_tensor<i64>, cpu_tensor<1xf32>) -> cpu_tensor<i64>
        (%1461) = "builtin.combine" [id:3126] (%1443) {origin_id:1205,stop_gradient:[true]} : (custom_device_tensor<i64>) -> vec[custom_device_tensor<i64>]
        (%1462) = "stack(phi_kernel)" (%1461) {axis:0,kernel_key:<backend:mlu|layout:NCHW|dtype:int64>,kernel_name:"stack",op_name:"pd_op.stack",origin_id:3127,stop_gradient:[true]} : (vec[custom_device_tensor<i64>]) -> custom_device_tensor<1xi64>
        (%1463) = "builtin.combine" [id:3128] (%1460) {origin_id:1207,stop_gradient:[true]} : (cpu_tensor<i64>) -> vec[cpu_tensor<i64>]
        (%1464) = "stack(phi_kernel)" (%1463) {axis:0,kernel_key:<backend:CPU|layout:NCHW|dtype:int64>,kernel_name:"stack",op_name:"pd_op.stack",origin_id:3129,stop_gradient:[true]} : (vec[cpu_tensor<i64>]) -> cpu_tensor<1xi64>
        (%1465) = "slice(phi_kernel)" (%1254, %1462, %1464) {axes:[0],decrease_axis:[0],infer_flags:[-1],kernel_key:<backend:CPU|layout:NCHW|dtype:int32>,kernel_name:"slice",op_name:"pd_op.slice",origin_id:3130,stop_gradient:[true]} : (cpu_tensor<-1xi32>, custom_device_tensor<1xi64>, cpu_tensor<1xi64>) -> cpu_tensor<i32>
        (%1466) = "cast(phi_kernel)" (%1465) {dtype:int64,kernel_key:<backend:CPU|layout:NCHW|dtype:int32>,kernel_name:"cast",op_name:"pd_op.cast",origin_id:3131,stop_gradient:[true]} : (cpu_tensor<i32>) -> cpu_tensor<i64>
        (%1467) = "memcpy_h2d(phi_kernel)" (%1466) {dst_place_type:1,kernel_key:<backend:CUSTOM|layout:NCHW|dtype:int64>,kernel_name:"memcpy_h2d",op_name:"pd_op.memcpy_h2d",origin_id:3132} : (cpu_tensor<i64>) -> custom_device_tensor<i64>
        (%1468) = "add(phi_kernel)" (%arg_27, %1467) {kernel_key:<backend:mlu|layout:NCHW|dtype:int64>,kernel_name:"add",op_name:"pd_op.add",origin_id:3133,stop_gradient:[true]} : (custom_device_tensor<i64>, custom_device_tensor<i64>) -> custom_device_tensor<i64>
        (%1469) = "builtin.combine" [id:3134] (%1468) {origin_id:1214,stop_gradient:[true]} : (custom_device_tensor<i64>) -> vec[custom_device_tensor<i64>]
        (%1470) = "stack(phi_kernel)" (%1469) {axis:0,kernel_key:<backend:mlu|layout:NCHW|dtype:int64>,kernel_name:"stack",op_name:"pd_op.stack",origin_id:3135,stop_gradient:[true]} : (vec[custom_device_tensor<i64>]) -> custom_device_tensor<1xi64>
        (%1471) = "slice(phi_kernel)" (%1055, %1455, %1470) {axes:[0],decrease_axis:[],infer_flags:[-1],kernel_key:<backend:mlu|layout:NCHW|dtype:float32>,kernel_name:"slice",op_name:"pd_op.slice",origin_id:3136,stop_gradient:[true]} : (custom_device_tensor<-1x-1x-1xf32>, custom_device_tensor<1xi64>, custom_device_tensor<1xi64>) -> custom_device_tensor<-1x-1x-1xf32>
        (%1472) = "memcpy_d2h(phi_kernel)" (%1443) {dst_place_type:0,kernel_key:<backend:mlu|layout:NCHW|dtype:int64>,kernel_name:"memcpy_d2h",op_name:"pd_op.memcpy_d2h",origin_id:3137} : (custom_device_tensor<i64>) -> cpu_tensor<i64>
        (%1473) = "scale(phi_kernel)" (%1472, %26) {bias:1,bias_after_scale:true,kernel_key:<backend:CPU|layout:NCHW|dtype:int64>,kernel_name:"scale",op_name:"pd_op.scale",origin_id:3138,stop_gradient:[true]} : (cpu_tensor<i64>, cpu_tensor<1xf32>) -> cpu_tensor<i64>
        (%1474) = "builtin.combine" [id:3139] (%1443, %21) {origin_id:1225,stop_gradient:[true]} : (custom_device_tensor<i64>, cpu_tensor<i64>) -> vec[custom_device_tensor<i64>,cpu_tensor<i64>]
        (%1475) = "memcpy_h2d(phi_kernel)" (%21) {dst_place_type:1,kernel_key:<backend:CUSTOM|layout:NCHW|dtype:int64>,kernel_name:"memcpy_h2d",op_name:"pd_op.memcpy_h2d",origin_id:3140,persistable:[true]} : (cpu_tensor<i64>) -> custom_device_tensor<i64>
        (%1476) = "builtin.combine" [id:3141] (%1443, %1475) {origin_id:3141} : (custom_device_tensor<i64>, custom_device_tensor<i64>) -> vec[custom_device_tensor<i64>,custom_device_tensor<i64>]
        (%1477) = "stack(phi_kernel)" (%1476) {axis:0,kernel_key:<backend:mlu|layout:NCHW|dtype:int64>,kernel_name:"stack",op_name:"pd_op.stack",origin_id:3142,stop_gradient:[true]} : (vec[custom_device_tensor<i64>,custom_device_tensor<i64>]) -> custom_device_tensor<2xi64>
        (%1478) = "builtin.combine" [id:3143] (%1473, %20) {origin_id:1227,stop_gradient:[true]} : (cpu_tensor<i64>, cpu_tensor<i64>) -> vec[cpu_tensor<i64>,cpu_tensor<i64>]
        (%1479) = "stack(phi_kernel)" (%1478) {axis:0,kernel_key:<backend:CPU|layout:NCHW|dtype:int64>,kernel_name:"stack",op_name:"pd_op.stack",origin_id:3144,stop_gradient:[true]} : (vec[cpu_tensor<i64>,cpu_tensor<i64>]) -> cpu_tensor<2xi64>
        (%1480) = "slice(phi_kernel)" (%1401, %1477, %1479) {axes:[0,1],decrease_axis:[0,1],infer_flags:[-1,1],kernel_key:<backend:CPU|layout:NCHW|dtype:int32>,kernel_name:"slice",op_name:"pd_op.slice",origin_id:3145,stop_gradient:[true]} : (cpu_tensor<-1x2xi32>, custom_device_tensor<2xi64>, cpu_tensor<2xi64>) -> cpu_tensor<i32>
        (%1481) = "memcpy_d2h(phi_kernel)" (%1443) {dst_place_type:0,kernel_key:<backend:mlu|layout:NCHW|dtype:int64>,kernel_name:"memcpy_d2h",op_name:"pd_op.memcpy_d2h",origin_id:3146} : (custom_device_tensor<i64>) -> cpu_tensor<i64>
        (%1482) = "scale(phi_kernel)" (%1481, %26) {bias:1,bias_after_scale:true,kernel_key:<backend:CPU|layout:NCHW|dtype:int64>,kernel_name:"scale",op_name:"pd_op.scale",origin_id:3147,stop_gradient:[true]} : (cpu_tensor<i64>, cpu_tensor<1xf32>) -> cpu_tensor<i64>
        (%1483) = "builtin.combine" [id:3148] (%1443, %20) {origin_id:1238,stop_gradient:[true]} : (custom_device_tensor<i64>, cpu_tensor<i64>) -> vec[custom_device_tensor<i64>,cpu_tensor<i64>]
        (%1484) = "memcpy_h2d(phi_kernel)" (%20) {dst_place_type:1,kernel_key:<backend:CUSTOM|layout:NCHW|dtype:int64>,kernel_name:"memcpy_h2d",op_name:"pd_op.memcpy_h2d",origin_id:3149,persistable:[true]} : (cpu_tensor<i64>) -> custom_device_tensor<i64>
        (%1485) = "builtin.combine" [id:3150] (%1443, %1484) {origin_id:3150} : (custom_device_tensor<i64>, custom_device_tensor<i64>) -> vec[custom_device_tensor<i64>,custom_device_tensor<i64>]
        (%1486) = "stack(phi_kernel)" (%1485) {axis:0,kernel_key:<backend:mlu|layout:NCHW|dtype:int64>,kernel_name:"stack",op_name:"pd_op.stack",origin_id:3151,stop_gradient:[true]} : (vec[custom_device_tensor<i64>,custom_device_tensor<i64>]) -> custom_device_tensor<2xi64>
        (%1487) = "builtin.combine" [id:3152] (%1482, %4) {origin_id:1240,stop_gradient:[true]} : (cpu_tensor<i64>, cpu_tensor<i64>) -> vec[cpu_tensor<i64>,cpu_tensor<i64>]
        (%1488) = "stack(phi_kernel)" (%1487) {axis:0,kernel_key:<backend:CPU|layout:NCHW|dtype:int64>,kernel_name:"stack",op_name:"pd_op.stack",origin_id:3153,stop_gradient:[true]} : (vec[cpu_tensor<i64>,cpu_tensor<i64>]) -> cpu_tensor<2xi64>
        (%1489) = "slice(phi_kernel)" (%1401, %1486, %1488) {axes:[0,1],decrease_axis:[0,1],infer_flags:[-1,1],kernel_key:<backend:CPU|layout:NCHW|dtype:int32>,kernel_name:"slice",op_name:"pd_op.slice",origin_id:3154,stop_gradient:[true]} : (cpu_tensor<-1x2xi32>, custom_device_tensor<2xi64>, cpu_tensor<2xi64>) -> cpu_tensor<i32>
        (%1490) = "unsqueeze(phi_kernel)" (%1471, %43) {kernel_key:<backend:mlu|layout:NCHW|dtype:float32>,kernel_name:"unsqueeze",op_name:"pd_op.unsqueeze",origin_id:3155,stop_gradient:[true]} : (custom_device_tensor<-1x-1x-1xf32>, cpu_tensor<1xi64>) -> custom_device_tensor<-1x1x-1x-1xf32>
        (%1491) = "slice(phi_kernel)" (%1458, %52, %36) {axes:[1],decrease_axis:[],infer_flags:[1],kernel_key:<backend:mlu|layout:NCHW|dtype:float32>,kernel_name:"slice",op_name:"pd_op.slice",origin_id:3156,stop_gradient:[true]} : (custom_device_tensor<-1x6xf32>, cpu_tensor<1xi64>, cpu_tensor<1xi64>) -> custom_device_tensor<-1x4xf32>
        (%1492) = "split_with_num(phi_kernel)" (%1491, %23) {kernel_key:<backend:mlu|layout:NCHW|dtype:float32>,kernel_name:"split_with_num",num:4,op_name:"pd_op.split_with_num",origin_id:3157,stop_gradient:[true]} : (custom_device_tensor<-1x4xf32>, cpu_tensor<1xi32>) -> vec[custom_device_tensor<-1x1xf32>,custom_device_tensor<-1x1xf32>,custom_device_tensor<-1x1xf32>,custom_device_tensor<-1x1xf32>]
        (%1493, %1494, %1495, %1496) = "builtin.split" [id:3158] (%1492) {origin_id:1250,stop_gradient:[true,true,true,true]} : (vec[custom_device_tensor<-1x1xf32>,custom_device_tensor<-1x1xf32>,custom_device_tensor<-1x1xf32>,custom_device_tensor<-1x1xf32>]) -> custom_device_tensor<-1x1xf32>, custom_device_tensor<-1x1xf32>, custom_device_tensor<-1x1xf32>, custom_device_tensor<-1x1xf32>
        (%1497) = "shape64(phi_kernel)" (%1490) {kernel_key:<backend:mlu|layout:NCHW|dtype:float32>,kernel_name:"shape64",op_name:"pd_op.shape64",origin_id:3159,stop_gradient:[true]} : (custom_device_tensor<-1x1x-1x-1xf32>) -> cpu_tensor<4xi64>
        (%1498) = "slice(phi_kernel)" (%1497, %44, %43) {axes:[0],decrease_axis:[0],infer_flags:[1],kernel_key:<backend:CPU|layout:NCHW|dtype:int64>,kernel_name:"slice",op_name:"pd_op.slice",origin_id:3160,stop_gradient:[true]} : (cpu_tensor<4xi64>, cpu_tensor<1xi64>, cpu_tensor<1xi64>) -> cpu_tensor<i64>
        (%1499) = "cast(phi_kernel)" (%1480) {dtype:int64,kernel_key:<backend:CPU|layout:NCHW|dtype:int32>,kernel_name:"cast",op_name:"pd_op.cast",origin_id:3161,stop_gradient:[true]} : (cpu_tensor<i32>) -> cpu_tensor<i64>
        (%1500) = "arange(phi_kernel)" (%42, %1499, %41) {dtype:int64,kernel_key:<backend:mlu|layout:Undefined(AnyLayout)|dtype:int64>,kernel_name:"arange",op_name:"pd_op.arange",origin_id:3162,place:Place(undefined:0),stop_gradient:[true]} : (cpu_tensor<1xi64>, cpu_tensor<i64>, cpu_tensor<1xi64>) -> custom_device_tensor<-1xi64>
        (%1501) = "cast(phi_kernel)" (%1500) {dtype:float32,kernel_key:<backend:mlu|layout:NCHW|dtype:int64>,kernel_name:"cast",op_name:"pd_op.cast",origin_id:3163,stop_gradient:[true]} : (custom_device_tensor<-1xi64>) -> custom_device_tensor<-1xf32>
        (%1502) = "scale(phi_kernel)" (%1501, %26) {bias:0.5,bias_after_scale:true,kernel_key:<backend:mlu|layout:NCHW|dtype:float32>,kernel_name:"scale",op_name:"pd_op.scale",origin_id:3164,stop_gradient:[true]} : (custom_device_tensor<-1xf32>, cpu_tensor<1xf32>) -> custom_device_tensor<-1xf32>
        (%1503) = "cast(phi_kernel)" (%1489) {dtype:int64,kernel_key:<backend:CPU|layout:NCHW|dtype:int32>,kernel_name:"cast",op_name:"pd_op.cast",origin_id:3165,stop_gradient:[true]} : (cpu_tensor<i32>) -> cpu_tensor<i64>
        (%1504) = "arange(phi_kernel)" (%42, %1503, %41) {dtype:int64,kernel_key:<backend:mlu|layout:Undefined(AnyLayout)|dtype:int64>,kernel_name:"arange",op_name:"pd_op.arange",origin_id:3166,place:Place(undefined:0),stop_gradient:[true]} : (cpu_tensor<1xi64>, cpu_tensor<i64>, cpu_tensor<1xi64>) -> custom_device_tensor<-1xi64>
        (%1505) = "cast(phi_kernel)" (%1504) {dtype:float32,kernel_key:<backend:mlu|layout:NCHW|dtype:int64>,kernel_name:"cast",op_name:"pd_op.cast",origin_id:3167,stop_gradient:[true]} : (custom_device_tensor<-1xi64>) -> custom_device_tensor<-1xf32>
        (%1506) = "scale(phi_kernel)" (%1505, %26) {bias:0.5,bias_after_scale:true,kernel_key:<backend:mlu|layout:NCHW|dtype:float32>,kernel_name:"scale",op_name:"pd_op.scale",origin_id:3168,stop_gradient:[true]} : (custom_device_tensor<-1xf32>, cpu_tensor<1xf32>) -> custom_device_tensor<-1xf32>
        (%1507) = "subtract(phi_kernel)" (%1502, %1494) {kernel_key:<backend:mlu|layout:NCHW|dtype:float32>,kernel_name:"subtract",op_name:"pd_op.subtract",origin_id:3169,stop_gradient:[true]} : (custom_device_tensor<-1xf32>, custom_device_tensor<-1x1xf32>) -> custom_device_tensor<-1x-1xf32>
        (%1508) = "subtract(phi_kernel)" (%1496, %1494) {kernel_key:<backend:mlu|layout:NCHW|dtype:float32>,kernel_name:"subtract",op_name:"pd_op.subtract",origin_id:3170,stop_gradient:[true]} : (custom_device_tensor<-1x1xf32>, custom_device_tensor<-1x1xf32>) -> custom_device_tensor<-1x1xf32>
        (%1509) = "divide(phi_kernel)" (%1507, %1508) {kernel_key:<backend:mlu|layout:NCHW|dtype:float32>,kernel_name:"divide",op_name:"pd_op.divide",origin_id:3171,stop_gradient:[true]} : (custom_device_tensor<-1x-1xf32>, custom_device_tensor<-1x1xf32>) -> custom_device_tensor<-1x-1xf32>
        (%1510) = "scale(phi_kernel)" (%1509, %3) {bias:0,bias_after_scale:true,kernel_key:<backend:mlu|layout:NCHW|dtype:float32>,kernel_name:"scale",op_name:"pd_op.scale",origin_id:3172,stop_gradient:[true]} : (custom_device_tensor<-1x-1xf32>, cpu_tensor<1xf32>) -> custom_device_tensor<-1x-1xf32>
        (%1511) = "scale(phi_kernel)" (%1510, %26) {bias:-1,bias_after_scale:true,kernel_key:<backend:mlu|layout:NCHW|dtype:float32>,kernel_name:"scale",op_name:"pd_op.scale",origin_id:3173,stop_gradient:[true]} : (custom_device_tensor<-1x-1xf32>, cpu_tensor<1xf32>) -> custom_device_tensor<-1x-1xf32>
        (%1512) = "subtract(phi_kernel)" (%1506, %1493) {kernel_key:<backend:mlu|layout:NCHW|dtype:float32>,kernel_name:"subtract",op_name:"pd_op.subtract",origin_id:3174,stop_gradient:[true]} : (custom_device_tensor<-1xf32>, custom_device_tensor<-1x1xf32>) -> custom_device_tensor<-1x-1xf32>
        (%1513) = "subtract(phi_kernel)" (%1495, %1493) {kernel_key:<backend:mlu|layout:NCHW|dtype:float32>,kernel_name:"subtract",op_name:"pd_op.subtract",origin_id:3175,stop_gradient:[true]} : (custom_device_tensor<-1x1xf32>, custom_device_tensor<-1x1xf32>) -> custom_device_tensor<-1x1xf32>
        (%1514) = "divide(phi_kernel)" (%1512, %1513) {kernel_key:<backend:mlu|layout:NCHW|dtype:float32>,kernel_name:"divide",op_name:"pd_op.divide",origin_id:3176,stop_gradient:[true]} : (custom_device_tensor<-1x-1xf32>, custom_device_tensor<-1x1xf32>) -> custom_device_tensor<-1x-1xf32>
        (%1515) = "scale(phi_kernel)" (%1514, %3) {bias:0,bias_after_scale:true,kernel_key:<backend:mlu|layout:NCHW|dtype:float32>,kernel_name:"scale",op_name:"pd_op.scale",origin_id:3177,stop_gradient:[true]} : (custom_device_tensor<-1x-1xf32>, cpu_tensor<1xf32>) -> custom_device_tensor<-1x-1xf32>
        (%1516) = "scale(phi_kernel)" (%1515, %26) {bias:-1,bias_after_scale:true,kernel_key:<backend:mlu|layout:NCHW|dtype:float32>,kernel_name:"scale",op_name:"pd_op.scale",origin_id:3178,stop_gradient:[true]} : (custom_device_tensor<-1x-1xf32>, cpu_tensor<1xf32>) -> custom_device_tensor<-1x-1xf32>
        (%1517) = "unsqueeze(phi_kernel)" (%1516, %43) {kernel_key:<backend:mlu|layout:NCHW|dtype:float32>,kernel_name:"unsqueeze",op_name:"pd_op.unsqueeze",origin_id:3179,stop_gradient:[true]} : (custom_device_tensor<-1x-1xf32>, cpu_tensor<1xi64>) -> custom_device_tensor<-1x1x-1xf32>
        (%1518) = "shape64(phi_kernel)" (%1511) {kernel_key:<backend:mlu|layout:NCHW|dtype:float32>,kernel_name:"shape64",op_name:"pd_op.shape64",origin_id:3180,stop_gradient:[true]} : (custom_device_tensor<-1x-1xf32>) -> cpu_tensor<2xi64>
        (%1519) = "slice(phi_kernel)" (%1518, %43, %52) {axes:[0],decrease_axis:[0],infer_flags:[1],kernel_key:<backend:CPU|layout:NCHW|dtype:int64>,kernel_name:"slice",op_name:"pd_op.slice",origin_id:3181,stop_gradient:[true]} : (cpu_tensor<2xi64>, cpu_tensor<1xi64>, cpu_tensor<1xi64>) -> cpu_tensor<i64>
        (%1520) = "shape64(phi_kernel)" (%1516) {kernel_key:<backend:mlu|layout:NCHW|dtype:float32>,kernel_name:"shape64",op_name:"pd_op.shape64",origin_id:3182,stop_gradient:[true]} : (custom_device_tensor<-1x-1xf32>) -> cpu_tensor<2xi64>
        (%1521) = "slice(phi_kernel)" (%1520, %43, %52) {axes:[0],decrease_axis:[0],infer_flags:[1],kernel_key:<backend:CPU|layout:NCHW|dtype:int64>,kernel_name:"slice",op_name:"pd_op.slice",origin_id:3183,stop_gradient:[true]} : (cpu_tensor<2xi64>, cpu_tensor<1xi64>, cpu_tensor<1xi64>) -> cpu_tensor<i64>
        (%1522) = "builtin.combine" [id:3184] (%1498, %1519, %1521) {origin_id:1305,stop_gradient:[true]} : (cpu_tensor<i64>, cpu_tensor<i64>, cpu_tensor<i64>) -> vec[cpu_tensor<i64>,cpu_tensor<i64>,cpu_tensor<i64>]
        (%1523) = "stack(phi_kernel)" (%1522) {axis:0,kernel_key:<backend:CPU|layout:NCHW|dtype:int64>,kernel_name:"stack",op_name:"pd_op.stack",origin_id:3185,stop_gradient:[true]} : (vec[cpu_tensor<i64>,cpu_tensor<i64>,cpu_tensor<i64>]) -> cpu_tensor<3xi64>
        (%1524) = "expand(phi_kernel)" (%1517, %1523) {kernel_key:<backend:mlu|layout:NCHW|dtype:float32>,kernel_name:"expand",op_name:"pd_op.expand",origin_id:3186,stop_gradient:[true]} : (custom_device_tensor<-1x1x-1xf32>, cpu_tensor<3xi64>) -> custom_device_tensor<-1x-1x-1xf32>
        (%1525) = "unsqueeze(phi_kernel)" (%1511, %52) {kernel_key:<backend:mlu|layout:NCHW|dtype:float32>,kernel_name:"unsqueeze",op_name:"pd_op.unsqueeze",origin_id:3187,stop_gradient:[true]} : (custom_device_tensor<-1x-1xf32>, cpu_tensor<1xi64>) -> custom_device_tensor<-1x-1x1xf32>
        (%1526) = "shape64(phi_kernel)" (%1511) {kernel_key:<backend:mlu|layout:NCHW|dtype:float32>,kernel_name:"shape64",op_name:"pd_op.shape64",origin_id:3188,stop_gradient:[true]} : (custom_device_tensor<-1x-1xf32>) -> cpu_tensor<2xi64>
        (%1527) = "slice(phi_kernel)" (%1526, %43, %52) {axes:[0],decrease_axis:[0],infer_flags:[1],kernel_key:<backend:CPU|layout:NCHW|dtype:int64>,kernel_name:"slice",op_name:"pd_op.slice",origin_id:3189,stop_gradient:[true]} : (cpu_tensor<2xi64>, cpu_tensor<1xi64>, cpu_tensor<1xi64>) -> cpu_tensor<i64>
        (%1528) = "shape64(phi_kernel)" (%1516) {kernel_key:<backend:mlu|layout:NCHW|dtype:float32>,kernel_name:"shape64",op_name:"pd_op.shape64",origin_id:3190,stop_gradient:[true]} : (custom_device_tensor<-1x-1xf32>) -> cpu_tensor<2xi64>
        (%1529) = "slice(phi_kernel)" (%1528, %43, %52) {axes:[0],decrease_axis:[0],infer_flags:[1],kernel_key:<backend:CPU|layout:NCHW|dtype:int64>,kernel_name:"slice",op_name:"pd_op.slice",origin_id:3191,stop_gradient:[true]} : (cpu_tensor<2xi64>, cpu_tensor<1xi64>, cpu_tensor<1xi64>) -> cpu_tensor<i64>
        (%1530) = "builtin.combine" [id:3192] (%1498, %1527, %1529) {origin_id:1324,stop_gradient:[true]} : (cpu_tensor<i64>, cpu_tensor<i64>, cpu_tensor<i64>) -> vec[cpu_tensor<i64>,cpu_tensor<i64>,cpu_tensor<i64>]
        (%1531) = "stack(phi_kernel)" (%1530) {axis:0,kernel_key:<backend:CPU|layout:NCHW|dtype:int64>,kernel_name:"stack",op_name:"pd_op.stack",origin_id:3193,stop_gradient:[true]} : (vec[cpu_tensor<i64>,cpu_tensor<i64>,cpu_tensor<i64>]) -> cpu_tensor<3xi64>
        (%1532) = "expand(phi_kernel)" (%1525, %1531) {kernel_key:<backend:mlu|layout:NCHW|dtype:float32>,kernel_name:"expand",op_name:"pd_op.expand",origin_id:3194,stop_gradient:[true]} : (custom_device_tensor<-1x-1x1xf32>, cpu_tensor<3xi64>) -> custom_device_tensor<-1x-1x-1xf32>
        (%1533) = "builtin.combine" [id:3195] (%1524, %1532) {origin_id:1327,stop_gradient:[true]} : (custom_device_tensor<-1x-1x-1xf32>, custom_device_tensor<-1x-1x-1xf32>) -> vec[custom_device_tensor<-1x-1x-1xf32>,custom_device_tensor<-1x-1x-1xf32>]
        (%1534) = "stack(phi_kernel)" (%1533) {axis:3,kernel_key:<backend:mlu|layout:NCHW|dtype:float32>,kernel_name:"stack",op_name:"pd_op.stack",origin_id:3196,stop_gradient:[true]} : (vec[custom_device_tensor<-1x-1x-1xf32>,custom_device_tensor<-1x-1x-1xf32>]) -> custom_device_tensor<-1x-1x-1x2xf32>
        (%1535) = "grid_sample(phi_kernel)" (%1490, %1534) {align_corners:false,kernel_key:<backend:mlu|layout:NCHW|dtype:float32>,kernel_name:"grid_sample",mode:"bilinear",op_name:"pd_op.grid_sample",origin_id:3197,padding_mode:"zeros",stop_gradient:[true]} : (custom_device_tensor<-1x1x-1x-1xf32>, custom_device_tensor<-1x-1x-1x2xf32>) -> custom_device_tensor<-1x1x-1x-1xf32>
        (%1536) = "slice(phi_kernel)" (%1535, %44, %43) {axes:[1],decrease_axis:[1],infer_flags:[1],kernel_key:<backend:mlu|layout:NCHW|dtype:float32>,kernel_name:"slice",op_name:"pd_op.slice",origin_id:3198,stop_gradient:[true]} : (custom_device_tensor<-1x1x-1x-1xf32>, cpu_tensor<1xi64>, cpu_tensor<1xi64>) -> custom_device_tensor<-1x-1x-1xf32>
        (%1537) = "greater_equal(phi_kernel)" (%1536, %2) {kernel_key:<backend:mlu|layout:NCHW|dtype:float32>,kernel_name:"greater_equal",op_name:"pd_op.greater_equal",origin_id:3199,stop_gradient:[true]} : (custom_device_tensor<-1x-1x-1xf32>, custom_device_tensor<f32>) -> custom_device_tensor<-1x-1x-1xb>
        (%1538) = "cast(phi_kernel)" (%1537) {dtype:int32,kernel_key:<backend:mlu|layout:NCHW|dtype:bool>,kernel_name:"cast",op_name:"pd_op.cast",origin_id:3200,stop_gradient:[true]} : (custom_device_tensor<-1x-1x-1xb>) -> custom_device_tensor<-1x-1x-1xi32>
        (%1539) = "memcpy_d2h(phi_kernel)" (%1443) {dst_place_type:0,kernel_key:<backend:mlu|layout:NCHW|dtype:int64>,kernel_name:"memcpy_d2h",op_name:"pd_op.memcpy_d2h",origin_id:3201} : (custom_device_tensor<i64>) -> cpu_tensor<i64>
        (%1540) = "scale(phi_kernel)" (%1539, %26) {bias:1,bias_after_scale:true,kernel_key:<backend:CPU|layout:NCHW|dtype:int64>,kernel_name:"scale",op_name:"pd_op.scale",origin_id:3202,stop_gradient:[true]} : (cpu_tensor<i64>, cpu_tensor<1xf32>) -> cpu_tensor<i64>
        (%1541) = "builtin.combine" [id:3203] (%1443) {origin_id:1338,stop_gradient:[true]} : (custom_device_tensor<i64>) -> vec[custom_device_tensor<i64>]
        (%1542) = "stack(phi_kernel)" (%1541) {axis:0,kernel_key:<backend:mlu|layout:NCHW|dtype:int64>,kernel_name:"stack",op_name:"pd_op.stack",origin_id:3204,stop_gradient:[true]} : (vec[custom_device_tensor<i64>]) -> custom_device_tensor<1xi64>
        (%1543) = "builtin.combine" [id:3205] (%1540) {origin_id:1340,stop_gradient:[true]} : (cpu_tensor<i64>) -> vec[cpu_tensor<i64>]
        (%1544) = "stack(phi_kernel)" (%1543) {axis:0,kernel_key:<backend:CPU|layout:NCHW|dtype:int64>,kernel_name:"stack",op_name:"pd_op.stack",origin_id:3206,stop_gradient:[true]} : (vec[cpu_tensor<i64>]) -> cpu_tensor<1xi64>
        (%1545) = "slice(phi_kernel)" (%1254, %1542, %1544) {axes:[0],decrease_axis:[0],infer_flags:[-1],kernel_key:<backend:CPU|layout:NCHW|dtype:int32>,kernel_name:"slice",op_name:"pd_op.slice",origin_id:3207,stop_gradient:[true]} : (cpu_tensor<-1xi32>, custom_device_tensor<1xi64>, cpu_tensor<1xi64>) -> cpu_tensor<i32>
        (%1546) = "cast(phi_kernel)" (%1545) {dtype:int64,kernel_key:<backend:CPU|layout:NCHW|dtype:int32>,kernel_name:"cast",op_name:"pd_op.cast",origin_id:3208,stop_gradient:[true]} : (cpu_tensor<i32>) -> cpu_tensor<i64>
        (%1547) = "memcpy_h2d(phi_kernel)" (%1546) {dst_place_type:1,kernel_key:<backend:CUSTOM|layout:NCHW|dtype:int64>,kernel_name:"memcpy_h2d",op_name:"pd_op.memcpy_h2d",origin_id:3209} : (cpu_tensor<i64>) -> custom_device_tensor<i64>
        (%1548) = "add(phi_kernel)" (%arg_27, %1547) {kernel_key:<backend:mlu|layout:NCHW|dtype:int64>,kernel_name:"add",op_name:"pd_op.add",origin_id:3210,stop_gradient:[true]} : (custom_device_tensor<i64>, custom_device_tensor<i64>) -> custom_device_tensor<i64>
        (%1549) = "cast(phi_kernel)" (%1480) {dtype:int64,kernel_key:<backend:CPU|layout:NCHW|dtype:int32>,kernel_name:"cast",op_name:"pd_op.cast",origin_id:3211,stop_gradient:[true]} : (cpu_tensor<i32>) -> cpu_tensor<i64>
        (%1550) = "cast(phi_kernel)" (%1489) {dtype:int64,kernel_key:<backend:CPU|layout:NCHW|dtype:int32>,kernel_name:"cast",op_name:"pd_op.cast",origin_id:3212,stop_gradient:[true]} : (cpu_tensor<i32>) -> cpu_tensor<i64>
        (%1551) = "builtin.combine" [id:3213] (%arg_27, %1, %1) {origin_id:1351,stop_gradient:[true]} : (custom_device_tensor<i64>, cpu_tensor<i64>, cpu_tensor<i64>) -> vec[custom_device_tensor<i64>,cpu_tensor<i64>,cpu_tensor<i64>]
        (%1552) = "memcpy_h2d(phi_kernel)" (%1) {dst_place_type:1,kernel_key:<backend:CUSTOM|layout:NCHW|dtype:int64>,kernel_name:"memcpy_h2d",op_name:"pd_op.memcpy_h2d",origin_id:3214,persistable:[true]} : (cpu_tensor<i64>) -> custom_device_tensor<i64>
        (%1553) = "memcpy_h2d(phi_kernel)" (%1) {dst_place_type:1,kernel_key:<backend:CUSTOM|layout:NCHW|dtype:int64>,kernel_name:"memcpy_h2d",op_name:"pd_op.memcpy_h2d",origin_id:3215,persistable:[true]} : (cpu_tensor<i64>) -> custom_device_tensor<i64>
        (%1554) = "builtin.combine" [id:3216] (%arg_27, %1552, %1553) {origin_id:3216} : (custom_device_tensor<i64>, custom_device_tensor<i64>, custom_device_tensor<i64>) -> vec[custom_device_tensor<i64>,custom_device_tensor<i64>,custom_device_tensor<i64>]
        (%1555) = "stack(phi_kernel)" (%1554) {axis:0,kernel_key:<backend:mlu|layout:NCHW|dtype:int64>,kernel_name:"stack",op_name:"pd_op.stack",origin_id:3217,stop_gradient:[true]} : (vec[custom_device_tensor<i64>,custom_device_tensor<i64>,custom_device_tensor<i64>]) -> custom_device_tensor<3xi64>
        (%1556) = "builtin.combine" [id:3218] (%1548, %1549, %1550) {origin_id:1353,stop_gradient:[true]} : (custom_device_tensor<i64>, cpu_tensor<i64>, cpu_tensor<i64>) -> vec[custom_device_tensor<i64>,cpu_tensor<i64>,cpu_tensor<i64>]
        (%1557) = "memcpy_h2d(phi_kernel)" (%1549) {dst_place_type:1,kernel_key:<backend:CUSTOM|layout:NCHW|dtype:int64>,kernel_name:"memcpy_h2d",op_name:"pd_op.memcpy_h2d",origin_id:3219} : (cpu_tensor<i64>) -> custom_device_tensor<i64>
        (%1558) = "memcpy_h2d(phi_kernel)" (%1550) {dst_place_type:1,kernel_key:<backend:CUSTOM|layout:NCHW|dtype:int64>,kernel_name:"memcpy_h2d",op_name:"pd_op.memcpy_h2d",origin_id:3220} : (cpu_tensor<i64>) -> custom_device_tensor<i64>
        (%1559) = "builtin.combine" [id:3221] (%1548, %1557, %1558) {origin_id:3221} : (custom_device_tensor<i64>, custom_device_tensor<i64>, custom_device_tensor<i64>) -> vec[custom_device_tensor<i64>,custom_device_tensor<i64>,custom_device_tensor<i64>]
        (%1560) = "stack(phi_kernel)" (%1559) {axis:0,kernel_key:<backend:mlu|layout:NCHW|dtype:int64>,kernel_name:"stack",op_name:"pd_op.stack",origin_id:3222,stop_gradient:[true]} : (vec[custom_device_tensor<i64>,custom_device_tensor<i64>,custom_device_tensor<i64>]) -> custom_device_tensor<3xi64>
        (%1561) = "memcpy_h2d(phi_kernel)" (%arg_28) {dst_place_type:1,kernel_key:<backend:CUSTOM|layout:NCHW|dtype:int32>,kernel_name:"memcpy_h2d",op_name:"pd_op.memcpy_h2d",origin_id:3223} : (cpu_tensor<-1x-1x-1xi32>) -> custom_device_tensor<-1x-1x-1xi32>
        (%1562) = "set_value_with_tensor_(phi_kernel)" (%1561, %1538, %1555, %1560, %0) {axes:[0,1,2],decrease_axes:[],is_inplace:true,kernel_key:<backend:mlu|layout:NCHW|dtype:int32>,kernel_name:"set_value_with_tensor",none_axes:[],op_name:"pd_op.set_value_with_tensor_",origin_id:3224,stop_gradient:[true]} : (custom_device_tensor<-1x-1x-1xi32>, custom_device_tensor<-1x-1x-1xi32>, custom_device_tensor<3xi64>, custom_device_tensor<3xi64>, cpu_tensor<3xi64>) -> custom_device_tensor<-1x-1x-1xi32>
        (%1563) = "memcpy_d2h(phi_kernel)" (%1443) {dst_place_type:0,kernel_key:<backend:mlu|layout:NCHW|dtype:int64>,kernel_name:"memcpy_d2h",op_name:"pd_op.memcpy_d2h",origin_id:3225} : (custom_device_tensor<i64>) -> cpu_tensor<i64>
        (%1564) = "scale(phi_kernel)" (%1563, %26) {bias:1,bias_after_scale:true,kernel_key:<backend:CPU|layout:NCHW|dtype:int64>,kernel_name:"scale",op_name:"pd_op.scale",origin_id:3226,stop_gradient:[true]} : (cpu_tensor<i64>, cpu_tensor<1xf32>) -> cpu_tensor<i64>
        (%1565) = "builtin.combine" [id:3227] (%1443) {origin_id:1359,stop_gradient:[true]} : (custom_device_tensor<i64>) -> vec[custom_device_tensor<i64>]
        (%1566) = "stack(phi_kernel)" (%1565) {axis:0,kernel_key:<backend:mlu|layout:NCHW|dtype:int64>,kernel_name:"stack",op_name:"pd_op.stack",origin_id:3228,stop_gradient:[true]} : (vec[custom_device_tensor<i64>]) -> custom_device_tensor<1xi64>
        (%1567) = "builtin.combine" [id:3229] (%1564) {origin_id:1361,stop_gradient:[true]} : (cpu_tensor<i64>) -> vec[cpu_tensor<i64>]
        (%1568) = "stack(phi_kernel)" (%1567) {axis:0,kernel_key:<backend:CPU|layout:NCHW|dtype:int64>,kernel_name:"stack",op_name:"pd_op.stack",origin_id:3230,stop_gradient:[true]} : (vec[cpu_tensor<i64>]) -> cpu_tensor<1xi64>
        (%1569) = "slice(phi_kernel)" (%1254, %1566, %1568) {axes:[0],decrease_axis:[0],infer_flags:[-1],kernel_key:<backend:CPU|layout:NCHW|dtype:int32>,kernel_name:"slice",op_name:"pd_op.slice",origin_id:3231,stop_gradient:[true]} : (cpu_tensor<-1xi32>, custom_device_tensor<1xi64>, cpu_tensor<1xi64>) -> cpu_tensor<i32>
        (%1570) = "cast(phi_kernel)" (%1569) {dtype:int64,kernel_key:<backend:CPU|layout:NCHW|dtype:int32>,kernel_name:"cast",op_name:"pd_op.cast",origin_id:3232,stop_gradient:[true]} : (cpu_tensor<i32>) -> cpu_tensor<i64>
        (%1571) = "memcpy_h2d(phi_kernel)" (%1570) {dst_place_type:1,kernel_key:<backend:CUSTOM|layout:NCHW|dtype:int64>,kernel_name:"memcpy_h2d",op_name:"pd_op.memcpy_h2d",origin_id:3233} : (cpu_tensor<i64>) -> custom_device_tensor<i64>
        (%1572) = "add(phi_kernel)" (%arg_27, %1571) {kernel_key:<backend:mlu|layout:NCHW|dtype:int64>,kernel_name:"add",op_name:"pd_op.add",origin_id:3234,stop_gradient:[true]} : (custom_device_tensor<i64>, custom_device_tensor<i64>) -> custom_device_tensor<i64>
        (%1573) = "memcpy_d2h(phi_kernel)" (%arg_26) {dst_place_type:0,kernel_key:<backend:mlu|layout:NCHW|dtype:int64>,kernel_name:"memcpy_d2h",op_name:"pd_op.memcpy_d2h",origin_id:3235} : (custom_device_tensor<i64>) -> cpu_tensor<i64>
        (%1574) = "scale(phi_kernel)" (%1573, %26) {bias:1,bias_after_scale:true,kernel_key:<backend:CPU|layout:NCHW|dtype:int64>,kernel_name:"scale",op_name:"pd_op.scale",origin_id:3236,stop_gradient:[true]} : (cpu_tensor<i64>, cpu_tensor<1xf32>) -> cpu_tensor<i64>
        (%1575) = "less_than(phi_kernel)" (%1574, %1417) {kernel_key:<backend:CPU|layout:NCHW|dtype:int64>,kernel_name:"less_than",op_name:"pd_op.less_than",origin_id:3237,stop_gradient:[true]} : (cpu_tensor<i64>, cpu_tensor<i64>) -> cpu_tensor<b>
        (%1576) = "memcpy_h2d(phi_kernel)" (%1575) {dst_place_type:1,kernel_key:<backend:CUSTOM|layout:Undefined(AnyLayout)|dtype:bool>,kernel_name:"memcpy_h2d",op_name:"pd_op.memcpy_h2d",origin_id:3238} : (cpu_tensor<b>) -> custom_device_tensor<b>
        (%1577) = "memcpy_h2d(phi_kernel)" (%1574) {dst_place_type:1,kernel_key:<backend:CUSTOM|layout:Undefined(AnyLayout)|dtype:int64>,kernel_name:"memcpy_h2d",op_name:"pd_op.memcpy_h2d",origin_id:3239} : (cpu_tensor<i64>) -> custom_device_tensor<i64>
        (%1578) = "memcpy_d2h(phi_kernel)" (%1562) {dst_place_type:0,kernel_key:<backend:mlu|layout:Undefined(AnyLayout)|dtype:int32>,kernel_name:"memcpy_d2h",op_name:"pd_op.memcpy_d2h",origin_id:3240} : (custom_device_tensor<-1x-1x-1xi32>) -> cpu_tensor<-1x-1x-1xi32>
        (%1579) = "memcpy_h2d(phi_kernel)" (%1480) {dst_place_type:1,kernel_key:<backend:CUSTOM|layout:Undefined(AnyLayout)|dtype:int32>,kernel_name:"memcpy_h2d",op_name:"pd_op.memcpy_h2d",origin_id:3241} : (cpu_tensor<i32>) -> custom_device_tensor<i32>
        (%1580) = "memcpy_h2d(phi_kernel)" (%1489) {dst_place_type:1,kernel_key:<backend:CUSTOM|layout:Undefined(AnyLayout)|dtype:int32>,kernel_name:"memcpy_h2d",op_name:"pd_op.memcpy_h2d",origin_id:3242} : (cpu_tensor<i32>) -> custom_device_tensor<i32>
        () = "cf.yield" [id:3243] (%1576, %1577, %1572, %1578, %1458, %1443, %1579, %1580, %1471, %1538) {origin_id:1369} : (custom_device_tensor<b>, custom_device_tensor<i64>, custom_device_tensor<i64>, cpu_tensor<-1x-1x-1xi32>, custom_device_tensor<-1x6xf32>, custom_device_tensor<i64>, custom_device_tensor<i32>, custom_device_tensor<i32>, custom_device_tensor<-1x-1x-1xf32>, custom_device_tensor<-1x-1x-1xi32>) -> 
    }
    () = "builtin.shadow_output" [id:3244] (%1398) {origin_id:1785,output_name:"fetch_name_0"} : (custom_device_tensor<-1x6xf32>) -> 
    () = "builtin.shadow_output" [id:3245] (%1254) {origin_id:1786,output_name:"fetch_name_1"} : (cpu_tensor<-1xi32>) -> 
    () = "builtin.shadow_output" [id:3246] (%1430) {origin_id:1787,output_name:"fetch_name_2"} : (cpu_tensor<-1x-1x-1xi32>) -> 
}